name,description,category,rating,review_count,address,City,phone,website,email,latitude,longitude,social_media,photo_urls,url,scraped_at,open_hours,accessibility,Emails,Facebook,Instagram,YouTube,Twitter,LinkedIn
Kori Cafe Bar,Add missing information,Cafe bar,4.4,888.0,"Elias, Veria 591 32, Greece",Veria,+30 2331 064000,,,40.5231198,22.2076737,,"[""https://lh3.googleusercontent.com/gps-cs-s/AC9h4noW0pzHVrQWzRTMCCMPBktnrrp8aXgFVQy1G2vF6eCSAEXpDsNpXaYc2HopbJ2hnrXNgYnlV2iT9RF9Zv8t5eCLc49W6sdBvEaYkSEZKvrY4kfSQS9s_oE28w-3ndsGrPeLXiH3rg=w1200-h800"", ""https://lh3.googleusercontent.com/gps-cs-s/AC9h4nr9AGSGrjAOikScMcG0UDoDEmMnx84o2XXA9LJwm7wuS-Jd8Fk8iIC1DrH38uxiiw7VeDtERAQ0Kah3_qU7m_4jr5tXCC2EYzMk9shBcXVzdYkYrVP4J6fY-IeI4SkW938n2foA=w1200-h800"", ""https://lh3.googleusercontent.com/gps-cs-s/AC9h4nqSt_MC5Vc-0VMe8oTuFtJaqyzIZoJ-njNh-flbQTA0EqcKNO4mR4LktMRkvdwWCOdoTCOiypPdD3Il_-nmjtSpHgeamIfpsArzcptmSdQN7lMqlIu9hGthJ4ijAEd-0E6QqIQ3=w1200-h800"", ""https://lh3.googleusercontent.com/gps-cs-s/AC9h4npFq4OmsdleX8yYcN8rWk9NwR1-zPUOaiGMW13wVXuBYeq0ZSTzhylMTLajQzTbTiu8xoYd2a35xIW3P07HHJYeKwNVqNW8l42u35SitGubIQU1ANQSaeICw8A0tfX7MxiigpK1=w1200-h800"", ""https://lh3.googleusercontent.com/gps-cs-s/AC9h4nrVrzBiGAKutATb6LbY_EqDdm2z4u72NWJlpumNNGiBmor57pccTzFD8FxZfB1rRTYtb1bxWb1_n9hgCy-Hc4NBLw1397VtSSpHwWEKIeUWVRe9kVUl44hxTfq5lyExUMDyKiJ5xQ=w1200-h800"", ""https://lh3.googleusercontent.com/gps-cs-s/AC9h4nqkjhPujAEAD8Oznc1qBzRGB7v7cnMNgNSOx7Q_YAxOGzuN3RdBMoz-tQh-saIZFj7P2o9Lrvx67DcMwNpJrko5HlutUGt7sfwgRkDZ9b8w3BxbdbmubSpgzGr323z82zaatLmraQ=w1200-h800"", ""https://lh3.googleusercontent.com/gps-cs-s/AC9h4nqsU31ERuHSO2IrmwGdAGpVeu3NycuBIZh9DWNCwdaEtnZkjJGF_oltaNhNnnaPjDSFvYK4a2o9KVGgCV71FAxBkmH4I2TfD4BuTiuok324Fx4U4VwZifle6KuzCH_EcsDcTww_kg=w1200-h800"", ""https://lh3.googleusercontent.com/gps-cs-s/AC9h4nqkgCYsVWdW2qYr70M9n31bxIRj9DFvBIcg3kmJtNGj5sjWDdueOc1CExGvjYUXK1oXX_PTylbYJs7Kf5mPa1HaTGvwSh1hvPMVApMmCBKIZoBisY6N_QkdOpmgTkcdmMNCP7fj=w1200-h800"", ""https://lh3.googleusercontent.com/a-/ALV-UjXmaPor9tAlfVYNbXTELs6BxbJFAig7SazWWXogQwvuLlQz0SPCkQ=w1200-h800"", ""https://lh3.googleusercontent.com/a/ACg8ocLVMDoF8_Iv83nNasemXxPGQvypbYOzmlsW6H87VyC_3daSuQ=w1200-h800""]",https://www.google.com/maps/place/%E2%80%9CKori+Cafe+Bar%E2%80%9D+%CE%96%CE%B9%CE%B1%CE%BC%CF%80%CE%BF%CF%8D%CE%BB%CE%B7%CF%82+%26+%CE%A3%CE%99%CE%91+%CE%9F.%CE%95./data=!4m7!3m6!1s0x1357929cf1561b3d:0xf0b778975095200d!8m2!3d40.5231198!4d22.2076737!16s%2Fg%2F11fz7tsf3_!19sChIJPRtW8ZySVxMRDSCVUJd4t_A?authuser=0&hl=en&rclk=1,2025-09-06T09:17:38.141912,Saturday: 9 am–3 am; Sunday: 9 am–3 am; Monday: 9 am–3 am; Tuesday: 9 am–3 am; Wednesday: 9 am–3 am; Thursday: 9 am–3 am; Friday: 9 am–3 am,,,,,,,
Original Espresso Bar ,Add missing information,Coffee shop,4.7,147.0,"28is Oktovriou 6, Veria 591 32, Greece",Veria,+30 697 059 1400,,,40.5227723,22.2061218,,"[""https://lh3.googleusercontent.com/gps-cs-s/AC9h4nrJNYz5qLGJymKF-Ft6OmVfUC4uC5ykvbihVZ4oIrZs3pGqkjAmhEFViH4qAvezLLr_T4JsqvLxE_CWLROz81dWaX_pEPwBOkr6I31WS8mYlE47nH45A2PbNS-CLjADG1Jo9WVt=w1200-h800"", ""https://lh3.googleusercontent.com/gps-cs-s/AC9h4nqqGH3SOBVFNmlMD74e9ywh2pc1M35-TdBHKi3akjEPsfdW1m1gY75WCDdk6W1CuF8wox4eVMfhqlTGj1u4NTmyhW9ZZIn5S9714Ew5sWr7z-NFBcvM47dxseIY8ytmNWF0ZYVU=w1200-h800"", ""https://lh3.googleusercontent.com/gps-cs-s/AC9h4nqJOltB1GnRe5w4ZO-wsZNVIzZiqTzEsNciJwP2rnCV7KqN_CLPXPayAuF4sduCs_owjwGtmGpiY4wAqlG47GsGp5y5pml7M2sxj6PlmFjFw9KTguh3DL6haEYxx_Sprmehs2hlsw=w1200-h800"", ""https://lh3.googleusercontent.com/a-/ALV-UjU1rPhpFSUFFebFowigNkcBYa5YLzhV6AwfRObGt6Ztn-TipQpv=w1200-h800"", ""https://lh3.googleusercontent.com/a/ACg8ocIVF9WmLrsZF64d8YcvrUkSxk6zxQzZkCtzXYntkDE7U3X9gg=w1200-h800"", ""https://lh3.googleusercontent.com/a/ACg8ocKltes1LFykj5pwESbhGrlZ3gfD8Hh5C5mFD_bwKiOW__ecVg=w1200-h800"", ""https://lh3.googleusercontent.com/gps-cs-s/AC9h4noB3F3Crr9cLvoc7U7eXXFWElW1NOksl72l5iv6CtfZ763idkxCkMFlT1uf9WQDUwJJ8vI03do9Xn-MZcR7F98sS_8cQcXKOkN5_RfRKt8fzpLufStYDGFztyr_gj0hDvVtRNs2=w1200-h800"", ""https://lh3.googleusercontent.com/p/AF1QipNDsM_dtR7YLVQFmofmnGoE1G7sIdyUyUKFvO8E=w1200-h800"", ""https://lh3.googleusercontent.com/gps-cs-s/AC9h4nr0Ywwd1gsjwJIIjQwwShvJsvo7SGVq8wdmExx7RTCGZ6lsbbsC0B2XE3cXfREc2nPkGRixpOf-JS3wtZhabH-Uzc8VBFYi6BHq67sNgm96GLhjEq3x-gJwcRve7RX13VA5U6JHRA=w1200-h800"", ""https://lh3.googleusercontent.com/gps-cs-s/AC9h4nqP5iIuo5TgYwqjz2S5vofRIOd-ydjJoiPgnQDdLjT4JnZo1Z3tGK3EN-LDzoW9miZSfc21F7XCeDH6WOqHEezeKHQf1yyr9TQ5JVInIQboGvbb_VmX-beYZwwDluiFKTIUOg-U=w1200-h800""]",https://www.google.com/maps/place/%E2%80%9COriginal%E2%80%9D+Espresso+Bar+%CE%9A%CE%B1%CF%81%CE%B1%CE%BC%CE%AF%CF%87%CE%BF%CF%82+%CE%91%CE%B8%CE%B1%CE%BD%CE%B1%CF%83%CE%B9%CE%BF%CF%82/data=!4m7!3m6!1s0x1357929bac1fa05d:0x96b7926863a7740d!8m2!3d40.5227723!4d22.2061218!16s%2Fg%2F11dyp0kxr9!19sChIJXaAfrJuSVxMRDXSnY2iSt5Y?authuser=0&hl=en&rclk=1,2025-09-06T09:21:41.750499,Saturday: 8 am–1 am; Sunday: 8 am–1 am; Monday: 8 am–1 am; Tuesday: 8 am–1 am; Wednesday: 8 am–1 am; Thursday: 8 am–1 am; Friday: 8 am–1 am,,,,,,,
Poetry Coffee Gallery,Popular times,Cafe bar,4.5,467.0,"Ippokrάtoys, Profiti Ilia 11, Veria 591 32, Greece",Veria,+30 2331 100678,,,40.5237186,22.2041151,"[""https://www.facebook.com/poetrycoffeegallery/?hc_ref=ARRgnD74K_Beoge1D2kIDXVvuyv-KvWZpULAi8tM1aGeVet94VHgxn99NZvLMhRL42s&fref=nf&__xts__[0]=68.ARBGnkSNQeAf1tXn_M1q4TZVQQplXGhcXLpjkYiNu4HE6lNgqWXMYXkl6Lg19GA3U4TZRYzVwKZCB61JKaG9gY2mIlAV_GRJPDS6EXiqu7ya5upWkNYAjYk14MsVrOF1R48Lg128JIsRh_0d-VutwQr2O0kpTXawD62nQXV-RYX2WQxUXECmJFYS19PEgjoHZj5l8kF8F4MGHkNwaBnRqQ5ed3U0fy6gOoRJX5gFKWUZSt3sT8j6osyEbsTRHkql4oU1_kC1jfiWcFLEkMStDfnx4-7NcLgUIkZ2xsK1JjszwUIKlTg7cCy4jq_PNEJefzIZhPyLuPcjCVI3CYf6nGM&__tn__=kC-R""]","[""https://lh3.googleusercontent.com/gps-cs-s/AC9h4nouJt4ydwjo9_MwsTL4JT4_47xWl9p4MsQnrkZgAdkNtKmbRPPQS2Mrfs6GjFoR9UY2B2LdIAGCSqLfjf7Yv0lMlxV4M2fKPVtFDp7JdFa18tpu_KJj587959vdib8ru1c-AXue=w1200-h800"", ""https://lh3.googleusercontent.com/gps-cs-s/AC9h4nrH_O1Nqjce154O2uQ9enIffi4ZG_9LIJYc9EzphX30p8pphLl9vDbqB9kl76s42CJGHyIEoufT7WUiyNkFU0zsDWd6NNi5WmplSQp6kmWPKaPw9D0QKyOdNq1_cVk1T192F8wiCQ=w1200-h800"", ""https://lh3.googleusercontent.com/gps-cs-s/AC9h4npk2QPmfbI01epUiSamrQJJtBLze5oAnehKQDUbs29dIsoAq_nF5rAwdi1CwJL6y_QdROsB2fjZSv8abCD6CKvuWUNF1tT_bD7y8esbLotXM0fqSMT68mnSJLr2nX8ySJjhyCJHnw=w1200-h800"", ""https://lh3.googleusercontent.com/gps-cs-s/AC9h4npNHy0OevxrZYAHW6sRAW9GIP57PPQBPCdsZZc4ma3J74ZL4Rouyj6z4yB2HxVuVEHeZkGEdrJ4JuUdti1revJO5t9u0DkQXttt4ipmzfiAxfzav9WLE9GruzJRRwlw_fkoZUMD=w1200-h800"", ""https://lh3.googleusercontent.com/gps-cs-s/AC9h4noaOJGmZ8q1GbW5jtLqca_iEPcBJTZhmK27polbE0MD5dktMe_VsZNwbiTIb_Qt2ZqsMHXL2iy4BhIAmWMhkA_fGlZPNGCehvbjfYOjRjMIfVLyiV7ZrrSLh2tRdzGLJB47WFcWnA=w1200-h800"", ""https://lh3.googleusercontent.com/gps-cs-s/AC9h4nrgmHC89nx01crrCMFzq1viWCK8hH7Sq7AzE-2SK2TShRf0MTjRLk_CD89G-ZCs4ZZnUR3ThrKCvmJIdkhckCeuzeT40v_j6vONL94J0HeKPTZ09zZEiL7So1ARV6EpzT0SqG6mMQ=w1200-h800"", ""https://lh3.googleusercontent.com/gps-cs-s/AC9h4nrY2uM_Vz1POMBgUGFHWUw6mgsSgDTOBM9PKYlz5ChHE4eKMCxZboRqPGPZJ1F7e2NfZdhJSaNsX2x0mgTmmDZmIKSGsORcNcphBiSIu7KCYXzL5H6hRVQpuwd8o3Kl771BnwJ5_g=w1200-h800"", ""https://lh3.googleusercontent.com/gps-cs-s/AC9h4nrndahNW6tHLtzE8PAiT6P8EfOeNZFltAsd6Oe_u0KRDg1koq_8Dksl-Xe_Pw6Noxe451UBUgRcxTqtheVsABkGbvhI0cpVs_nPeEpIcuSaR48LOLUmHWPvtbZu_C1kGv5Zb5Yi=w1200-h800"", ""https://lh3.googleusercontent.com/gps-cs-s/AC9h4nqdvo8u09JOCNPF9VbzV-Xkj0TCrm1h4SUpw720bHz3FO33EcNMO3BJw3FaOmjoMJbBv_2tlLDH72xOvYokCOoeZfZnax5A0I-jjhLD8JeNOGKiRYxLe98PMFi_oE1EuiO_kEBG=w1200-h800"", ""https://lh3.googleusercontent.com/a/ACg8ocLhQEpxwpNHXM9ZzXXIDixo97gxmj03DT8x6Vm5n6FlmQPwEA=w1200-h800""]",https://www.google.com/maps/place/%E2%80%9CPoetry%E2%80%9D+Coffee+Gallery+%CE%92%CE%BB%CE%B1%CE%BD%CF%84%CE%AE%CF%82+%CE%91%CE%BB%CE%AD%CE%BE%CE%B1%CE%BD%CE%B4%CF%81%CE%BF%CF%82+-%CE%A0%CE%B1%CE%BB%CE%BF%CF%85%CE%BA%CE%AF%CE%B4%CE%B7%CF%82+%CE%9A%CF%89%CE%BD%CF%83%CF%84%CE%B1%CE%BD%CF%84%CE%AF%CE%BD%CE%BF%CF%82+%CE%9F.%CE%95.+%CE%9A%CE%B1%CF%86%CE%AD+-%CE%9C%CF%80%CE%B1%CF%81/data=!4m7!3m6!1s0x1357929adfd9067d:0x370e2a31710dcae7!8m2!3d40.5237186!4d22.2041151!16s%2Fg%2F11f1l_qks2!19sChIJfQbZ35qSVxMR58oNcTEqDjc?authuser=0&hl=en&rclk=1,2025-09-06T09:19:49.504357,Saturday: 8 am–2 am; Sunday: 8 am–2 am; Monday: 8 am–2 am; Tuesday: 8 am–2 am; Wednesday: 8 am–2 am; Thursday: 8 am–2 am; Friday: 8 am–2 am,,,https://www.facebook.com/poetrycoffeegallery/?hc_ref=ARRgnD74K_Beoge1D2kIDXVvuyv-KvWZpULAi8tM1aGeVet94VHgxn99NZvLMhRL42s&fref=nf&__xts__[0]=68.ARBGnkSNQeAf1tXn_M1q4TZVQQplXGhcXLpjkYiNu4HE6lNgqWXMYXkl6Lg19GA3U4TZRYzVwKZCB61JKaG9gY2mIlAV_GRJPDS6EXiqu7ya5upWkNYAjYk14MsVrOF1R48Lg128JIsRh_0d-VutwQr2O0kpTXawD62nQXV-RYX2WQxUXECmJFYS19PEgjoHZj5l8kF8F4MGHkNwaBnRqQ5ed3U0fy6gOoRJX5gFKWUZSt3sT8j6osyEbsTRHkql4oU1_kC1jfiWcFLEkMStDfnx4-7NcLgUIkZ2xsK1JjszwUIKlTg7cCy4jq_PNEJefzIZhPyLuPcjCVI3CYf6nGM&__tn__=kC-R,,,,
Kochlίas,Add missing information,Cafe,4.4,944.0,"Ippokratous 24, Veria 591 32, Greece",Veria,+30 2331 072309,,,40.5238132,22.2037678,,"[""https://lh3.googleusercontent.com/gps-cs-s/AC9h4nqLXYYeoXyyhbtHaQ16cMhm1erDxIg0AAt0Aqt2FSBtJzMlBWG-eJe7QcdpOiPkI8MWjexu73PPDf9wstwQiBBS6oqdNzvkpnNxEdvEXhkfDzHUQNM2eZDRGkHCZdmzTHJCK5Rp=w1200-h800"", ""https://lh3.googleusercontent.com/gps-cs-s/AC9h4nqjBOa8dwxeP_jMrlTiZL38MAdWXwOYEx3DETVOvwdq4VTn4HECLnkXuqNAKrb2FYmT2uBPlJJpOeO-rwxHe8GhTwvG5LKfNMi-E8iCwfsii1u2MQla7RR88aeoYQcOdAYSyNpZ=w1200-h800"", ""https://lh3.googleusercontent.com/gps-cs-s/AC9h4nrGS0cosqdSQxEinPfEISUNGmmJ8ZSAUc4z9ZV88vixxrn-2aQBJn_ORG7P-OdmAyswEgi2hvpCGH2webC5HsOOKQuMint0rNZ07rSVL77_cBq4YqmSUdSzzo7udr0M2FG_iRLDlQ=w1200-h800"", ""https://lh3.googleusercontent.com/gps-cs-s/AC9h4nqjbnozsst51vBu6hFk8ivC-udHrujFctss-O7k_FHcg_mhqRspHfSTX_e4rOMwWygqVN9NycVSG1KrTrNLdGByfnT5Sbawr2-Qy96IEZG91QfdgRhdXGjr-sjBjsv5xivSUiq6=w1200-h800"", ""https://lh3.googleusercontent.com/gps-cs-s/AC9h4npzgacRhHeOWXkE-EBTMvB060oatZfgusQgmZSWs2SEn3_pm4Kb5IhcBpTrp_R_eNCbdfsvrcOFYhOBLE3XNa5O-hSYpqbcQ3qsYi8g8xKB7TzK913KZqoWJcYGKOCMQWfEgoV3mw=w1200-h800"", ""https://lh3.googleusercontent.com/gps-cs-s/AC9h4nqnOIagFbDpeppXzl5pt4YrcTm3_corAoNTW52CmCnZxMy5E0rZOdQA3lgD7o8dm-5MHtR5_2RaH_lW5snQI3ewE0Q6ci2AuQO-pIFZVqL7QqkYvb-5sE2r1oklqr-hUrJdGB9w=w1200-h800"", ""https://lh3.googleusercontent.com/gps-cs-s/AC9h4nraSoH4rICWw1phg0H6lsPaHG9O99eCa8Hhzg0xu2lZDvSanpROi0SQ-nzcpvb5e_L0NCfOdAd3Hx7kcmFsYfcMS7SugYCftM5R3mvEB2oJ-y7XfEJo7H3vby9Xq5yLtnVFmKAQ6w=w1200-h800"", ""https://lh3.googleusercontent.com/gps-cs-s/AC9h4nrpW5F64TLDc_RSegr1uKihvNlR4eJj4V-hnpSkycs_r_Po0SOYcUGrRtJObFAbDnT40_MgYiCYbuNKYoXQrkGsHoL5Z1YLdcUqN1XrOyyvEglVRzL5ktYCkYXoGTd_ABqxzgAA-Q=w1200-h800"", ""https://lh3.googleusercontent.com/gps-cs-s/AC9h4nrkCXCHphzuR_O0_zIJAobAqlknhdE3osIGD3g895X-CPT9cXJciE3PA_l-mXlWvCZlOnGCOb2DSRpZNQ1T59n_21X-rDgPfP4--dQAdMd0Fq15PLjFflsDKA6BHe4pI01Ww4-iEQ=w1200-h800"", ""https://lh3.googleusercontent.com/a/ACg8ocJp_ed3izvCrWEfBeqIdvZz-c1EjFr1TRaRjbXJ4xnUkFDvtA=w1200-h800""]",https://www.google.com/maps/place/%E2%80%9C%CE%9A%CE%BF%CF%87%CE%BB%CE%AF%CE%B1%CF%82%E2%80%9D+%CE%A3%CE%AC%CF%81%CF%81%CE%B1%CF%82+%CE%91.+-+%CE%A3%CF%89%CF%84%CE%B7%CF%81%CE%B9%CE%AC%CE%B4%CE%B7%CF%82+%CE%99.+%CE%9F%CE%95/data=!4m7!3m6!1s0x1357929adeb376e3:0x2b0b9de6d3668441!8m2!3d40.5238132!4d22.2037678!16s%2Fg%2F11bzx3lc0p!19sChIJ43az3pqSVxMRQYRm0-adCys?authuser=0&hl=en&rclk=1,2025-09-06T09:24:47.671390,Saturday: 8 am–1:30 am; Sunday: 8 am–1:30 am; Monday: 8 am–1:30 am; Tuesday: 8 am–1:30 am; Wednesday: 8 am–1:30 am; Thursday: 8 am–1:30 am; Friday: 8 am–1:30 am,,,,,,,
A.F.U.,Add missing information,Cafe,5.0,0.0,"Kontogeorgaki 5, Veria 591 32, Greece",Veria,,,,40.523071,22.2052231,,"[""https://lh3.googleusercontent.com/gps-cs-s/AC9h4no21CP8hHZmG31ls3tloqx47X3_30yM11C7HmdmW9epSEP1zbnvDZn909c_o0bxuX6KjuEhfCU5jPKxkWODgIQ8fHUse32Ozu8VIuB1he3PIZV1dvqILf-SX1lURO7kl-QtFCPu=w1200-h800"", ""https://lh3.googleusercontent.com/gps-cs-s/AC9h4npD_icBR4CDgNSCgBnioNmLYj9pKTeEvXW1JIsjCBYtoRCXpF_IKyzdhCaPwgp1j88QWYTISpHWbAFLStIIdE45_Bi_jX9DIxPKiBpd4yCgk3BJhx5_capBTtufzQ8FZ12WMi2rdw=w1200-h800"", ""https://lh3.googleusercontent.com/a/ACg8ocIWmmaKle9Q27K60sj9u0UF5XKfO5nhFNJLl40fRI3QjfU87A=w1200-h800"", ""https://lh3.googleusercontent.com/p/AF1QipN1WIock0JV4eQgsquqeSgZygf8jKA_R-zhFjvs=w1200-h800"", ""https://lh3.googleusercontent.com/gps-cs-s/AC9h4nqP5iIuo5TgYwqjz2S5vofRIOd-ydjJoiPgnQDdLjT4JnZo1Z3tGK3EN-LDzoW9miZSfc21F7XCeDH6WOqHEezeKHQf1yyr9TQ5JVInIQboGvbb_VmX-beYZwwDluiFKTIUOg-U=w1200-h800""]",https://www.google.com/maps/place/A.F.U./data=!4m7!3m6!1s0x135793a90a6b64f9:0x3a2451df79a30790!8m2!3d40.523071!4d22.2052231!16s%2Fg%2F11rpb_p8h7!19sChIJ-WRrCqmTVxMRkAejed9RJDo?authuser=0&hl=en&rclk=1,2025-09-06T09:36:05.117744,,,,,,,,
Agora Cafe Bistro,Αγορά Cafe Bistro,Cafe,4.3,405.0,"Ippokrάtoys, Kappou 6, Veria 591 32, Greece",Veria,+30 2331 076473,,,40.5240262,22.2035304,,"[""https://lh3.googleusercontent.com/gps-cs-s/AC9h4nqP5iIuo5TgYwqjz2S5vofRIOd-ydjJoiPgnQDdLjT4JnZo1Z3tGK3EN-LDzoW9miZSfc21F7XCeDH6WOqHEezeKHQf1yyr9TQ5JVInIQboGvbb_VmX-beYZwwDluiFKTIUOg-U=w1200-h800"", ""https://lh3.googleusercontent.com/gps-cs-s/AC9h4nprK_o_guEHJ6nu6ZtgbC8xkAmTvNQYArfGyv2p8ZQPz8AWOdiro4H03jbZ7Yh5vIGUOYThUogY7u1VcNIi0cIMNaYZumqO06EKYhRopX4KUMVdJYkA62pSrjO81kIpIXKxLjASKg=w1200-h800"", ""https://lh3.googleusercontent.com/gps-cs-s/AC9h4npleASzzVaRm8NfN0FgMny6O969CIdxIzopfgHjgUjtJr-gznYcM7njXPF3J_GK9RBuaO78S4yniRDyWf_WrGORCq2xSF9x7Ev8JnlSS0zrLtDoXq_GHkABeTgzGu1x_15yICHxmw=w1200-h800"", ""https://lh3.googleusercontent.com/gps-cs-s/AC9h4npOucD65uW5d9GHH-fDWLsYl47WRimwTsLr03ffAfOxFE5mI3mnm9vsmHPbuJ4CSGGUuhxMHQTx6jYcYhQuh8DCAcY7MH5PXRV-R1SKdYXFFAYQ6ANl-y0JtCHo9vb6NRle1_k=w1200-h800"", ""https://lh3.googleusercontent.com/gps-cs-s/AC9h4npl0FIs9Id_GacFXzqUwOtuD0uemh0Be0slZGoRlHuSC_GrSs5TyuvUqqc_SGGae7WokyqMdm20fHEbkHPpWRJ4mDnl8BkadM7nYJxzt2bWvIPkTRTAQ586InTk8W_QmCZHtSCeSg=w1200-h800"", ""https://lh3.googleusercontent.com/gps-cs-s/AC9h4nrSlzHyC4CP3rOZ8xDnIfjtzialyd-HWcGrpy-IKXuc2nokm64SRF4Or32RIjnQbkJkBMfBRRYYiXMxq-5IuZgl2FTiEjznmslvMAkJUTrnaMfkILLNnSyrBSWv5wxFxm7s8ZXT=w1200-h800"", ""https://lh3.googleusercontent.com/gps-cs-s/AC9h4nrTbD5m2aGNQRZbl7fKYnEL59Xd700QV1MZjRs6vp0G1UtJaYf3zmYT0bq-FyjvTb-YJHD3AfI3sBCZrw45okvSK9QYmebsOS3ppN7Q1uv6TdSTz_BsV3MNueKMIF-5b2svtevNBA=w1200-h800"", ""https://lh3.googleusercontent.com/gps-cs-s/AC9h4nrj-5D1YDJjVqFohJG-1oZ55eaMgNOoBt920MZnyBXiQ1Sz9foJxuMs6S6pfzriiJVkp5xovV-FLvq2T1RwepdeM1T2gnsLKMrDAwPR97TfwYhuBAIVgJH1uRx9oTP7a1gvgYfm=w1200-h800"", ""https://lh3.googleusercontent.com/gps-cs-s/AC9h4noKgqZrYBP697UnD_5fcfAfvmflEQxsIhn8O-6-Lic_NtqWgYPr9K2lb4pSBPqpSPEO0_37rsW9yCjstYm86P7lnAErf7xwFLqV6OEfEPwHyK7NCzIRPMDwbochFlY9pfjxqlfS2Q=w1200-h800"", ""https://lh3.googleusercontent.com/a/ACg8ocLhQEpxwpNHXM9ZzXXIDixo97gxmj03DT8x6Vm5n6FlmQPwEA=w1200-h800""]",https://www.google.com/maps/place/Agora+Cafe+Bistro/data=!4m7!3m6!1s0x1357929ade753ee5:0x9675e9c6ab051a65!8m2!3d40.5240262!4d22.2035304!16s%2Fg%2F11cnltphhv!19sChIJ5T513pqSVxMRZRoFq8bpdZY?authuser=0&hl=en&rclk=1,2025-09-06T09:30:09.196049,Saturday: 8 am–1 am; Sunday: 8 am–1 am; Monday: 8 am–1 am; Tuesday: 8 am–1 am; Wednesday: 8 am–1 am; Thursday: 8 am–1 am; Friday: 8 am–1 am,,,,,,,
Aroma,Άρωμα Cafe Bar,Cafe,4.7,237.0,"Profiti Ilia 3, Veria 591 32, Greece",Veria,+30 2331 070069,,,40.5239809,22.2046619,"[""https://m.facebook.com/pages/%CE%91%CE%A1%CE%A9%CE%9C%CE%91-%CE%9A%CE%B1%CF%86%CE%AD-%CE%92%CE%AD%CF%81%CE%BF%CE%B9%CE%B1/2542667202625007""]","[""https://lh3.googleusercontent.com/gps-cs-s/AC9h4noB3F3Crr9cLvoc7U7eXXFWElW1NOksl72l5iv6CtfZ763idkxCkMFlT1uf9WQDUwJJ8vI03do9Xn-MZcR7F98sS_8cQcXKOkN5_RfRKt8fzpLufStYDGFztyr_gj0hDvVtRNs2=w1200-h800"", ""https://lh3.googleusercontent.com/gps-cs-s/AC9h4nozjHsHQqjjoNjtbNVLcKgSyNF2f2J3dttqtT5hGM3ziinQV4grVPJ0pyyYi_-k2JTQ4RAuyKYY2P3wKrIy0Tx0l8h2dzfDlHHPDRNXREOh96gZMbbe6fuJyV_CTEfUgfbhfnKk=w1200-h800"", ""https://lh3.googleusercontent.com/gps-cs-s/AC9h4nqkK3Cnw_aYQvUAb7onA-GSgfP9yVi4_HKzTj-n3zJL-yeO25eUlTI6Z7BVbW_AJ814VvJdj15ZGT2vJVRJW3N0V9lzTQSnBpRZgVPekz4bgV-5LbHzyesO8JvbkVMwUGvcgJk=w1200-h800"", ""https://lh3.googleusercontent.com/gps-cs-s/AC9h4noaiZkxNk5IbK5WDJCI17hqgMdnZXQ_nVZMJZu4Ah4MvM1r6aZfD2bQZfhDMjIioNtufOYzXrryJWwe9sa-G-HZZb2BV8Wm574m0Gh-O7yfxQ2ZeBvWGLUX5BRAseg0SqD1OAsD=w1200-h800"", ""https://lh3.googleusercontent.com/gps-cs-s/AC9h4np4Dh82hPgPK3ncagVmiL0L0AtbIsQyTTinIii1OYRH2gB6u5pyy8JvWAzCgYrvyfkLpdVHXA9NqM8TGFSM1tIFQGS6F5CIFPpjOFm8Ut3BZwpPLLURv9OlC3lj0XKdSfSe8-YKIg=w1200-h800"", ""https://lh3.googleusercontent.com/gps-cs-s/AC9h4npst5NLo3FfHeFk7suGdh6o5tX5-uMZoEwQlgMic6qcec0WSwhpvWcI8pUqBD2-ulItVLEPI_FTU9TcdPnSwPNCJT3vlV30VooJF8irZugwSz_awQb6m0nVCxA_hfV0FCl4vBzB=w1200-h800"", ""https://lh3.googleusercontent.com/p/AF1QipPTedUR3TGUxsrLwalCCzYhlMS7ydFxp64kkxcJ=w1200-h800"", ""https://lh3.googleusercontent.com/a-/ALV-UjVEUfIR6OxJJlr8ywgq51o6svMj_EF8cEMUXZCU34bh2A_s5C-UFQ=w1200-h800"", ""https://lh3.googleusercontent.com/a/ACg8ocJVi_K9Vr9g8GMwZ7g4VmJ_UYoE_0Ko3fPe0TZXrfHaUsxgkQ=w1200-h800"", ""https://lh3.googleusercontent.com/a-/ALV-UjVtKZFvjAnUc_AJQMjwY8_abeDD34fyEZMXlPhvXW5hP1bJesi0=w1200-h800""]",https://www.google.com/maps/place/Aroma/data=!4m7!3m6!1s0x1357936fcd8e6879:0xf2ab398e91b62f60!8m2!3d40.5239809!4d22.2046619!16s%2Fg%2F11fjvbnzpt!19sChIJeWiOzW-TVxMRYC-2kY45q_I?authuser=0&hl=en&rclk=1,2025-09-06T09:17:56.591206,Saturday: 7 am–1 am; Sunday: 7 am–1 am; Monday: 7 am–1 am; Tuesday: 7 am–1 am; Wednesday: 7 am–1 am; Thursday: 7 am–1 am; Friday: 7 am–1 am,,,https://m.facebook.com/pages/%CE%91%CE%A1%CE%A9%CE%9C%CE%91-%CE%9A%CE%B1%CF%86%CE%AD-%CE%92%CE%AD%CF%81%CE%BF%CE%B9%CE%B1/2542667202625007,,,,
Barok,Popular times,Cafe,4.6,95.0,"Merkouriou Karakosti 20, Veria 591 32, Greece",Veria,+30 2331 500919,,,40.524461,22.2051099,,"[""https://lh3.googleusercontent.com/p/AF1QipOI_AVf4jv29h2dqPUAmfJg9CfZ8afyoznvt0E7=w1200-h800"", ""https://lh3.googleusercontent.com/p/AF1QipP5_KThiLmDHmqAhIyjuoGUIA5FL6BewwVdmFqk=w1200-h800"", ""https://lh3.googleusercontent.com/gps-cs-s/AC9h4nqQsdwfFdWKNN0lF_Atr1io2Ei_v7YfFAOkELKK4FpQOMHr2MmWESpR2IDoDJkHpEbYhF6kP9ChnPV7F3oRqZNuXQUkHBbOo1iRnU6JlPM1ElaHkmaOzUZvqpQBD4jtSk_uemYMgg=w1200-h800"", ""https://lh3.googleusercontent.com/p/AF1QipNiMlEfI_KJQK4n_SpnmzoR2jTp9QAIHY9Ty10N=w1200-h800"", ""https://lh3.googleusercontent.com/p/AF1QipOkWjpkyPI0bMDjT1CPsq9ccd1QU4StO9-BuQFM=w1200-h800"", ""https://lh3.googleusercontent.com/a/ACg8ocKM5JX6AUJmoFL6-fUWolvmzVP6Cbo5fb4ksfaK5rpIRQNTgg=w1200-h800"", ""https://lh3.googleusercontent.com/a-/ALV-UjWSYjKQlxYMViJ4J6xhVjg2-yUYVV2tXAlK8uweqvwgnXFMgdE=w1200-h800"", ""https://lh3.googleusercontent.com/a-/ALV-UjUf1SjgZ-psV7Y8WywGTLtaBSED5hkfL14zVxoUV2WpG-uzycCyWA=w1200-h800"", ""https://lh3.googleusercontent.com/gps-cs-s/AC9h4npu8nLuk-2nZpDi4mwTovSiBgBq6cy4YblLyAJDvwXPPsQclqbWCqyTr0t1zS--wQwRxCrf8YRbEemxeQeUmeWnXK5dblZVwU0G1uTOYFp-l6U4uZuT4R17RbaUjzeOpvXu5qEv=w1200-h800"", ""https://lh3.googleusercontent.com/gps-cs-s/AC9h4np9rb3iKQmH2rzfG_dBTvA8gHrhxeWxXZ6SmMDXBT9PgVmbcX_3VAfFYarfeVcxEaZkzCuWPSsTSXZ5H3Zc_diqiLWKfJCmsvZJAE-VrB-m-qaJKV63lpj6k4P-ti63IKycCMg=w1200-h800""]",https://www.google.com/maps/place/Barok/data=!4m7!3m6!1s0x1357929af21bb54f:0x9d667190402d0d9c!8m2!3d40.524461!4d22.2051099!16s%2Fg%2F11fxvn_rkv!19sChIJT7Ub8pqSVxMRnA0tQJBxZp0?authuser=0&hl=en&rclk=1,2025-09-06T09:32:54.088319,Saturday: 7 am–3 am; Sunday: 7 am–3 am; Monday: 7 am–3 am; Tuesday: 7 am–3 am; Wednesday: 7 am–3 am; Thursday: 7 am–3 am; Friday: 7 am–3 am,,,,,,,
Bátrachos,Βάτραχος,Cafe,4.7,0.0,"Merkouriou Karakosti 13, Veria 591 32, Greece",Veria,+30 2331 020282,,,40.52438,22.2053862,,"[""https://lh3.googleusercontent.com/p/AF1QipM4Xdxf3eS4BKEfUkH3lGPkUmgi29azW6e9VhXz=w1200-h800"", ""https://lh3.googleusercontent.com/gps-cs-s/AC9h4nqRzw0Y4aQN5wLnu1fl9GK3qN2rRdSXENQv9rc5NqNBlPCg_MEVALVbcBZMUplIMz_181Y9VVCdPNgC7_TapxwqPEhBUSRfUdftc9RTcVBjapKZ-46LiPWzuvfIq2IdpVkCHqXoBQ=w1200-h800"", ""https://lh3.googleusercontent.com/gps-cs-s/AC9h4nrgeINDqzH6OsVUwdj-aZcKYeTeO9DBebKo8q7yu9mfkVB-rPgWj_JghhK817CkN3mY1jhrWhk-ZB_DQUvjj0fLYQ1y_j98X8NVDaUeR-btQltL6Ya7sht39ELTF7B7cK2-ch-6Ow=w1200-h800"", ""https://lh3.googleusercontent.com/gps-cs-s/AC9h4nrspTUTpvLU4PqYG7Ssrz3nd9TUGch_6I2Kt3Cbnvd73NR7Fb1QJDScY3vzwVqLzoIZgVmDYcF6dPpq7IDaJqPUHF-bnVIhtkr_snxPgA2QZjRUY2b3s8exIHEnzQPJA7bxhp-w=w1200-h800"", ""https://lh3.googleusercontent.com/gps-cs-s/AC9h4nq1l2N-F2h2PbORbp2ek5xewj0oAIJcF3wDT0jqECpPv-Zr2Q-wiWUgFMxuFU6W-LJSlsUZ8l0JLLb0JE4OA1BB8AZ67AjQA34QrZXQNpDPFXmS1Teh0do7kTAvFSnX3_F_v9r7=w1200-h800"", ""https://lh3.googleusercontent.com/p/AF1QipMa39CiyHkjDgrLBzOsgqJ83lXOazEdEDQZYjeD=w1200-h800"", ""https://lh3.googleusercontent.com/gps-cs-s/AC9h4nqP37C7XH2dTm_MYV-UU7Cejo60gwaf2ganPksYttNoMkaUJ_UcOCfwOCVG5WDYGiSjsiuldKs1bpYqfJwPIaY1zJieFzW7mwEBKH23WEjvaUwC4wzSX4THrPiLTtKP6o-S1k3XuQ=w1200-h800"", ""https://lh3.googleusercontent.com/p/AF1QipOA2JM__DJDv4Ph0kBT18pMtTu-qX68o6I00-FJ=w1200-h800"", ""https://lh3.googleusercontent.com/gps-cs-s/AC9h4nozN8ZRIteTlE-J0Epl2ziBvYXMU7LRF9C26gbjwUgZ077cpdiAqWzdnSSrzKRplCWix3382BBl13VH1k2b6nKlTjzbgEGEyJ2UDtavRXktkkE3bKnlrTBYp96sHpVMhyhznz6a3Q=w1200-h800"", ""https://lh3.googleusercontent.com/p/AF1QipPpgWTR8P8TzanLNqD0WwKUiNRiirXmvRAQL-Kq=w1200-h800""]",https://www.google.com/maps/place/B%C3%A1trachos/data=!4m7!3m6!1s0x1357929a8ab593c5:0xcc2a0b71517bb061!8m2!3d40.52438!4d22.2053862!16s%2Fg%2F1hc1nvhxs!19sChIJxZO1ipqSVxMRYbB7UXELKsw?authuser=0&hl=en&rclk=1,2025-09-06T09:19:01.210340,Saturday: 8 am–12 am; Sunday: 8:30 am–12 am; Monday: 8 am–12 am; Tuesday: 8 am–12 am; Wednesday: 8 am–12 am; Thursday: 8 am–12 am; Friday: 8 am–12 am,,,,,,,
Big Time Vέroias,Add missing information,Coffee shop,4.5,105.0,"Leof. Anixeos 114, Veria 591 32, Greece",Veria,+30 2331 025273,,,40.5221941,22.2070806,,"[""https://lh3.googleusercontent.com/gps-cs-s/AC9h4nrKaBwbwhHCnczRN47HkWgWDBOSGs75esdhO2OtLPzCIAZxtdLUZvZ5sxQ89NeXynAB3BBTY7gspi6fc-nSLJmYHNaFG1fecz4VujqDwvLSwkN9E8JbW4VxbuYYGxzqzCKVNwk=w1200-h800"", ""https://lh3.googleusercontent.com/p/AF1QipM2bK1RBtcoWoRISxjYjrMqI7kVVt7q_qliqwCx=w1200-h800"", ""https://lh3.googleusercontent.com/gps-cs-s/AC9h4nq_i5efuEwL6VHtK9_KgMX6sQ88AgpTOjkErNTqUgTMaA1_6FCWg8hNE2PA-IQYT4Yd66_Ir6lgogNwLhLDM0S_WXt2bxFmM8gKuygLQNqenClS5wijihpG3h2cHFIBIA=w1200-h800"", ""https://lh3.googleusercontent.com/a/ACg8ocIv8WghtUyj4ltHG9-kAvoTr2dX7Zi4IuGbyfNb_HInWkEdXQ=w1200-h800"", ""https://lh3.googleusercontent.com/a-/ALV-UjUMoXwKu8nUfI5w-UBWJzVM1VRB_ra_Ab-XSVnRC92IUlKurDzAVg=w1200-h800"", ""https://lh3.googleusercontent.com/a-/ALV-UjWfjaLuniBwD-swI7sOKzxvBZZ6NZ3F0TAF44GMxkHZAhHeZhZQ=w1200-h800"", ""https://lh3.googleusercontent.com/p/AF1QipMZBTV-zWnirCE8cfwGXjciYBBQK5_FQQMq47gf=w1200-h800"", ""https://lh6.googleusercontent.com/proxy/zjyRYTiw73nWwyC_DmzYCDBnKlUmMHyMRjx-JGGhkRbaSC8UctHQGQY0r6QO1eJmNfCsxqfwa_cv2cjKygdRAULnQawqEw-KeZOHtIsEIUujEhNMPUlVDg5C1Qi7aJY_QJ8Y1Z7dJJi7RuF-fkIcYp4w0QbgQw=w1200-h800"", ""https://lh3.googleusercontent.com/p/AF1QipO2a4q4dIPrOKe4V7lNyqIhdYN_XipJsRaVSkoE=w1200-h800"", ""https://lh3.googleusercontent.com/gps-cs-s/AC9h4no14DqHo9Pr0gydMcLY3incJjx_A0JwLRhXphU-KSblrPkjyL0KTvbIaamRn7awawKlMvfACUoFkWiZU2iNlJvvF_GnN0s44FFzTMwNtd3ekD90TUby76Bp0U10U7G8ZMVD5vzf=w1200-h800""]",https://www.google.com/maps/place/Big+Time+%CE%92%CE%AD%CF%81%CE%BF%CE%B9%CE%B1%CF%82/data=!4m7!3m6!1s0x1357931c66392e95:0x108f3c0ce7facc13!8m2!3d40.5221941!4d22.2070806!16s%2Fg%2F11jl34t390!19sChIJlS45ZhyTVxMRE8z65ww8jxA?authuser=0&hl=en&rclk=1,2025-09-06T09:35:53.836619,Saturday: 10 am–11 pm; Sunday: 10 am–11 pm; Monday: 10 am–11 pm; Tuesday: 10 am–11 pm; Wednesday: 10 am–11 pm; Thursday: 10 am–11 pm; Friday: 10 am–11 pm,,,,,,,
blnd,Add missing information,Cafe bar,5.0,71.0,"Ippokratous 36, Veria 591 32, Greece",Veria,+30 2331 021004,,,40.5234237,22.2044452,,"[""https://lh3.googleusercontent.com/p/AF1QipPr0Bs3qj0JCeL680osUpkh3P0_AIm4fJjrKzG9=w1200-h800"", ""https://lh3.googleusercontent.com/gps-cs-s/AC9h4nq9gMXpscuUlcFYQSNH7Joxatxgd3SmpnU94qknX3-O84t0ds9yXYSNuL4P_PNJociC2aIFzaVlAuwGZWRrecVCKOUU8YhLOS_ZkA44-dO02684ltjd4qewHiLfaTGTrseGcmlh=w1200-h800"", ""https://lh3.googleusercontent.com/p/AF1QipMIDMNUNJDOJsKINHJ7nXm2RZpjRYpf3r1gcM8P=w1200-h800"", ""https://lh3.googleusercontent.com/p/AF1QipNdJ0WuguMLTzjHRfhBFmHHgL7lnjrCPTx9_Pu1=w1200-h800"", ""https://lh3.googleusercontent.com/gps-cs-s/AC9h4nqx72gP21LZ3mHC_WHwkAtrzDgJk8WiGD_Yt0JlOhhIxtJ_jwcNlG9NbBR4IgbhvOXPzVLeM-Tu8v9IuwNrRUYmUID-f4xZ6b9zIPZZnsojH-kpy0jvOge0GY0OKiRm1HXFMsQ=w1200-h800"", ""https://lh3.googleusercontent.com/p/AF1QipMycLSHejDWRTnhUisD6rgclIjqSQpYgWOro1Gm=w1200-h800"", ""https://lh3.googleusercontent.com/p/AF1QipNlKVYHrH_Hk_-iVUUOAjGexVAZGKpctMxZThYi=w1200-h800"", ""https://lh3.googleusercontent.com/p/AF1QipMKXeaGhFn7E0mgz7gQtS-eYAHdnDf2-lXA9xY9=w1200-h800"", ""https://lh3.googleusercontent.com/p/AF1QipPKLrL8uHg1WoJIDJnbwxJrEg2nz2SV5DAN3m39=w1200-h800"", ""https://lh3.googleusercontent.com/a-/ALV-UjXsSGacrXf-QKUy3x8WLqE85p2PDl-RSxfF1DlBbhOPO6ptIw=w1200-h800""]",https://www.google.com/maps/place/blnd/data=!4m7!3m6!1s0x1357937d31466977:0xedde6e848ad5a287!8m2!3d40.5234237!4d22.2044452!16s%2Fg%2F11kqtnjlcm!19sChIJd2lGMX2TVxMRh6LVioRu3u0?authuser=0&hl=en&rclk=1,2025-09-06T09:20:05.956816,Saturday: 7 am–12 am; Sunday: 8 am–12 am; Monday: 7 am–12 am; Tuesday: 7 am–12 am; Wednesday: 7 am–12 am; Thursday: 7 am–12 am; Friday: 7 am–12 am,,,,,,,
Cafe Bar Ariston,“Το Άριστον“ Καφέ Μπαρ,Cafe,4.4,39.0,"Έllis, Kontogeorgaki 13, Veria 591 32, Greece",Veria,,,,40.522599,22.2056698,,"[""https://lh3.googleusercontent.com/gps-cs-s/AC9h4nr3boXs48tjtKkz9mjMzscXHHG7OfqsF8XW3j1MR28iAcXwgILUpWmhe8JFYKmA-58y555owTYCkgEja93QfdvP8FoMFWN2o5Z0wuMDnLVRR9C10Yutp-WY_P09NmlVUQCe3XYO=w1200-h800"", ""https://lh3.googleusercontent.com/gps-cs-s/AC9h4nr_vtVwljr9KF8W5raXmlwQ4ZdbMdfaQqmBkySvnPf3WIJ1s1-3zkcmWbajLvM0CPgZ703XEpD5eDR4iWxVM9Vv4L5ItZo4rqvSMhvnRyFUj7CvbhKjllRH4LMMfEMk9tRReGdq=w1200-h800"", ""https://lh3.googleusercontent.com/gps-cs-s/AC9h4nrU_CNeN2oM1IowZMbxyD5OJ9fdVaJ08KvtJZxFwnt_Se-Ny1lT-xVFMUU0mKbTMoi1hlz9GPn4iaEoY_kPHJiVnfiGpqRFEhnTSpN6z_tVBu77lcCW_zZa9E-pOQsonU8rSImwfg=w1200-h800"", ""https://lh3.googleusercontent.com/gps-cs-s/AC9h4nrjwa-eKH2dr6eVwFedwuCjbcRbNfyn1E7Lw4QZJcJAbxuRkO2Hjfi4VS7g-UV_-ZDpVzemMEeYrufhUB5e4ThkzndUCyqOtnwimG40O9NbPzFDN3upf770A7HApaXhVaKJyMU=w1200-h800"", ""https://lh3.googleusercontent.com/a/ACg8ocLbb7l0I-iw7XPTx_3GSBU3QqtSt7HUtUjbuUoDySg7UysXDg=w1200-h800"", ""https://lh3.googleusercontent.com/a-/ALV-UjUWzcKAhhEkNeAltNCV2TtXP6V0QmHsqJV9UzULrAGjIb8T_yyc4Q=w1200-h800"", ""https://lh3.googleusercontent.com/a/ACg8ocJ9yXHwQhGQhW1tMcraOy_DngFRzoxf3_LQ4ZygoEkWO2iYHg=w1200-h800"", ""https://lh3.googleusercontent.com/gps-cs-s/AC9h4noB3F3Crr9cLvoc7U7eXXFWElW1NOksl72l5iv6CtfZ763idkxCkMFlT1uf9WQDUwJJ8vI03do9Xn-MZcR7F98sS_8cQcXKOkN5_RfRKt8fzpLufStYDGFztyr_gj0hDvVtRNs2=w1200-h800"", ""https://lh3.googleusercontent.com/p/AF1QipMjwVQoItJ5JNx22sIPb9i62ojs0Z3jCe9L9Shx=w1200-h800"", ""https://lh3.googleusercontent.com/p/AF1QipP5U1t1mNEPzWfRECmfr5wf-IrgwQWDyg6HnCnB=w1200-h800""]",https://www.google.com/maps/place/Cafe+Bar/data=!4m7!3m6!1s0x1357929ba7fd5a3b:0x7cc4d518bf217f74!8m2!3d40.522599!4d22.2056698!16s%2Fg%2F11d_7wn2mf!19sChIJO1r9p5uSVxMRdH8hvxjVxHw?authuser=0&hl=en&rclk=1,2025-09-06T09:25:54.169428,Saturday: 8 am–1 am; Sunday: 8 am–1 am; Monday: 8 am–1 am; Tuesday: 8 am–1 am; Wednesday: 8 am–1 am; Thursday: 8 am–1 am; Friday: 8 am–1 am,,,,,,,
Cafe da Manha,Popular times,Cafe,4.6,295.0,"Mitrofάnoys, Tsaldari 30, Veria 591 32, Greece",Veria,+30 2331 023304,,,40.5243644,22.2032528,"[""https://el-gr.facebook.com/damanhacafe/""]","[""https://lh3.googleusercontent.com/gps-cs-s/AC9h4noZvH7N4petAQ3By7hxzSIlOcrhmBNSfBjF97fwiUT3itQFeICa-cRksi32PP3ERtAszYFWQMNhC47OQwk0qQF3QXKEH8FZEMtZgQpiJFvw7QtLdwCATy6hY6GyqpM2b0hwxW7akA=w1200-h800"", ""https://lh3.googleusercontent.com/gps-cs-s/AC9h4noDjNw7Q4f1A8WZjtUojixozY4sT6qNJf-MjJxh_NzDL31fDvKPHUUNVu6cbB5MTnVX48brLzYzrDfmvUmG1I26MiZ3w_43zJy7fOMFo6LL0Q3SvATgJSSJJ-sifOmfptCiJeq9uDy1H6m9=w1200-h800"", ""https://lh3.googleusercontent.com/gps-cs-s/AC9h4npcwl1i2hMoSl5j2KDr6rVVv5DK-8xmSVAPa6UGD24Bi50L3xsiFdjrI42tpZOLWdIOH45VLBHBboyHy7tsFdbiY8Bkn8CYpNMxKnYRixGH8L2kuuX4tJ_zJEDsh_AqY9r_9oQ=w1200-h800"", ""https://lh3.googleusercontent.com/gps-cs-s/AC9h4nqCewAAgZV11vSD5v27ASaesUGQ-oFim0TYlnZZvY9JOEZrCLIr2UzaUzCpDLAlEF6xJrR_5joX7S7jTQjkiIiNDXaqA2PJhWiltekhjVIh8uAKgnEyQaoIhykYtVreDu_LKtOofA=w1200-h800"", ""https://lh3.googleusercontent.com/gps-cs-s/AC9h4no4IC9vyPAg7mN70eLETmVuyHr62-c1u3fGLO0jZGe842qzKpGVQR--1lkodMmYDAUdY6VrakyKtuzVe8-LWX9rVg0In5W9xFqsqIvI90AY345qdsjCe2VkMaBCCCQ6NjDHQki9=w1200-h800"", ""https://lh3.googleusercontent.com/gps-cs-s/AC9h4noJl4dXMgGB36tWPBJeSafAYYJ6belSpmwQn1Dd1XQ2dTx-cXtAxwVhhqCmCn7lLmfXymuXbrZTOL7CDnjrBDLSYCpHh5Cp8-8wydpo5ShnipWH8qmGq1mKLyrnWOqHmi_GAC5g=w1200-h800"", ""https://lh3.googleusercontent.com/gps-cs-s/AC9h4no363xK1BweA2WtTPbxv0Edaex9h-bQaR-o_JkrybrdKHOzKs41BvzQPE6_s47bIH2yf-0Aj7m9TfGEdrMwlcegrncykCPD_jR0m3bbLu3RyI7Vh0SpEnM_rNMdumXqQEie3J0=w1200-h800"", ""https://lh3.googleusercontent.com/a-/ALV-UjU2_n8Mp4S7eaDwxMr3UvOhp1YKDfgc9_L8bdRzRJlfqP5IiR1U=w1200-h800"", ""https://lh3.googleusercontent.com/a-/ALV-UjWWrtr42JUc3z0IWaMBtPIBt_U7d_EMhCpA3EYzO3KyawqE0Kl1eA=w1200-h800"", ""https://lh3.googleusercontent.com/a/ACg8ocI6o3sckPPa7SPiRPIH-hyW2C0aqyTkyoeLFwHhufVLddJw7w=w1200-h800""]",https://www.google.com/maps/place/Cafe+da+Manha/data=!4m7!3m6!1s0x13579284ab9fbb25:0x79ce4ed6e540b260!8m2!3d40.5243644!4d22.2032528!16s%2Fg%2F1td814mr!19sChIJJbufq4SSVxMRYLJA5dZOznk?authuser=0&hl=en&rclk=1,2025-09-06T09:26:06.965311,Saturday: 7 am–10 pm; Sunday: 7 am–10 pm; Monday: 7 am–10 pm; Tuesday: 7 am–10 pm; Wednesday: 7 am–10 pm; Thursday: 7 am–10 pm; Friday: 7 am–10 pm,,,https://el-gr.facebook.com/damanhacafe/,,,,
Cafe fox,Popular times,Cafe,4.8,64.0,"Papagou 4, Veria 591 32, Greece",Veria,+30 2331 125219,,,40.5130317,22.2110421,"[""https://www.facebook.com/share/1BhoK8ckM7/""]","[""https://lh3.googleusercontent.com/p/AF1QipMXclEU1hhhhn2irNkcLJaSf0J3UD18P8FeiGsR=w1200-h800"", ""https://lh3.googleusercontent.com/gps-cs-s/AC9h4npaVzA1ndHtEAgFs8Nr4CxgGN6e2zuggIOu3fX7FV7dypc096bIjQTm7oP1mcM1gu53LEE-3bDmp2nkJ0Yv11DdDR1I1cwLOUJMk1nw0EauvIEF632nxNZw-kkNZpqUkFEVTz5U=w1200-h800"", ""https://lh3.googleusercontent.com/p/AF1QipMPmWpNbqSPIKqyXcUE0dHrvreEsvd1y3lPRQ7V=w1200-h800"", ""https://lh3.googleusercontent.com/p/AF1QipN32HWjo1Gz7VpsT8RS4dHOGgW-neXaQ-bxheQV=w1200-h800"", ""https://lh3.googleusercontent.com/p/AF1QipPvFFsIpCJnbZZJiKU-WXmELbTcWXsqa-9_vyjE=w1200-h800"", ""https://lh3.googleusercontent.com/a-/ALV-UjXd8N1YRCl9SOxQBDnSMV5HQZUdKPui-CXCihefqbIgOWo-msSJ=w1200-h800"", ""https://lh3.googleusercontent.com/a-/ALV-UjXmc-Po3utq2BzI1pVkQnQMxg88vLId-68dXU5tvVVixE7ft2_Y=w1200-h800"", ""https://lh3.googleusercontent.com/a-/ALV-UjWzmrnvFuVJ0qob1vP_ZjCo3C10_2fmZ0jdrbYAR9T-zI0gNxxp=w1200-h800"", ""https://lh3.googleusercontent.com/gps-cs-s/AC9h4not3jNL6Wmq4eEEmuh1kImWtiu5K7gy2JhgphtvXHzvjilaNBp2GJTv6MLuWVOIT3Q83t6JnOOl4oY5KAA75CtUs2yTvdo3Eb_dsL40jzUVhBEYdTvONbE1kVVlctm2mhJd0kC-=w1200-h800"", ""https://lh3.googleusercontent.com/p/AF1QipPir8z2QSvEy_Tgaja3cj408s0OzpMU5sOoUMDj=w1200-h800""]",https://www.google.com/maps/place/Cafe+fox/data=!4m7!3m6!1s0x13578d1f2b6f51a3:0x3dd7e530bf328a99!8m2!3d40.5130317!4d22.2110421!16s%2Fg%2F11h90mjrt7!19sChIJo1FvKx-NVxMRmYoyvzDl1z0?authuser=0&hl=en&rclk=1,2025-09-06T09:27:59.686131,Saturday: 8:30 am–2 am; Sunday: 8:30 am–2 am; Monday: 8:30 am–2 am; Tuesday: 8:30 am–2 am; Wednesday: 8:30 am–2 am; Thursday: 8:30 am–2 am; Friday: 8:30 am–2 am,,,https://www.facebook.com/share/1BhoK8ckM7/,,,,
Café Vienna,Καφετέρια Βιέννη,Cafe,4.4,199.0,"Antoniou Tsoupeli 4, Veria 591 32, Greece",Veria,+30 2331 026744,,,40.5242604,22.2042875,,"[""https://lh3.googleusercontent.com/gps-cs-s/AC9h4npiGXFWlugOL2bvpM3nHZpjMf68zzY5ZcqopqWpjXIGaIfUbeYdEknpmcetcmXp9cAwEJ1hDMzcr2vLkb9cqYpRjqluZ5qsno61VBlw-SytlwbC1dbqSHlS7xwwR-mHMFE54MF60Q=w1200-h800"", ""https://lh3.googleusercontent.com/gps-cs-s/AC9h4nqOUoAEyN9iBfT5rOwc50vLO7ZNFUVLd5kQzxa8-HQe9Yz33aA8jQL38EL0dxyusNHH9a6MBo-CGw4TTLJbCQVW248i6v6yAPjN5t9FguXuZDNVnTw-DA7Dz_kq5D_0JljbTpE=w1200-h800"", ""https://lh3.googleusercontent.com/gps-cs-s/AC9h4npslN6sZx-C5SiD-MyupPT1QjHFPc4nSA2lrgd5btBOAMCv_plhVHXr1HPgi7c8vuhKX2yC9ee_sdwAybYOB2X1vBcEFAtx-jX1x8PSRFPH05KkXJ5TALLh798R--0sD6fga1u0=w1200-h800"", ""https://lh3.googleusercontent.com/gps-cs-s/AC9h4nqf5OAZMtOrZaotIglOUmhMruRNlforrgXcsCoRhRs8LoOhOjGr5TuY48-a7jk0qZw_JOqj_56lSnzg0BNwj9ExN61-lptnYWmc75LZRD_avGjwnEPrmvia3IoeaZGnQEcSC7U=w1200-h800"", ""https://lh3.googleusercontent.com/gps-cs-s/AC9h4nrPyeBKEEpzvO7IK_oAmPG-EK6J0iC7ZlSdbFpIRI_1SbE9ozO7r1jezhafLUdyMqqcDZ4xrIjGCryxbJuE4oBXkCibJYfA7lkEbq0wkNEyD8pvm8GzyL_qaY5lvuYBysGeRVM=w1200-h800"", ""https://lh3.googleusercontent.com/a-/ALV-UjXWbqLumq8mpFNnFQB4SGdpCxqkKNBQPV-l7bq6gqbPmu4pQvq4=w1200-h800"", ""https://lh3.googleusercontent.com/a-/ALV-UjVgPqx_KjVPhmE7IHLz4rNr8Ej5G74lf9j0bLItjcWbnFii2ReZBw=w1200-h800"", ""https://lh3.googleusercontent.com/a-/ALV-UjV8lqY_de1_dvIlJRSKIqJ1eu-Iwo5gf8woJ3FSPFYl1zQL1-IG8g=w1200-h800"", ""https://lh3.googleusercontent.com/gps-cs-s/AC9h4npwfrJe_6jonhTscJHlITZTqT4XnyZNxfgpE2at9C1R0NdL8RW4T4LIdfRcSLga6dyS-syKYkoWciIfOSo7ypAmzqlAGwg7zF5UueTUMY9T3JEDmeeD0dgdWqkLSZW6-YdoybLy=w1200-h800"", ""https://lh3.googleusercontent.com/p/AF1QipPCu0dBiyQQ9nNuYHucLxUowqkR_bzL26RFt3ta=w1200-h800""]",https://www.google.com/maps/place/Caf%C3%A9+Vienna/data=!4m7!3m6!1s0x1357929aeec4ef7f:0x6d1136ec5231d63!8m2!3d40.5242604!4d22.2042875!16s%2Fg%2F11cpq1mdf7!19sChIJf-_E7pqSVxMRYx0jxW4T0QY?authuser=0&hl=en&rclk=1,2025-09-06T09:29:55.016716,Saturday: 8 am–11 pm; Sunday: 8 am–11 pm; Monday: 8 am–11 pm; Tuesday: 8 am–11 pm; Wednesday: 8 am–11 pm; Thursday: 8 am–11 pm; Friday: 8 am–11 pm,,,,,,,
Cafe-Bar X6,Add missing information,Cafe,4.4,41.0,"Pafsaniou 3, Veria 591 32, Greece",Veria,,,,40.5333163,22.206402,,"[""https://lh3.googleusercontent.com/gps-proxy/ALd4DhEfa1GtgFjOL61g3Zsfpa0fcTK_06ycVhobNSlAHE_BCl4lCn7JPrpqIZfuifZ5ZTqF3g59jKVGDON-ECYshk3rZ5wRNvTPnitqJYyjUdfrqanW8TMFtgXjkv2Ml4iec5gt5h83sOVrqkuCzq4TujDsu4o3L_kujB5EB4LHGuaoprLI6TTJC-tO=w1200-h800"", ""https://lh3.googleusercontent.com/gps-cs-s/AC9h4noT3z3BgU_xsSXe2NbFwaxn2ynTdmDI-yKxn52No4fHzlHs22FYH78x5fKPwlqwUul_64wszPDqWN7hH_EyIZktZ-FcbQ4F9wcQ_YP1PvvzXOcDPGBjXLqsTiHcyskhGbW-OOQ=w1200-h800"", ""https://lh3.googleusercontent.com/a-/ALV-UjW9y3cRch5HvO0eZa1x4juj13ZIvQCfHEYyqnNxVVxsZh8Rn7o=w1200-h800"", ""https://lh3.googleusercontent.com/a-/ALV-UjWzz4LKwxIevfsc6Ein4Of7L8vg7n-rU9rDVYW4-pwJJI6huRqV=w1200-h800"", ""https://lh3.googleusercontent.com/a-/ALV-UjXwrjHeGY4J29sczYiCB8jCsqnCN86LesPad_Bcrg0XmwB6qpk=w1200-h800"", ""https://lh3.googleusercontent.com/gps-cs-s/AC9h4nrwD0cPyiZR4R0I7MkrhOJzT2UbIoOm_FTMMzS1Z1jMV1N8bk7lDx2Ob1gXChxk-yMbLAC60U_5j6rtsYyU3G2hSK37y5D5n1RPNTOpbPnzo87O37HNGOL4gv4V35JMiMmDY2WyDw=w1200-h800"", ""https://lh3.googleusercontent.com/p/AF1QipP5U1t1mNEPzWfRECmfr5wf-IrgwQWDyg6HnCnB=w1200-h800"", ""https://lh3.googleusercontent.com/gps-cs-s/AC9h4noVGqR3JdTDAFySSFTsMkLZIJ8S0Xl0s3Yz6uIFmsZDMKDfmUtvKi3m3SZgXiSk4ryhMaBmJUAhCqwQiGuYhcOUme6WFzD67O9nZ1tBp8doe0QqDJy_9U0JrHL086e9DcOUcLgX=w1200-h800""]",https://www.google.com/maps/place/Cafe-Bar+X6/data=!4m7!3m6!1s0x13579325fb0d3bc7:0xa3f23297883eb3a9!8m2!3d40.5333163!4d22.206402!16s%2Fg%2F11jm5y_k3m!19sChIJxzsN-yWTVxMRqbM-iJcy8qM?authuser=0&hl=en&rclk=1,2025-09-06T09:25:00.711810,,,,,,,,
Camelot 2020,Add missing information,Cocktail bar,4.5,300.0,"Leof. Anixeos 84, Veria 591 32, Greece",Veria,+30 697 188 9273,,,40.5247968,22.2072667,,"[""https://lh3.googleusercontent.com/p/AF1QipMZBTV-zWnirCE8cfwGXjciYBBQK5_FQQMq47gf=w1200-h800"", ""https://lh3.googleusercontent.com/gps-cs-s/AC9h4nrUJcz0_dOjI-MeeUstKzh-XkR4wTNtbDtdWLslGsL73lcmPDlSich2XWo49Kr4SIE4W2c0PdnbERhgOWQ8cjSaQD0hmZdF5AcCElP1dWqAOkUkMOQRh0iuw041LBnf3U3tHAC4=w1200-h800"", ""https://lh3.googleusercontent.com/gps-cs-s/AC9h4nphMRWZ-MnqxBnaErqpvmv0kSq-4kKba_ncs16KKfn8zKxF6oNpczEMjb2rL-3wFe3LK475UhLcYRfAPEykXj5Vr7JAVZCM3WkMKrYufI_ivei9GjrGAeZiIXBNX2mfplKUYKZsQA=w1200-h800"", ""https://lh3.googleusercontent.com/gps-cs-s/AC9h4np-ybPOJDTDHGLZrl1lMIo8BEQV3cqS3-iAQyDVZJnv9ixhuxeTTNB7yB0p2rkTv-gZ7CHZxDl3HZgoaaaD6o2K7XPmq3sju9bR9JNDIbMXcbcbZX9yjoIrmfJW-yHkmJPa4W2T=w1200-h800"", ""https://lh3.googleusercontent.com/gps-cs-s/AC9h4nqO08Of-zEl0dBocwhIyv94jNUbk4umom6CenW8NpE36Ef-js1b9FGl4wW5mWlPinnQ5pK9zj83hPNR3jNSobIcPCneYX6NezFbAlMs3r5e_KxqsBc62ILfjqczUHifudd8XKwS=w1200-h800"", ""https://lh3.googleusercontent.com/p/AF1QipM6MO-knJZRz-P0xZyvUIfZU_SyPo37Blk-8Far=w1200-h800"", ""https://lh3.googleusercontent.com/p/AF1QipMya136m35exiMseWcYfS5iQbsG93SPJLVvHh3x=w1200-h800"", ""https://lh3.googleusercontent.com/a/ACg8ocJp_ed3izvCrWEfBeqIdvZz-c1EjFr1TRaRjbXJ4xnUkFDvtA=w1200-h800"", ""https://lh3.googleusercontent.com/a/ACg8ocLdHa_TFHFWAha7RIFnvwG5ns5bx-xcg3r5Rh4izfZZHAIwWQ=w1200-h800"", ""https://lh3.googleusercontent.com/a-/ALV-UjWt1Pb_fW0oXbz87mTptcVMTvW61Avjnxy7nYHByW0IcFlqxwHwjA=w1200-h800""]",https://www.google.com/maps/place/Camelot+2020/data=!4m7!3m6!1s0x1357939fb235568f:0x4c53bb5b79150d2!8m2!3d40.5247968!4d22.2072667!16s%2Fg%2F11hfvtcwzy!19sChIJj1Y1sp-TVxMR0lCRt7U7xQQ?authuser=0&hl=en&rclk=1,2025-09-06T09:30:56.388972,,,,,,,,
Chez Olympia,Add missing information,Cafe,4.4,93.0,"Mitrofanous 11, Veria 591 32, Greece",Veria,,,,40.5239546,22.20312,,"[""https://lh3.googleusercontent.com/gps-cs-s/AC9h4nqcpZ3O6vcQDQ-U907x3Jprn1y54yKgzOQl8q4YUengPFKKkpG_VpqYYQ4z4oXXc1FSHcNawPbH5OfGVha84QKGhW6EJdN0NzSZMgTMkragb_lz7k4Md_ZmOa3KkSn-DlZrb5p8=w1200-h800"", ""https://lh3.googleusercontent.com/gps-cs-s/AC9h4nq6oJB6LHgq-DX-AH_dOx4pyOClDMZMBWYnszRmaX1Go7cNN-cuf8aJs-6eROgCSeffhXIqkw1YzBfwBL4xFKL5pOVQRhjI9l1sNab4-239Ruc9tvGk8fKWO40sqar77LQjdhNg=w1200-h800"", ""https://lh3.googleusercontent.com/gps-cs-s/AC9h4nrSJxquVpQKAESe5RbA9XDNjFnnVhvkS8QE7jC8Cc-rJTL3_ndiBtXhmQ8NVX56mBAgRcQ60I3VJd2RbB9SUjBFixUlUAbvl0tu0e6svDmpNwm5t1VS6UtIKTzzu23i46lSFIrI=w1200-h800"", ""https://lh3.googleusercontent.com/gps-cs-s/AC9h4noMc0n6-l95KJApVvuJcm0v-VN_XhpbBac4H2zd-9CO0GyFynRqt8zI552MNPUW78284MjxbQUP2wo5pOdp1MLUPwoZ0Sn6897rK8EcE7fr4MLtAc4Nev4dlo503Xd0pVyEa_iZ=w1200-h800"", ""https://lh3.googleusercontent.com/gps-cs-s/AC9h4nroUWLQ8G72U2qEgjog6I_-Y8u-O6Zp8OO3BGX9NDYwx_X9MV5OGaXVYGxAxVoBnLEEwXfk42RO5uHVeO2uN90buJS6cF6BIuErMenNSDgKt96BTtZ9gJ4SIMCpGVP1lr3FnLw=w1200-h800"", ""https://lh3.googleusercontent.com/gps-cs-s/AC9h4nqGpmdpVUyp0gKfWX7xJoutAon8czvwndd9mOqy8h0gN7iMHZOZp4v3m_McZru-21n2VPvyUA2_jvepqgsEHLn-xfDrY1xDAFLvkfk9cgm1qSey_OqLAx5r4bdGzoNe-Wd9QsE=w1200-h800"", ""https://lh3.googleusercontent.com/a-/ALV-UjVRvKOtDSlJudC6UaPMwthc2q8IF1xYi7QzYGWMweo0lGxzVdN7=w1200-h800"", ""https://lh3.googleusercontent.com/a-/ALV-UjVqpAKLZPVDIYETGrg8LCpcf-6RMADkr6zrMdmDZcBqrDr8rFFg=w1200-h800"", ""https://lh3.googleusercontent.com/a-/ALV-UjX7I0_EzA-N72kkbfUM_WEf8lzivi972kD3LeNmzyMzGwJlCLqI=w1200-h800"", ""https://lh3.googleusercontent.com/gps-cs-s/AC9h4nocs0RZ_YSTYjvA9SUG9D-nVYqkibGP1i0VTAFkNd3EblWAuzlGleeI-R4_xbKDZCZkot8bnYE_e2xGtiRci7WBc_12VoFdGzDdrEahH-BBdbelueWW02KVV7FElvKheka6t4BrVQ=w1200-h800""]",https://www.google.com/maps/place/Chez+Olympia/data=!4m7!3m6!1s0x1357929ad0d4be21:0x69f498116beb59b8!8m2!3d40.5239546!4d22.20312!16s%2Fg%2F11fyx9q7w2!19sChIJIb7U0JqSVxMRuFnraxGY9Gk?authuser=0&hl=en&rclk=1,2025-09-06T09:35:36.872198,Saturday: 9 am–2 am; Sunday: 9 am–2 am; Monday: 9 am–2 pm; Tuesday: 9 am–2 am; Wednesday: 9 am–2 am; Thursday: 9 am–2 am; Friday: 9 am–2 am,,,,,,,
Coffee Berry,Updates from customers,Cafe,4.7,170.0,"El. Venizelou 13, Veria 591 31, Greece",Veria,+30 2331 061016,coffeeberry.coffee,,40.5248209,22.2043904,,"[""https://lh3.googleusercontent.com/gps-cs-s/AC9h4nrvpeeJd9uJvrtjWOqAK2W9fa1Q3Y16rOTbOmZWFPlBHtUFvITZSpNEGOHe7bate_FRdaTVjkYyuwHEPkLY-NfGY6xGsLiz-2dUDLKPIwl7GAd00UTcYfKkJDC0tVKPOwKc2SP9=w1200-h800"", ""https://lh3.googleusercontent.com/gps-cs-s/AC9h4np11Xt16yCr4gTMPKbe1tx8Op-mPreeda5k2sGrVlMX0nqXy7DiYqWSdpZV7-WvZaHNCF2Ynu6XB4UzgTdNKLJbzv73EIv79rdwDvMSrPZ_KsMKhA9U7-ri7WkmeaDHDAoTr5Y=w1200-h800"", ""https://lh3.googleusercontent.com/gps-cs-s/AC9h4nrCUcoWOl46vxIkTWSOtF7HVgPfaXMsy4GkJVhkt2LpGyP0X4_2eijmVD6ZcJbE7h1IjeuIazedTWUsFcTn9JJGAcUL1ZSc_eIUXzRfacKanxn2zbP4uW0kQLytrczSgBFLrNLFcA=w1200-h800"", ""https://lh3.googleusercontent.com/gps-cs-s/AC9h4nq7SOphoHPdLQheKG66fsSXyJrzDEUMRdNtHp1Fm3lSqq8Rx2REsQiidq5rYFSx_EMxoK87zyuLH7R6WysF5pzuI_3Tvv82WouSdf-GBDnSfWJhbMJ9soe7go-lKVX-Qt2S-L9I=w1200-h800"", ""https://lh3.googleusercontent.com/gps-cs-s/AC9h4nrRPG2gHqIgkyLiVkH74eiv3Mwtk1x7mGief8zGZopcY9hCLzcqP7pMURtw6gV2T2i70Lmxjkidn8SDsLJFs434tm3DIci0WB6jsFyd4vtvzftqR-vy7J-eW7L5kpRhyqX59CzO4A=w1200-h800"", ""https://lh3.googleusercontent.com/gps-cs-s/AC9h4nqDi6zw_AbhTC2_V283vsG63qphyIJiEjv3E74t-xdGSeTWfGRXvjZ8XjTH01hFsLwj5g9Ht3POiMiPMzp_NRkErwc0-xh2SWH1tihgCEzJ6dgB5bUK5oeZwQ6NEsXiSI07nOOlwQ=w1200-h800"", ""https://lh3.googleusercontent.com/gps-cs-s/AC9h4noZUUBr4S85t9AN7AMWG_vIbq7R8BZIuxjlO5ArNCFVW_YZYkgBr2q3e9rwqq1tTVbAs779QLJb_sAMcu-FTIQmyVdSSDTuFRG-e2b-YyO1lLYww0cVH8KTKAMI4-ojt7zsR3eQ=w1200-h800"", ""https://lh3.googleusercontent.com/a-/ALV-UjVEUfIR6OxJJlr8ywgq51o6svMj_EF8cEMUXZCU34bh2A_s5C-UFQ=w1200-h800"", ""https://lh3.googleusercontent.com/a-/ALV-UjXf3Rko5kzZhAHxBy-aJl8-Bkn1X2EJNsVEJ07tFE6brhCS6UbM=w1200-h800"", ""https://lh3.googleusercontent.com/a-/ALV-UjXHQj1Gcgeo-tAIQR3Qq3STs0WnZ8iPe_2BG5xwFCXMXOWLEZn4=w1200-h800""]",https://www.google.com/maps/place/Coffee+Berry/data=!4m7!3m6!1s0x135793116484d417:0x67a55473520cd458!8m2!3d40.5248209!4d22.2043904!16s%2Fg%2F11rwh6b6y9!19sChIJF9SEZBGTVxMRWNQMUnNUpWc?authuser=0&hl=en&rclk=1,2025-09-06T09:28:52.794306,Saturday: 7 am–9 pm; Sunday: 8 am–9 pm; Monday: 7 am–10 pm; Tuesday: 7 am–10 pm; Wednesday: 7 am–10 pm; Thursday: 7 am–10 pm; Friday: 7 am–10 pm,,,,,,,
Coffee Go Square,Add missing information,Cafe,4.2,94.0,"Kentrikis 132, Veria 591 32, Greece",Veria,+30 2331 023098,,,40.5254208,22.2029417,,"[""https://lh3.googleusercontent.com/p/AF1QipOugEpQBXfsZ8t_bR4RD36wnuycop9MCPCS-eoo=w1200-h800"", ""https://lh3.googleusercontent.com/gps-cs-s/AC9h4npptYSSgZJapSM5oOXhq-u7aiSEM95WcoO-W3yQ6gxhDw9Wz5BfTrxjM0q4IjjDc6JqHfsTrgBpRd8bY9JqnFjytXKbxi2eArSuKwsjQk409oNbjJ2lOIL3B_65kCx-z8OeDKQA=w1200-h800"", ""https://lh3.googleusercontent.com/gps-cs-s/AC9h4nrA4SXPpe08iHdWPTNamW2xm25v16ELRuGOle36vegGxwFMp6SMjApyKxkL_KlLXr6Ae4lWQGkEIiAtag7lwfN0lzBZqcHFBLDMuBn38Jho3Eg9hfAZ7rKtPQMpn6B2tALeu5cV=w1200-h800"", ""https://lh3.googleusercontent.com/gps-cs-s/AC9h4nqTqkmgQmZyB3hGZGaASPyR72-3k_Rl_F0bL0Kyhb9z8urhZ-xZtIzNEQqCVyhL9SvbB2wDp9EYE0qz_d5g8KGEgPbdd5W6wOPV-dTc96WzjsqSNHcUTrXN4szmh9K6jTrGNXdaDw=w1200-h800"", ""https://lh3.googleusercontent.com/p/AF1QipPir8z2QSvEy_Tgaja3cj408s0OzpMU5sOoUMDj=w1200-h800"", ""https://lh3.googleusercontent.com/gps-cs-s/AC9h4noPUPxnzIZxXdfFkSy-1FnAjiEBnYupzHsRbpD_I_0yguMYXAJaFvdgcPcEWQCkiBYlpnBwXg5P9x-xZiHayPnjDGIbR3V9raUkELpw1Jk3du560wvFPbQFQwwjf-xLlei8_xqosw=w1200-h800"", ""https://lh3.googleusercontent.com/p/AF1QipNbCprFf-eL3wMKo26RET3yfoM-E99WyjTeeHCd=w1200-h800"", ""https://lh3.googleusercontent.com/a-/ALV-UjVr4p757_z6nh4eLCdMEUwSYmIkKnu1Fuj0rz5MJCzR6-QiSr6b=w1200-h800"", ""https://lh3.googleusercontent.com/a-/ALV-UjXfJN5nTeA8xMyYCX5DHdfIJHrk8FyH5NCSXRrXebiu33hbVmn7=w1200-h800"", ""https://lh3.googleusercontent.com/a/ACg8ocJ32_zLdDDN90pqt_7yqpdqvnr0xecDZGOVtlPk5J0N_TQ-EQ=w1200-h800""]",https://www.google.com/maps/place/Coffee+Go+Square/data=!4m7!3m6!1s0x13579321c75d0381:0x842f4416f3a0bd5!8m2!3d40.5254208!4d22.2029417!16s%2Fg%2F11rq8v_bhf!19sChIJgQNdxyGTVxMR1Qs6b0H0Qgg?authuser=0&hl=en&rclk=1,2025-09-06T09:34:18.516870,Saturday: 6 am–11:30 pm; Sunday: 7:30 am–11:30 pm; Monday: 6 am–11:30 pm; Tuesday: 6 am–11:30 pm; Wednesday: 6 am–11:30 pm; Thursday: 6 am–11:30 pm; Friday: 6 am–11:30 pm,,,,,,,
Coffee Island,Popular times,Cafe,4.6,501.0,"Pierion 178, Veria 591 32, Greece",Veria,+30 2331 075777,coffeeisland.gr,,40.5110202,22.2142925,,"[""https://lh3.googleusercontent.com/p/AF1QipOsjy-S2nB0N_TnDMf8J4gG578FKfsjkWBT-shN=w1200-h800"", ""https://lh3.googleusercontent.com/gps-cs-s/AC9h4npZK65tvyorTnQxY7Yd1f015elEuieQSlnwWBUeeDY2dICoPAeIiuGibgAz2XO3yCeprBa_vKMy1eIXyEHxUnXBX1u-x17TC07k4BffWNuayNEd9upno4BhwhfgulhpbWrm7YYIiA=w1200-h800"", ""https://lh3.googleusercontent.com/gps-cs-s/AC9h4npOMEl9qQGyzAdCLt2j2IQBgYeYvDY7f5917PhBXE2Yq22jbWAb8Od1URULw9a2qhqp-twVoDDSMs55GHxCv3-hVbyBzyJDAgz71jFQ1mcFc9iYsx15qym2V0_bAMPI_rNOE6NV=w1200-h800"", ""https://lh3.googleusercontent.com/p/AF1QipN8HS54RhzGKAFzu8RixVorEWyUSabB20NL6Htz=w1200-h800"", ""https://lh3.googleusercontent.com/p/AF1QipPsbbAIMsAq6_wyD_jnUMQvFdweQPl2t5F4HYRN=w1200-h800"", ""https://lh3.googleusercontent.com/a-/ALV-UjWDRvYAFQTCjyYkknFyLvdWveoLmJ06sG3nB6MmT-89lrLAQ7tH=w1200-h800"", ""https://lh3.googleusercontent.com/a-/ALV-UjVizp5YumhR21C4vL4R68S67tT7S61rimWzFdXGmxUlKrXiC8cseA=w1200-h800"", ""https://lh3.googleusercontent.com/a/ACg8ocJOk49uZYKm1MZq8vvzRGUlRaS_MJl87sjUB3zxo0oYxoicB-I=w1200-h800"", ""https://lh3.googleusercontent.com/p/AF1QipO5iiYkB66PTD7OHI17rttcjQ1mZTh93XTF5UUz=w1200-h800"", ""https://lh3.googleusercontent.com/gps-cs-s/AC9h4nruv0y45VRo-3tpYHzyWUHYYjKGY_qzV_BtMEr5dkPO2Hjpw3iSrz5nw1jHpUMnFPu2vbjh3a1cQrvPYKd4B5qjojFCahLDxnofcEeMMQqDLFj994_t78gaAEmgGpml8o-yKy1m=w1200-h800""]",https://www.google.com/maps/place/Coffee+Island/data=!4m7!3m6!1s0x13578d5e26e49a5b:0x60c76ed279577412!8m2!3d40.5110202!4d22.2142925!16s%2Fg%2F11f388tst5!19sChIJW5rkJl6NVxMREnRXedJux2A?authuser=0&hl=en&rclk=1,2025-09-06T09:34:48.006622,Saturday: 7 am–9 pm; Sunday: 7 am–9 pm; Monday: 6 am–9 pm; Tuesday: 6 am–9 pm; Wednesday: 6 am–9 pm; Thursday: 6 am–9 pm; Friday: 6 am–9 pm,,,https://facebook.com/coffeeislandgreece,http://instagram.com/coffee_island_official,https://youtube.com/user/CoffeeIslandCompany,https://twitter.com/coffeeisland_gr,https://linkedin.com/company/coffee-island
Coffee Island Vέroia,Popular times,Cafe,4.5,92.0,"Plateia Raktivan 4, Veria 591 32, Greece",Veria,+30 2331 070070,coffeeisland.gr,info@coffeeisland.gr,40.5194663,22.2003689,,"[""https://lh3.googleusercontent.com/p/AF1QipMhwVnpMN-MbVrn6FyFiHq1XIHL1b5n_X-Cw_mh=w1200-h800"", ""https://lh3.googleusercontent.com/gps-proxy/ALd4DhEnS1IiYFQKxHMZo_cx4U-NjhpK-pSiM8ipuic1VJo2HCRrMT5y_TFWtHXMztUAtUJ1hbPPE3icocwAU7VwcOj_qGhQulmCc8pW1iw_JCRN83e0EhMrfda-k5TTCWg9Hl3HAZkcUI3vS0VYWkNodMLqRZvqSS1ukCU-DALotNxZh5kgtxdtA8Ge=w1200-h800"", ""https://lh3.googleusercontent.com/gps-cs-s/AC9h4nq-aQTA7u1r4yuVT2dDm6Y8Ke-iwzOOB2uu29HTUwLGoqOEwSJoxTUPfDM3qqJ6yQ6kRJ_0WaGCa8q9vB_CqdVLnuAR80wkz2gHwyl8I12W_N7ru5TaGYbtyxGQWdMMEBwwknjb0g=w1200-h800"", ""https://lh3.googleusercontent.com/gps-cs-s/AC9h4norShqtWnVGZd0lIfpdNP9DGdqCbZ-4Q6Jw9XaFP-oeofFRreou_mZsdxNx9y4lWF79_np-ZBMQGLubh1-KSE72SYwHWM5y1_il__rc_whQpTrmyAf5aJ2DdoLTkS0TKxpqsBhC=w1200-h800"", ""https://lh3.googleusercontent.com/p/AF1QipM5MtRkgXcHqRw5XxfkU44buBIGMXri-i3-9ufz=w1200-h800"", ""https://lh3.googleusercontent.com/gps-cs-s/AC9h4nr4943xMK05vTLw3TYZv7t32CVmHEVegnefZP5OX7VirmlG9wR5u5BdJYN3L6A28iy8B61q_tqDcZ6MpUT08ebsGKlsIY6ygAQhRHT2ocK0Xe38_Kok4RwmHV7USwMQf2zcFiRv=w1200-h800"", ""https://lh3.googleusercontent.com/p/AF1QipN_6sH4TsgNH-W5QAHjBChv9Ra8RqPk8K2eavK0=w1200-h800"", ""https://lh3.googleusercontent.com/p/AF1QipPMJW9HQ8111bQ12U4Jn1dCjRvFVvXukcz8hs82=w1200-h800"", ""https://lh3.googleusercontent.com/p/AF1QipPXDvMnAsSK2kzIa3UiitxcYfL3aeTGnVQb4EvO=w1200-h800"", ""https://lh3.googleusercontent.com/p/AF1QipOe1zRmRTKuctLWSqxwDGrQMs0lnlIoyuVRMJV8=w1200-h800""]",https://www.google.com/maps/place/Coffee+Island+%CE%92%CE%AD%CF%81%CE%BF%CE%B9%CE%B1/data=!4m7!3m6!1s0x1357937aaea26951:0x86ecbb2589721c64!8m2!3d40.5194663!4d22.2003689!16s%2Fg%2F11ngd_65pj!19sChIJUWmirnqTVxMRZBxyiSW77IY?authuser=0&hl=en&rclk=1,2025-09-06T09:36:51.267157,Saturday: 8 am–9 pm; Sunday: 8 am–9 pm; Monday: 6 am–9:30 pm; Tuesday: 6 am–9:30 pm; Wednesday: 6 am–9:30 pm; Thursday: 6 am–9:30 pm; Friday: 6 am–9:30 pm,,info@coffeeisland.gr,https://facebook.com/coffeeislandgreece,http://instagram.com/coffee_island_official,https://youtube.com/user/CoffeeIslandCompany,https://twitter.com/coffeeisland_gr,https://linkedin.com/company/coffee-island
Coffee Island Vέroia (Cream IKE),Popular times,Coffee shop,4.6,334.0,"El. Venizelou 31, Veria 591 32, Greece",Veria,+30 2331 060800,coffeeisland.gr,,40.5258087,22.2037349,,"[""https://lh3.googleusercontent.com/p/AF1QipO1b1xbsE7R4DlnxAI92TbPSH5UjdQI-PooIgt6=w1200-h800"", ""https://lh3.googleusercontent.com/gps-proxy/ALd4DhEnS1IiYFQKxHMZo_cx4U-NjhpK-pSiM8ipuic1VJo2HCRrMT5y_TFWtHXMztUAtUJ1hbPPE3icocwAU7VwcOj_qGhQulmCc8pW1iw_JCRN83e0EhMrfda-k5TTCWg9Hl3HAZkcUI3vS0VYWkNodMLqRZvqSS1ukCU-DALotNxZh5kgtxdtA8Ge=w1200-h800"", ""https://lh3.googleusercontent.com/p/AF1QipOIH7WIZ4wxaDGYtGWHQHsAumAQi2QAYDWBkKkf=w1200-h800"", ""https://lh3.googleusercontent.com/gps-cs-s/AC9h4noiIPJlMmw3CjVK49ZLauOSb2IUB3S4HXnDVpx4LhL24P4hhLqX6xweCOIrlHvhn0XKfrqL8wae7yr7pjkfas4EAkXYjUNNckhYxuy_3qlN2NfqgQX5HFvmU6Sn4nGwfFNpVdh29w=w1200-h800"", ""https://lh3.googleusercontent.com/p/AF1QipPxtn7rvUUgr0rBcwRA34pg3Gi0UVVvsKR60xib=w1200-h800"", ""https://lh3.googleusercontent.com/gps-cs-s/AC9h4npONm3AaiTdLItLyG2WHJkIl1iGRyqW2FsdHoqIdlCIFcsQM4nlOsLCi9n_TQjy2CPbkEPEqPUTiOLV0mkxhGN-wEX9IvalZ5PnAKDL12VdL3qgGlmhMNqDSvQdEcaGa-dBppw4=w1200-h800"", ""https://lh3.googleusercontent.com/p/AF1QipP2o6UmKJuw6GnL_WWx0kQrnspHh8Yq_rGIqzhn=w1200-h800"", ""https://lh3.googleusercontent.com/a/ACg8ocIEUepJSOyzRbomrplUOYcMyHU8G45Blvb30xyU8AJFibMC8g=w1200-h800"", ""https://lh3.googleusercontent.com/a/ACg8ocLhQEpxwpNHXM9ZzXXIDixo97gxmj03DT8x6Vm5n6FlmQPwEA=w1200-h800"", ""https://lh3.googleusercontent.com/a/ACg8ocLVMDoF8_Iv83nNasemXxPGQvypbYOzmlsW6H87VyC_3daSuQ=w1200-h800""]",https://www.google.com/maps/place/Coffee+Island+%CE%92%CE%AD%CF%81%CE%BF%CE%B9%CE%B1+%28Cream+%CE%99%CE%9A%CE%95%29/data=!4m7!3m6!1s0x1357929aa14014d9:0xccce7f792ca23860!8m2!3d40.5258087!4d22.2037349!16s%2Fg%2F11f2s2lhfz!19sChIJ2RRAoZqSVxMRYDiiLHl_zsw?authuser=0&hl=en&rclk=1,2025-09-06T09:37:51.340699,Saturday: 6:30 am–9:30 pm; Sunday: 6:30 am–9:30 pm; Monday: 6:30 am–9:30 pm; Tuesday: 6:30 am–9:30 pm; Wednesday: 6:30 am–9:30 pm; Thursday: 6:30 am–9:30 pm; Friday: 6:30 am–9:30 pm,,,,,,,
Coffee Vibes Veria,Add missing information,Coffee shop,5.0,24.0,"Stratoi 82, Veria 591 32, Greece",Veria,+30 2331 022299,,,40.5327804,22.207259,,"[""https://lh3.googleusercontent.com/gps-cs-s/AC9h4npVOsvY69oAijHipJFqwQy4u-_Q5oxKDfL4GjeRmXiFVulEADaHi5HIa-xakg-FRPWMJNHISXV-vAj4UbXm2tkiiBKIUYZ2eof8t9FZN5FMT9Jyfxbreo86I5tNA9BxzJZcsSEl=w1200-h800"", ""https://lh3.googleusercontent.com/gps-cs-s/AC9h4nqETrpn3ifIOUC198cBKchhkcELEJllkP_dOrPwcJi-llB6nKqSKwYgKZB25_UknbS7GVTsatoWmnVu9nHtysRqAJxpR80Nf-ARuwtNmL1urnWoFKW0l-RkoTWpuQB7EKyCxs_r=w1200-h800"", ""https://lh3.googleusercontent.com/p/AF1QipOpMnzqotbAbb4gc333h9qySfFE7XPOaXvQKsCk=w1200-h800"", ""https://lh3.googleusercontent.com/a/ACg8ocJwsk7c8zmR2zcvgaINcbz9u9uEHoT5PoWWImq7hZECVROkUg=w1200-h800"", ""https://lh3.googleusercontent.com/a/ACg8ocLsFvVc2lfI25o_kxmLWAP_lakU_RrTp2iZ7OsdHP7PjSytfg=w1200-h800"", ""https://lh3.googleusercontent.com/a/ACg8ocJLfYUJ00PLlp0SMAS2iUrCyo3FShmKvr8jn7KscRVYlCn8kg=w1200-h800"", ""https://lh3.googleusercontent.com/gps-cs-s/AC9h4nrsn-ml0M1BavAETrXoVSGoEDAmTiR9RRlezC39mJb96rcHA2MunG0F_RiDkmwlHiJ4c_DsAcqjaHSsDo9okJvv4IAvASeoxoukB_Zfmcvar1VaRn_FafkalmcR_iPduOZgmuDv=w1200-h800"", ""https://lh3.googleusercontent.com/p/AF1QipO1b1xbsE7R4DlnxAI92TbPSH5UjdQI-PooIgt6=w1200-h800"", ""https://lh6.googleusercontent.com/proxy/zjyRYTiw73nWwyC_DmzYCDBnKlUmMHyMRjx-JGGhkRbaSC8UctHQGQY0r6QO1eJmNfCsxqfwa_cv2cjKygdRAULnQawqEw-KeZOHtIsEIUujEhNMPUlVDg5C1Qi7aJY_QJ8Y1Z7dJJi7RuF-fkIcYp4w0QbgQw=w1200-h800"", ""https://lh3.googleusercontent.com/gps-cs-s/AC9h4npL4kHCEsFwNCEwK5dn8DW6JiF48f6fIotFyQfiDMh5HX8UnmyWxuuz7e6bDHMyYEVTJLeigAFHjMV8NkwurV-PKtSaun-5ILXCXzeHZhpnHRAgqxWGPAZeLm0Ije-LnltDIY2U=w1200-h800""]",https://www.google.com/maps/place/Coffee+Vibes+Veria/data=!4m7!3m6!1s0x135793ce5a3e8807:0x35cf56cbe7c44bcb!8m2!3d40.5327804!4d22.207259!16s%2Fg%2F11t71t26rs!19sChIJB4g-Ws6TVxMRy0vE58tWzzU?authuser=0&hl=en&rclk=1,2025-09-06T09:27:33.591659,Saturday: 6 am–9 pm; Sunday: Closed; Monday: 6 am–9 pm; Tuesday: 6 am–9 pm; Wednesday: 6 am–9 pm; Thursday: 6 am–9 pm; Friday: 6 am–9 pm,,,,,,,
CoffeeGo-Bridge,Popular times,Cafe,4.4,217.0,"Vlachon Iroidon 62, Veria 591 32, Greece",Veria,+30 2331 063222,,,40.5282538,22.2000988,"[""https://www.facebook.com/-Coffee-Go-B-R-I-D-G-E-%EF%B8%8F-108389707311708/""]","[""https://lh3.googleusercontent.com/gps-cs-s/AC9h4noaFWPleWzEhGPOIVs6fkB6sOKtTCmiOkVsTgoGan27fP31aRGIVxb4jQI1BWR0htg4DG3oX78IHe7a_3JADPdtdezMXYVj7Awx-i7KftZ5ARMA_FBiyMkfLNdVzz8eFrsypQ3a=w1200-h800"", ""https://lh3.googleusercontent.com/gps-cs-s/AC9h4nr66FaPFJ58GrQ_8YrFqXiwsYmd156UYlaZ7Up2SrHwf0YGXCnsClurjpd28zz9GPJUgfDKxoz4BdGNKgHwvItbJfZCcmviBH9hnvOK9eZt19SDJm25ZiuzADN8LxexdR7wGWCt41H8lg0=w1200-h800"", ""https://lh3.googleusercontent.com/gps-cs-s/AC9h4noSH5eIGfOYlEzewLtz_4GRTxBwkWFro8x52YdifcL0M6gxrGDJB32ZQBSrBVgLLx4n9Mh16W0eKERK-OMUb__jAtQrWZBGnz5Ra_nSr1jwSeVgVLKCqDvRXSt26g5qHmPLVKMO=w1200-h800"", ""https://lh3.googleusercontent.com/gps-cs-s/AC9h4nrLt9C4NUUejVD4nNh3NMuIu9Tyq1thNiDUigy_K4rZNerN8DGE4-hQP9SYaLaG6AocS7sxMdsg-To9VE3oCg6RcqpDJFzmZ1bHG8usKz_mbwnhWPdvG8QkjSWGpHucsojpsPb9=w1200-h800"", ""https://lh3.googleusercontent.com/a/ACg8ocIShK2hSK0MJ6UFgF4uskickjXYCeg7cKtfbaQaFhOfiAwRVg=w1200-h800"", ""https://lh3.googleusercontent.com/a-/ALV-UjU2_n8Mp4S7eaDwxMr3UvOhp1YKDfgc9_L8bdRzRJlfqP5IiR1U=w1200-h800"", ""https://lh3.googleusercontent.com/a-/ALV-UjWJHbkfrOw1mQSTKnBkB8dgmxZeSvb1BvIsQA32hGztr_PiY4l-=w1200-h800"", ""https://lh3.googleusercontent.com/p/AF1QipPir8z2QSvEy_Tgaja3cj408s0OzpMU5sOoUMDj=w1200-h800"", ""https://lh3.googleusercontent.com/gps-cs-s/AC9h4npSoVcEvrnG6sYVNwS2PaTUmYOGWYE1sZxtRBzJ_o_oEfHFq42RkVaJKdsrKJ27gCjOcRLWNfEx_35XT24ySTAystYoN6HE85VbEnsVLuWwX8dCueCRX6KqK5N-YZI0jZwxAjst=w1200-h800"", ""https://lh3.googleusercontent.com/p/AF1QipO1b1xbsE7R4DlnxAI92TbPSH5UjdQI-PooIgt6=w1200-h800""]",https://www.google.com/maps/place/CoffeeGo-Bridge/data=!4m7!3m6!1s0x13579300a080422f:0xbb114f3df93ace8e!8m2!3d40.5282538!4d22.2000988!16s%2Fg%2F11jbkqmmgp!19sChIJL0KAoACTVxMRjs46-T1PEbs?authuser=0&hl=en&rclk=1,2025-09-06T09:34:04.428265,Saturday: 6:45 am–9:45 pm; Sunday: 6:45 am–9:45 pm; Monday: 6 am–9:45 pm; Tuesday: 6 am–9:45 pm; Wednesday: 6 am–9:45 pm; Thursday: 6 am–9:45 pm; Friday: 6 am–9:45 pm,,,https://www.facebook.com/-Coffee-Go-B-R-I-D-G-E-%EF%B8%8F-108389707311708/,,,,
Coin Espreso Bar,Coin Cocktail & Espresso Bar,Cafe,4.4,593.0,"Elias 8, Veria 591 32, Greece",Veria,+30 2331 071727,,,40.5233725,22.2059642,,"[""https://lh3.googleusercontent.com/gps-cs-s/AC9h4npE32rj0Fve1xkjyPxIKahuNoZVZvwjb9Pm6-h12DbDxN7yFYJGZYpCAhJevNCvXNbXFxpqlChBYprCkpV_c348zi9mW-noWFu2Od6uRzzacrQEo5KBrvhUo_ZG3vdWixC82dT5=w1200-h800"", ""https://lh3.googleusercontent.com/gps-cs-s/AC9h4npSh5e6oMyyFqqgkNSn70xwm9jtDI7hZha9J_Zp51VC_O7TETcAsV3GGFQQTgvV9BikUsTJFkkxE1OEOPJi917DbAL8BOQ9wlNIspu-f8ybvG4fhFMA6_d51nl2N-pjt0ISnQKefg=w1200-h800"", ""https://lh3.googleusercontent.com/gps-cs-s/AC9h4no36S6t37_FQoTOlwOnlVX5_iF1KQlUhXpdG-iTT7x6bmawpVB9hLPcbx3HvT4LCEd-2ANEvDwdQCivywHTJCeUWrdlYm32Yk8Z0zC65oT_Kz6MGCqntPsrH7tl5PYGYTl5gHmb=w1200-h800"", ""https://lh3.googleusercontent.com/gps-cs-s/AC9h4npvuYBBhEgeLTyc4w02igPsORfnZ6CimF-HHvbxxU0zfqddg2k6IU9mBGxmtsh8z9fnYPArTmIl7TmR655aiRCaBW9hCGsJU3gply7hycd360dkIZX4i-yfzrDRr9psq6h8s0I4=w1200-h800"", ""https://lh3.googleusercontent.com/gps-cs-s/AC9h4nrcEgrPPwp7ske2TfiNyi5oiY951PA4iZzJSFrz6nj3YFT58KJSSnyuCs1IfLo89jhPjkst73dyVaevZousgT_eUdjB0fp_qjD5OviBV9E792cVsslbjjr1MI88UEzV1dg37pv-0pgtYGTw=w1200-h800"", ""https://lh3.googleusercontent.com/gps-cs-s/AC9h4nrnAiQKRatK3PYQ6MR3d3aoPJ89H9yf6MLnPyjSUP81SasuLbPiEE3pcVa9q9lnPhVRB9MQtNYU7pJCqIEh2SEFpOX02Jzte0cEBrhydupwBP-JsBRI_U3iM_okwT_tWwDWnln9=w1200-h800"", ""https://lh3.googleusercontent.com/gps-cs-s/AC9h4npTyQqTWW06-ROWCMDlazF_fmkYaF8FgQ1l0CYrwlW3giB2HTRNo2zKqQBLf1WdisT1YMKGXisGsJehgi_OO4PFW_5yxS1PTngau_nT6oK2CShpDQyUQII8sroB7mCANaWqd36vAMqT7lCz=w1200-h800"", ""https://lh3.googleusercontent.com/gps-cs-s/AC9h4npvblvESuFRzzInRnnUrQYAQT61pxtRrg_WxF3xjC28vaB04P4P1Tcl9dWd_OZdmJtz2NRyUtnh4n3vlhZoABzUwDn09akv34A41dTDCCb4BVk0NBpFxiXR7ctkqFFP28pT0Qxo2Q=w1200-h800"", ""https://lh3.googleusercontent.com/gps-cs-s/AC9h4nqHE1D4xmzfEbq2ijV-SglorZ-zK3T_1l6CzXn9nvEDtX_yY7e7z559JgrGq8fgK5h5k6hFuovcD-N0-OXjPpk_n1LnfhBUty_g2grdEfxMWH_PIBbTmoz45KG0U_L29olr_9Qdow=w1200-h800"", ""https://lh3.googleusercontent.com/gps-cs-s/AC9h4nptJ7rUq70-jre7bvTKIyl5g6EY84NWJEHpXsAx_4Bb6VV7Y-MPFCdlQbyNVUfSX5JvK9QhTkelQVu2ZwACstQYWP6Sv5q7DOwy7rtLUMoH6UrzciyGjwCGLPE-4mVPfojv-PW4=w1200-h800""]",https://www.google.com/maps/place/Coin+Espreso+Bar/data=!4m7!3m6!1s0x1357929a56abdd91:0xf7fe8b7448f73d0f!8m2!3d40.5233725!4d22.2059642!16s%2Fg%2F11b6dp02_5!19sChIJkd2rVpqSVxMRDz33SHSL_vc?authuser=0&hl=en&rclk=1,2025-09-06T09:19:17.758736,Saturday: 9 am–12 am; Sunday: 9 am–1 am; Monday: 9 am–12 am; Tuesday: 9 am–12 am; Wednesday: 9 am–12 am; Thursday: 9 am–12 am; Friday: 9 am–12 am,,,,,,,
Coocootsi coffee-art,Add missing information,Coffee shop,4.7,42.0,"Mavromichali 8, Veria 591 32, Greece",Veria,+30 2331 024156,,,40.5190231,22.2000604,,"[""https://lh3.googleusercontent.com/p/AF1QipM2rFpR3galksb8MPDIi7FU3c_vD3T2L5pGXYBu=w1200-h800"", ""https://lh3.googleusercontent.com/p/AF1QipPFGjyTIqjjF21-dQPcmDXkWUA3wYwigxEDPwz4=w1200-h800"", ""https://lh3.googleusercontent.com/p/AF1QipP-kGbTmq4Jy9C4-jnvBDm014KfDgopGcctIgS5=w1200-h800"", ""https://lh3.googleusercontent.com/p/AF1QipMtepqI7C0GG6LuNXz-XPj0eZw3Y7wHnkDMn20c=w1200-h800"", ""https://lh3.googleusercontent.com/p/AF1QipN3aldju808RDlE5K7M9g6AVU-Me-A8JJ9XKgje=w1200-h800"", ""https://lh3.googleusercontent.com/gps-cs-s/AC9h4no-dL-glntDnbE5Wl7i17HPCUVdEPPb1QUPiLW_Y8GODOoJ5irrSzJ2186ISaAAjy6cp1Tht00wds3WBXh5h5zsLlW8zQFiwE2UTmtI-AFRFier4FovT-ounhdqRhD8EkJtaHG-=w1200-h800"", ""https://lh3.googleusercontent.com/a-/ALV-UjUhH25PX5xJ46eeiglj3hkd7B3LruFPz8gdPMIuuOTLrHknuM7WrQ=w1200-h800"", ""https://lh3.googleusercontent.com/a-/ALV-UjXviBDAwYqS4RBbgdSRHX5YjsgQ7HQEf-M7sGzF65lB_j2zEheI=w1200-h800"", ""https://lh3.googleusercontent.com/a-/ALV-UjV8DmqsUNff-_LZWqRV1lAV9VXyTb4ZqGTLTrK4e3KA-VvGV7OB=w1200-h800"", ""https://lh3.googleusercontent.com/gps-cs-s/AC9h4nqt9SvBhfe_ypCMhNY4pAHfqxTnPYRN79V3Hkfs9jRzp21vlSMYgl72LLIw3bIF8SRE0n8a2n3B1WXmYBnLl6Yl6-Z3ZqU9RqnrMT40iKY5eFy0uWiqohxxTkT9HsLv4lT-3sYi=w1200-h800""]",https://www.google.com/maps/place/Coocootsi+coffee-art/data=!4m7!3m6!1s0x135793e904eea7bf:0x89229eee2a4b51d5!8m2!3d40.5190231!4d22.2000604!16s%2Fg%2F11qptfkd4_!19sChIJv6fuBOmTVxMR1VFLKu6eIok?authuser=0&hl=en&rclk=1,2025-09-06T09:23:45.117988,Saturday: 7:30 am–11 pm; Sunday: 7:30 am–11 pm; Monday: 6:30 am–11 pm; Tuesday: 6:30 am–11 pm; Wednesday: 6:30 am–11 pm; Thursday: 6:30 am–11 pm; Friday: 6:30 am–11 pm,,,,,,,
Delante Bar,Menu & highlights,Bar,4.3,470.0,"Leof. Anixeos 61, Veria 591 31, Greece",Veria,+30 2331 064000,,,40.522859,22.2080794,"[""https://www.facebook.com/delantebar/""]","[""https://lh3.googleusercontent.com/gps-cs-s/AC9h4nr-DxncNAsEAiDGYfwETaoDsUTCaYOI8p37OXejR-fv6VneWruaX2JFMidKOhQI3EjMBXgONusqzYmwFhjGLhK4lAuoBdgaSH98eCle-VraC5gOhX1PwDNZ9-3Vm-ZpNpUClbLKNOIjRapu=w1200-h800"", ""https://lh3.googleusercontent.com/gps-cs-s/AC9h4noO7ORTUdsisrm7ZN-2_GR3ybvEz8j7pZT__yJheUsxdcPmPy8W2pyKdMsOlCA4HNjxECtdvLarwR4SwtOPKQfBuLNIIUo2Af3PVG1nMYoEiBkjq_n8X-tXwaD4sX8FCgSpzmkC=w1200-h800"", ""https://lh3.googleusercontent.com/gps-cs-s/AC9h4nprNJlrRUsxG6YkgSgAO2Ort4tKaAyo-Pqzw-1yFUJ2-_irWDDaQ37shrI_XIcH2YdL9789sXEr6Cnme_UNLMzBmXkhQPKTOHHCMh84ceSaS3AyRFb4O50zJCuCLKSoV-XOTU_I=w1200-h800"", ""https://lh3.googleusercontent.com/gps-cs-s/AC9h4noAPcFGiOahPTvPEZ_1acMR_B_lZ0kDofcd3vIaqGKZiTAWgWqcQoOqeWbqDVEiW-rOhwXpgjI-2hibYauhm4hnA9Zj-2Txt4Vm0DKl_7aI5-MwBFJh83dLgfG6X2GUkayQv7oPeQ=w1200-h800"", ""https://lh3.googleusercontent.com/gps-cs-s/AC9h4npSFIn5BT8-cEDjH8Q3k_QKKNT7KVTtUD5HoWGN2WsgOTNNymU8AegakhemKYREYih1stIo1P80xX4WSRNSiHNX2y9yVhZA6bEae3zfYE5VwIgDkAr8PQKMP8V2iy1qbzrINLVspv9sslQ=w1200-h800"", ""https://lh3.googleusercontent.com/gps-cs-s/AC9h4nqt9diwfY0GpFFLLjz1fVLCAw0aVnLdA26mjs1ZihZamMEeY6frGjY9NncheCEXnZddOMZDOy5sdaYgsf-8vyeET7HdI1C6MZKjFXkyxh3nr-gQutfphDpDjR4DIdvnbmiq5GXY=w1200-h800"", ""https://lh3.googleusercontent.com/gps-cs-s/AC9h4nr2kLK0Vy9I_Pcrb52IERuPFGFEdSrtzYPKfXrzZuLcopwLek53g0ZyNohBCr1SPf7kUgfvnPE8pcV_urZWFA2fXSu8t_iwbl8livymZ5ovscnguDf1G8eZdcdtDxJfMhQ2bN4q=w1200-h800"", ""https://lh3.googleusercontent.com/gps-cs-s/AC9h4nqDBLH6D25GsDCPDyhmz64mVWbNRzsM7dkanX9GA0TM0zcvl8alEytyQwl0igWISvuTx-68hHjBL7JyeRKazT9n_4N6gL6GsbcNWwi0DavPg1OSr7hg3UIDXbQu_sh3khPtrr0=w1200-h800"", ""https://lh3.googleusercontent.com/a-/ALV-UjXIbiDkG1IbHdcdiDNoBhZxkGnhkDJR923GkWX_AxV4E_mzD3-2=w1200-h800"", ""https://lh3.googleusercontent.com/a/ACg8ocLZZ1Sod9QzV7iOHF6lFVIspNkxgDVty7jSZiyPL0f-BG5ZiQ=w1200-h800""]",https://www.google.com/maps/place/Delante+Bar/data=!4m7!3m6!1s0x135793cdaef06a6b:0xb56dca713a0ccda4!8m2!3d40.522859!4d22.2080794!16s%2Fg%2F11h6s252v9!19sChIJa2rwrs2TVxMRpM0MOnHKbbU?authuser=0&hl=en&rclk=1,2025-09-06T09:29:12.059123,Saturday: 10 am–3 am; Sunday: 10 am–3 am; Monday: 10 am–3 am; Tuesday: 10 am–3 am; Wednesday: 10 am–3 am; Thursday: 10 am–3 am; Friday: 10 am–3 am,,,https://www.facebook.com/delantebar/,,,,
Dolce Via,Add missing information,Cafe,5.0,6.0,"Antoniou Tsoupeli 6, Veria 591 32, Greece",Veria,,,,40.5243751,22.20398,,"[""https://lh3.googleusercontent.com/gps-cs-s/AC9h4noVGqR3JdTDAFySSFTsMkLZIJ8S0Xl0s3Yz6uIFmsZDMKDfmUtvKi3m3SZgXiSk4ryhMaBmJUAhCqwQiGuYhcOUme6WFzD67O9nZ1tBp8doe0QqDJy_9U0JrHL086e9DcOUcLgX=w1200-h800"", ""https://lh3.googleusercontent.com/a-/ALV-UjV2hk0bl5Nbqh6jBtWKMOV4HAHZrxtJS45O4r95fqblbTOvPmKWRw=w1200-h800"", ""https://lh3.googleusercontent.com/a/ACg8ocJBVPJPkPiqPq9ru7JhWN1fwjK6x8nEWp-BVF5dynebRNArdg=w1200-h800"", ""https://lh3.googleusercontent.com/a/ACg8ocI-M__2COSJAUjtjaXGsvcpwbD2twHm4-S0dv_gIsYD3Io1yg=w1200-h800"", ""https://lh6.googleusercontent.com/proxy/FzryY_Fm7eXqx79HZm1zvsALjalzmpIql-1GvX_VRQRZBN0OLGBVLe3GNkMeqYU10abQmFTjN7TDdDEZ16SRuslMUTvqT8kIN1N5IGjn5kzBoNdI5Rsmk2JOxTKh0DdEMB7Ufq64I6PMdl6476BtwDaXZVB0WA=w1200-h800"", ""https://lh6.googleusercontent.com/proxy/88pf8gq1zlqAxrfR3PPoKSWcNZAXbYQq0iYTLYnBymbVfXLqiWuN3isOEbeiiOHBG8C8CLC2hPkBJBtK3ZuNzRDEiXNYmdWjocoWxDGtOYS5DsykTjRGr5K22w0KechcLvAPw-BNQZlv0RYutEZyBS5-bR920rs=w1200-h800"", ""https://lh3.googleusercontent.com/p/AF1QipNnY6tZLVrkAZZtxthMnUzIpIRIw3ZWJn2PMIyb=w1200-h800"", ""https://lh3.googleusercontent.com/gps-cs-s/AC9h4noTWPQgvjWUZMthKoHFBfs7I10KFAnvE293v9OggRBPd6QAlEX74pj3VCiSvFs8cCtCoLg3e8iOT3FI3f0gvGjyzyU6w1Cv8ti_EftHTX-UQH2iTNkBhigGSCqU85TP3N-pqvo=w1200-h800"", ""https://lh3.googleusercontent.com/gps-cs-s/AC9h4nohvYH1sN7rVYkfF1RtY-Hj0hYruyq4cIYVMEg5pWWmXA9gGwnZ3naZrr6d78rspaICsamS3WJoJEFRFwDoNhmcE3Lx_Ntnop0QMDXSgfhOYDYhuf6Uv-yU_qL15vv1cwyZi-Q=w1200-h800""]",https://www.google.com/maps/place/Dolce+Via/data=!4m7!3m6!1s0x1357930f79127a43:0x75c6168136ff7bdc!8m2!3d40.5243751!4d22.20398!16s%2Fg%2F11ng1f77jv!19sChIJQ3oSeQ-TVxMR3Hv_NoEWxnU?authuser=0&hl=en&rclk=1,2025-09-06T09:33:23.169059,,,,,,,,
Draw Cafe,Add missing information,Cafe,4.8,77.0,"Fίlonos, Akropoleos 9, Veria 591 32, Greece",Veria,,,,40.523201,22.1968433,,"[""https://lh3.googleusercontent.com/p/AF1QipNVVnPJPlNekA7XBnLkHV3XxKCMlRgriEiCHuds=w1200-h800"", ""https://lh3.googleusercontent.com/gps-cs-s/AC9h4nroAv8gvXUW2RtVCabwkleTnnAJLesut_ZApAB_ugTE0wZPYI8Ozho-n2vI1dz4g4mkbaVxbEpQQSAvRuWHTuBWwSj7xgOEV32W8ElBMOlWHzMpkicduRVhbn8qvVSWjaTSKOE=w1200-h800"", ""https://lh3.googleusercontent.com/gps-cs-s/AC9h4nqplB-oVuB6x5DbbhQqNKlz-Zs_zDPO50t-EaYqqxDNnUYp0ubkSe0QkpOppL3ckYj0ASZfWh9rWkJHVS1cZZqwac0-pzPsaXdJHb1mmNPdot3BdAzrUGw_LHOCUmA3YoFn2Rjt=w1200-h800"", ""https://lh3.googleusercontent.com/p/AF1QipP0NeVFGc5hiq5wTldqIPhAVP6UrO0_nxQs39Kt=w1200-h800"", ""https://lh3.googleusercontent.com/a-/ALV-UjVz7858Q-Oecs53hizqZNOUhQG0kL9o8i1XnJ_pPab6HzFsCOk=w1200-h800"", ""https://lh3.googleusercontent.com/a-/ALV-UjWR6c2PVAfXolKhDCXVupFMZvS7InFB4RfK-Mel3j7CpL_Z43Ep=w1200-h800"", ""https://lh3.googleusercontent.com/a/ACg8ocIA64zjvWwOYvsTOH5AkCs9mJq6rQMaUabCSQ1j-xCzR3BW4w=w1200-h800"", ""https://lh3.googleusercontent.com/p/AF1QipPpgWTR8P8TzanLNqD0WwKUiNRiirXmvRAQL-Kq=w1200-h800"", ""https://lh3.googleusercontent.com/p/AF1QipMjwVQoItJ5JNx22sIPb9i62ojs0Z3jCe9L9Shx=w1200-h800"", ""https://lh3.googleusercontent.com/gps-cs-s/AC9h4noB3F3Crr9cLvoc7U7eXXFWElW1NOksl72l5iv6CtfZ763idkxCkMFlT1uf9WQDUwJJ8vI03do9Xn-MZcR7F98sS_8cQcXKOkN5_RfRKt8fzpLufStYDGFztyr_gj0hDvVtRNs2=w1200-h800""]",https://www.google.com/maps/place/Draw+Cafe/data=!4m7!3m6!1s0x135792841cd89009:0xec9c2b4ea9d2083c!8m2!3d40.523201!4d22.1968433!16s%2Fg%2F11gf9qf71r!19sChIJCZDYHISSVxMRPAjSqU4rnOw?authuser=0&hl=en&rclk=1,2025-09-06T09:24:00.072362,Saturday: 8 am–11:30 pm; Sunday: 8 am–11:30 pm; Monday: 8 am–12 pm; Tuesday: 8 am–12 pm; Wednesday: 8 am–11:30 pm; Thursday: 8 am–11:30 pm; Friday: 8 am–11:30 pm,,,,,,,
El gato negro,Add missing information,Cafe,4.9,38.0,"El. Venizelou 13, Veria 591 32, Greece",Veria,+30 2331 303030,,,40.5247951,22.2044118,,"[""https://lh3.googleusercontent.com/p/AF1QipO1im-j2SCdlza0RqkYBxk-wVvw7meTaqlnK0XX=w1200-h800"", ""https://lh3.googleusercontent.com/p/AF1QipPgfcXsc_gpZm5TUE5XhiyukIewmur2MSGWolrP=w1200-h800"", ""https://lh3.googleusercontent.com/gps-cs-s/AC9h4nqPOAz0bMqV7RBAx5s8x4dB7EYbfoHrpl_Evd7l0R7Ai16aCx6bI5L2BL9d4Gy16EreamJDgSxChjrMBCasAVXaXhZgs4Db3zR9Q_DmF6AcIH0etwYF9Nx6bA5tnt0VdYOqxRQL=w1200-h800"", ""https://lh3.googleusercontent.com/p/AF1QipORyQ5YlETV_uU6XWjoUX2H9Yi2uABBmTg_d2Do=w1200-h800"", ""https://lh3.googleusercontent.com/p/AF1QipPiTCX2rJlu7R6wcJePJ4fiinlcSYtSzKn6MIa4=w1200-h800"", ""https://lh3.googleusercontent.com/p/AF1QipM6c2JXZ92hylr_aCzElGiH_JiO3tGx8kj1qAqz=w1200-h800"", ""https://lh3.googleusercontent.com/p/AF1QipNp7_QEB6p9D4W6KLjeW1jlePMy-apsDpVoHbcB=w1200-h800"", ""https://lh3.googleusercontent.com/p/AF1QipPBh49lvpKezmGG7Oyx19dNs1CxhfuDeNvFLou2=w1200-h800"", ""https://lh3.googleusercontent.com/a-/ALV-UjVUwE9C14S-SLpcYWXqvVT8OBaa0YSMRT4T5aWkl3Ic3fvsrW8eDA=w1200-h800"", ""https://lh3.googleusercontent.com/a-/ALV-UjV1nLtJrkysoCT5ibJoFRzdWjIzkIsd7R4U4oa-nAn1K3sVPqaV=w1200-h800""]",https://www.google.com/maps/place/El+gato+negro/data=!4m7!3m6!1s0x1357929a94f2c5c1:0xa6fa211b8b9bd736!8m2!3d40.5247951!4d22.2044118!16s%2Fg%2F11bx55gt5m!19sChIJwcXylJqSVxMRNtebixsh-qY?authuser=0&hl=en&rclk=1,2025-09-06T09:25:18.722709,Saturday: 7 am–3 pm; Sunday: Closed; Monday: 7 am–11 pm; Tuesday: 7 am–11 pm; Wednesday: 7 am–11 pm; Thursday: 7 am–11 pm; Friday: 7 am–11 pm,,,,,,,
Elio • Save the moment,Add missing information,Coffee shop,4.9,40.0,"Elias 3, Veria 591 32, Greece",Veria,+30 694 790 6260,,,40.5237339,22.2054468,,"[""https://lh3.googleusercontent.com/gps-cs-s/AC9h4npMg72Cj4aVzIH5Iy3mfgwCOzzNNozjpvFfs9yIttBvQHdvWQVbTXQ2amG9eOKqz2doTBE34Q9cj7moBuVTJf9eXwuCqSt1b_RYpJthmodiqDsxAZr55MA1inXLnI2fapKY9dgO=w1200-h800"", ""https://lh3.googleusercontent.com/gps-cs-s/AC9h4noPy7sk80ThAGfLuoGOVD-q7bb-Ft_neVro65iQ0HcNrl4L0Muww70HbjnW0NNfMgC9a7xkoG2qh-YG9iq4jD4q4kafOf4hNykriZ2EuymAc64uxQ9Ly6WVIoDAWGIy2-ausGkK=w1200-h800"", ""https://lh3.googleusercontent.com/gps-cs-s/AC9h4npwxg25m2MDz7EA482FS7B80xDAixzpnqsLS_pYPft6woOGj1-Xo5MCw2907nuQudR_va5lmRWILeWorwoBZ_m7NPaccKApcdW3wkkNEtZ4bybA8lc4RwOx8Wcvy6CzNK1kDRwL=w1200-h800"", ""https://lh3.googleusercontent.com/gps-cs-s/AC9h4nraQ6Qe4mWfJOdxQGIA4e8FIYqgN5JWJyrhECnBrDZy89Iv7T4VtHSpqf4AddXJPpEDeeoU-XVfNWZKe0Igc-N82Yi0RWxKj7wDkQROj8tA1v7yarBDO1zUCgmdkVBHqt_NpTGfRA=w1200-h800"", ""https://lh3.googleusercontent.com/a-/ALV-UjWHzGJKAXCib5DDM7_c7927dswdfyrp4jmHqZ4GLF2Eor9ALDcl=w1200-h800"", ""https://lh3.googleusercontent.com/a-/ALV-UjUkR08fOrc8qquHm9WFQ_d70hSTj4pPrzrh_IIQFI7v4DL1XWmmeg=w1200-h800"", ""https://lh3.googleusercontent.com/a-/ALV-UjVqdAURf3SIyfREGGR8LAbFOGmcuIXGN3cDjQnO0QDC78O8MvNM=w1200-h800"", ""https://lh3.googleusercontent.com/gps-cs-s/AC9h4nq32nIhnzdJ5fkm9arOZxMSz6lm5QjCuFRHqZqVMVeYWByYTQ7V35PokIr-DPykBIPdbUTp-_63IIvmMEwykAZ8g8DgnWlaitovhHp-XD9dn6oE7UqEj8uvpJ6nAXtdYKHxhHI6Nw=w1200-h800"", ""https://lh3.googleusercontent.com/p/AF1QipMGJmII2FWx71krr7Cw3B5mddZinfAEkRaR25_R=w1200-h800"", ""https://lh3.googleusercontent.com/gps-cs-s/AC9h4nouJt4ydwjo9_MwsTL4JT4_47xWl9p4MsQnrkZgAdkNtKmbRPPQS2Mrfs6GjFoR9UY2B2LdIAGCSqLfjf7Yv0lMlxV4M2fKPVtFDp7JdFa18tpu_KJj587959vdib8ru1c-AXue=w1200-h800""]",https://www.google.com/maps/place/Elio+%E2%80%A2+Save+the+moment/data=!4m7!3m6!1s0x1357930058e46ff9:0x9df6db66c7860f03!8m2!3d40.5237339!4d22.2054468!16s%2Fg%2F11wvcj5zvt!19sChIJ-W_kWACTVxMRAw-Gx2bb9p0?authuser=0&hl=en&rclk=1,2025-09-06T09:26:22.255467,Saturday: 9 am–3 am; Sunday: 9 am–3 am; Monday: 9 am–3 am; Tuesday: 9 am–3 am; Wednesday: 9 am–3 am; Thursday: 9 am–3 am; Friday: 9 am–3 am,,,,,,,
Elvis,Add missing information,Cafe,4.4,546.0,"Pastέr, Elias 5, Veria 591 32, Greece",Veria,,,,40.5236786,22.2057416,,"[""https://lh3.googleusercontent.com/gps-cs-s/AC9h4nr9c2mdtoqKCFm_ZJqkhP8EI5jQ9DRE4FpOwuHYfb0B7WO4DhwrpqVMw6oEJv51LP7RyRAk9tKDUgILpxVLNDYPTlUcBhQa9CRIzd1sqXY2PILJKc-7fUq3xb-n9MdSO90ZDROVEg=w1200-h800"", ""https://lh3.googleusercontent.com/gps-cs-s/AC9h4nqUSilaceVQr-b_iDOL0rDO9N0lxk8J4j_vIrAMWC4_y-56Zj7QEG95mwHhVL2toiTw2hfO_xi0-Pxpc_0fhPaWnTyJW63mFfGBI95LzSAAFVW4nNe_rHYGBalM-6Sxp1x1e-YW=w1200-h800"", ""https://lh3.googleusercontent.com/gps-cs-s/AC9h4noknEjR4OHBs4VuK2nw-yLVW47rYGBDdZXHHHJnwtiGYOtSN0TaDnxwDyJ3-1iOCOviRt1YY8hW8pwn9SsdPGhMTvadzOs04wwWvsTTeSPy2elV8RrfnzXPGMVmh1_dZgH2hPmb=w1200-h800"", ""https://lh3.googleusercontent.com/gps-cs-s/AC9h4nqsmi9z-xbkxEDA66_Y5nUI777Hcokx64ECNNEaGE-Qp8U-yr6EEFfqEflOk0fpyD5h4V8iUBJEu-sAUqTpWczo4khzluCGAm04O0DBy9Nv0hUfZlI9zZuU6R_XI5BOJ2ntsug=w1200-h800"", ""https://lh3.googleusercontent.com/gps-cs-s/AC9h4noZKHvt26XzL_1QbJOF2iMIeG9ndPSrx6hY98uxsaDbxaeL2PixArGJsyObwXYDoDmJ0gTAkUWGLJGyY4MFJQ3HGo_YzqUwUNtSGtVJMzCiZ9OO39MjfM3R2zoqNGGWIUvUbbTeufXjAqbc=w1200-h800"", ""https://lh3.googleusercontent.com/gps-cs-s/AC9h4npzdqHDjZzU2gjiyn3MHjVKgqalgzsBzj-UpmAqKCyAbs2VXO5_dXvt3lVcGPZhSLnblSU-FxtqSPGMBbcPN3t-E-iKE5CwqHaz7olWAh-DQ6ePoUfIxiaxQbqIe78qybYirNQJwA=w1200-h800"", ""https://lh3.googleusercontent.com/gps-cs-s/AC9h4noXuRcrGZcUkqZxiDfp43y9T6wd7zEWGB8GZGxMoRS2cOWxMpmHyqWQ-M-O5JIjfDpK5IhQBAVRU4CTmN_45u9DIjxVHo7_Qv14fM8_ftvoGz2u1gobkk3JcI8l5yi_ovSfOR4AEg=w1200-h800"", ""https://lh3.googleusercontent.com/gps-cs-s/AC9h4npBeMG_wxvSJZBTiiUZACE845IZmq-ht8OVW53020AscvVja4UsmBTf6Zlmqc93L-fPXLDPxGUw2f9gm-bwy-qL93n811DQE3vJHagze5bNFGCkIFhjc_3mFm6zQH2YfpFORzDbtrehMiQ=w1200-h800"", ""https://lh3.googleusercontent.com/gps-cs-s/AC9h4nqN9dOW_tLoAJ0n86-V5AUE5HC-RCR675SyJFJqK_eO187_S3VMuLe4p8PRvg8xppx8h4UBdRa0QsZkCV2V_bwoZkZrzCboFbG1Jif-Y36_T1wkzf72atSLjbS6YkDZ3JR3cTcZ=w1200-h800"", ""https://lh3.googleusercontent.com/gps-cs-s/AC9h4npxaSARD16T4SgqMqidOtVwblBetHvm4pV0pvTnugiAmoAj1E4hKcrTIXlr2q7F2Jeq4VfwiiIyUef7QWjSAZMw9ta84fUDnpfE40zu1FoogSNFBYZ8bSIO07NxkrPJuA83wjn0=w1200-h800""]",https://www.google.com/maps/place/Elvis/data=!4m7!3m6!1s0x135793fa8a500527:0x99f73b212e39b99f!8m2!3d40.5236786!4d22.2057416!16s%2Fg%2F11j01p0k59!19sChIJJwVQivqTVxMRn7k5LiE795k?authuser=0&hl=en&rclk=1,2025-09-06T09:27:14.683237,Saturday: 7 am–1 am; Sunday: 8 am–12:30 am; Monday: 7 am–1 am; Tuesday: 7 am–12 am; Wednesday: 7 am–12 am; Thursday: 7 am–12 am; Friday: 7 am–1 am,,,,,,,
Floretta Cafe Bar,Add missing information,Cafe bar,4.6,330.0,"Mitropoleos 54, Veria 591 32, Greece",Veria,+30 2331 062100,,,40.523528,22.2050438,,"[""https://lh3.googleusercontent.com/gps-cs-s/AC9h4npPDMXxZIvCViAGTe9HqhNsVq6SZQR4ajIEWj9yFpaoQCczD6Pa4_VEB9Sh6kpPxJqVBsDGwpnxTdyZYL2IeDO47VnqNncj8Dr-Wo7ETSpjZ5-gRSpHxPT20LdH77V36U9EJWVN=w1200-h800"", ""https://lh3.googleusercontent.com/gps-cs-s/AC9h4nrJYDyS3eZVFVDFPfXVPJpLpOwR22_mRVbo4IY7iXep8QHSjQFRIhpoyCS5ULe-dluuwh6gKXSG7GDwy4tYEw2_humlvCA2MsJSCDYyszwlSpbheZChBDrwiS8zObQsFQsmbs7j=w1200-h800"", ""https://lh3.googleusercontent.com/gps-cs-s/AC9h4nr2bIyATN8WYk8Az4G_hhMA77pc2AfXxLhS0BLTBVdaEYUlOXv1tNIxecxEZors3DtYgJUGD_IfJyvUKXlXluUWBvsylzcgcyTjwB99J_Bs4gu2NWfbz77or0ZtByKkAQh4YtaX=w1200-h800"", ""https://lh3.googleusercontent.com/gps-cs-s/AC9h4npyl4gdDjNWoNigABSCcdkon45Bgmnrb7SfWxYjJzsbymgkaL9uDpvqabhk7gB-HesrN1AIUzWpTMxxkdT-fgSOIQIxWUkbogkAVsP_o7REnQeQBhrbMUpEZUvUpy_OQu_MskEWEA=w1200-h800"", ""https://lh3.googleusercontent.com/gps-cs-s/AC9h4nqIa6omPOjxFsW5ImvLcO6lH_iPXcls1vMsaWBmbisyUmmWx81JacL9-cmcD4Zr3KHWB08175GOlwMJJKzmNAPQ2oaiu3flK2HbvOf4NPM9JE3_AilZRBLHNKFJzrIinLtyroYexQ=w1200-h800"", ""https://lh3.googleusercontent.com/gps-cs-s/AC9h4np473GcYj2w97NlKCrJLa-KMXocg-b3dIbNYj0sjPdAm134OLSF12iW_47vu48plQmG5Fc9xg0PLd9y6M8cbvjmnRPmdQ46e25nUgAbxgMUaLOcG9FpCI6YF8u2ITbOThMQ-lJxfQ=w1200-h800"", ""https://lh3.googleusercontent.com/a-/ALV-UjUCrNdDf7IwOeczbm7JU6AbIC_OAqeLsHJWLsA9CumRmwIKBGAqqw=w1200-h800"", ""https://lh3.googleusercontent.com/a/ACg8ocIXY8-LhQXqxi84XZYVzx75JXIaLoyxRajJG2GPEgpyxSmBMWw=w1200-h800"", ""https://lh3.googleusercontent.com/a-/ALV-UjV3vgb8rsoJrD-4ygqIoU4RmWJa5F5t5zrUPHooyR0s5qaDBQh8GQ=w1200-h800"", ""https://lh3.googleusercontent.com/p/AF1QipO2a4q4dIPrOKe4V7lNyqIhdYN_XipJsRaVSkoE=w1200-h800""]",https://www.google.com/maps/place/Floretta+Cafe+Bar/data=!4m7!3m6!1s0x1357929afcfcecf7:0xac4e2f432811b337!8m2!3d40.523528!4d22.2050438!16s%2Fg%2F11fz9y6p91!19sChIJ9-z8_JqSVxMRN7MRKEMvTqw?authuser=0&hl=en&rclk=1,2025-09-06T09:18:27.050818,Saturday: 8 am–3:30 am; Sunday: 8 am–2:30 am; Monday: 8 am–2:30 am; Tuesday: 8 am–2:30 am; Wednesday: 8 am–2:30 am; Thursday: 8 am–2:30 am; Friday: 8 am–3:30 am,,,,,,,
Garden grill &coffee bar,Add missing information,Cafe,4.9,22.0,"Protagόra, Diomidi &, Ergochori 591 32, Greece",Veria,+30 697 197 4081,,,40.5404111,22.1987205,,"[""https://lh3.googleusercontent.com/p/AF1QipPxw20W_kHukLZMC1O2R3e2G5lvpx0pyau14CCA=w1200-h800"", ""https://lh3.googleusercontent.com/gps-cs-s/AC9h4npBVWuqF5KEARd9krbMNYFAEfJt1vo5hWGq_DY6YMEVtYiVteoUuGNx5AufYvYIx6iLswOsUnA9YFTWOuwTD1bLlOOJtmw0zn9CAly0R-m1ddEY2Xb0qJsFy_Qa5J4srqk6JXd0d-1fL2jV=w1200-h800"", ""https://lh3.googleusercontent.com/p/AF1QipM3Qw-a4kH9MT6N8o4LfKnaI5mfftq9rJ2VP8lh=w1200-h800"", ""https://lh3.googleusercontent.com/p/AF1QipORoql7CzAFV53y23HDXWBUEHRY7wt3TWt3CT37=w1200-h800"", ""https://lh3.googleusercontent.com/p/AF1QipMY5GAb_z26ywgnhGPi2sQx00dIlwLsjCiOaJE_=w1200-h800"", ""https://lh3.googleusercontent.com/a-/ALV-UjXd8Q5twnkGfgengZy-a6aOPVlDefYiI8O-CIoGK3DJ9Etuir4=w1200-h800"", ""https://lh3.googleusercontent.com/a/ACg8ocKBq7CtmUMNlBhICn1qL1pKbRZVjMEF6uzpHeiY7yslYXNk=w1200-h800"", ""https://lh3.googleusercontent.com/a-/ALV-UjVk2iaLcLzdjqDQitRe7ejWAk2_q6yHKgLA9vZI6_RWMUlujJ-biQ=w1200-h800"", ""https://lh3.googleusercontent.com/gps-cs-s/AC9h4nr5p7hdF_s-1k3IPUqy85B5PvAp07Za_0XvOaAWGr2rJBokqwPvmaYAB5vD3cgHKSDywUWdI6MSTPzujPe2Rhg3Bq6D1lE6DIX1Rh__chxj2O5TCuN7FXueGRVaDEp84oERVuzb7w=w1200-h800"", ""https://lh3.googleusercontent.com/p/AF1QipM2rFpR3galksb8MPDIi7FU3c_vD3T2L5pGXYBu=w1200-h800""]",https://www.google.com/maps/place/Garden+grill+%26coffee+bar/data=!4m7!3m6!1s0x135793e26a37a4cb:0xbd5d92593a8418aa!8m2!3d40.5404111!4d22.1987205!16s%2Fg%2F11qn677cyj!19sChIJy6Q3auKTVxMRqhiEOlmSXb0?authuser=0&hl=en&rclk=1,2025-09-06T09:36:37.656307,Saturday: 1 pm–12 am; Sunday: 1 pm–12 am; Monday: Closed; Tuesday: 1 pm–12 am; Wednesday: 1 pm–12 am; Thursday: 1 pm–12 am; Friday: 1 pm–12 am,,,,,,,
HARRY'S COFFEE & MORE,Add missing information,Cafe,4.7,31.0,"Mitropoleos 29, Veria 591 32, Greece",Veria,+30 2331 065050,,,40.5217333,22.2024387,,"[""https://lh3.googleusercontent.com/p/AF1QipP5U1t1mNEPzWfRECmfr5wf-IrgwQWDyg6HnCnB=w1200-h800"", ""https://lh3.googleusercontent.com/p/AF1QipNKUpTwuy5jUHBHLi3vGDyyr7W37I3SnakkhvRt=w1200-h800"", ""https://lh3.googleusercontent.com/p/AF1QipM6wLj1Nain3x4E6ICAhS7dIUEP_9CA6597I3MF=w1200-h800"", ""https://lh3.googleusercontent.com/p/AF1QipO2dFt95kPdEyJ49f8rClIP4TL9ySFy7OV8LNmF=w1200-h800"", ""https://lh3.googleusercontent.com/a-/ALV-UjXcWQFA2dPsJ5VZrlbDeaGkCNLLtW43BSxGExeaMCXeoFe-IHvK=w1200-h800"", ""https://lh3.googleusercontent.com/a-/ALV-UjV8MtaZ54c84gDqVw0mdSZBqI0lX09c-PJvO0mzgpTIm-33yU2Drg=w1200-h800"", ""https://lh3.googleusercontent.com/a-/ALV-UjWsXdiN6RkZ2wlFHrMCl0HHHi9d76sHnFI0dxcVFP0v2wB8VkbpPA=w1200-h800"", ""https://lh3.googleusercontent.com/gps-cs-s/AC9h4nqdcMU0o6uhfzheNPHLp-V6FScwuaUWwrEqOU4WWxPymunT2UeUwlWzTGNQaE6hWYzDBPZ-kj2q3NMgRebInPwd5hoXJCt380_9hJpYaYlMzv4u7ordSZWHzYOkM1bYD1aVxFevyQ=w1200-h800"", ""https://lh3.googleusercontent.com/gps-cs-s/AC9h4npo3V8cfWbMk2dSrFUwvce-PRDyIwAZgofH0ecAhUSdNLQfzBM-kCdGQc-rkBOYVDc2gHD3ZvU8r1WGxcVpvo726rt6sKqNtp_gt1cdaybqzBTeyAngCJMlIUGV0SEJozEJBE8=w1200-h800"", ""https://lh3.googleusercontent.com/p/AF1QipPpgWTR8P8TzanLNqD0WwKUiNRiirXmvRAQL-Kq=w1200-h800""]",https://www.google.com/maps/place/HARRY%27S+COFFEE+%26+MORE/data=!4m7!3m6!1s0x1357930bfdb7bbc3:0x96e16fb9abf87de8!8m2!3d40.5217333!4d22.2024387!16s%2Fg%2F11jmx69vck!19sChIJw7u3_QuTVxMR6H34q7lv4ZY?authuser=0&hl=en&rclk=1,2025-09-06T09:30:42.235559,Saturday: 7 am–3 pm; Sunday: 7 am–3 pm; Monday: 7 am–11 pm; Tuesday: 7 am–11 pm; Wednesday: 7 am–11 pm; Thursday: 7 am–11 pm; Friday: 7 am–11 pm,,,,,,,
HAT TRICK Sports Café - Pub,Add missing information,Coffee shop,5.0,29.0,"Davaki 1, Veria 591 32, Greece",Veria,+30 2331 077466,,,40.5228422,22.2067853,,"[""https://lh3.googleusercontent.com/p/AF1QipMlmx_b_ussOZ4EpH_lSMflBnpVLZQuYTQv59Q=w1200-h800"", ""https://lh3.googleusercontent.com/gps-cs-s/AC9h4nqJxV_hitJEt4GHbnCMBZvBeDJIFJoCNi1f7MZFXXRBHkj_3WRlHPzM5llku8d_l2vnpVf2BsIlNoByygu4Kl-j35YN8tcsjLIioT7DvAu5IiBze3Gl5kp_KWvZ1aCrtoUzExQz=w1200-h800"", ""https://lh3.googleusercontent.com/gps-cs-s/AC9h4nrtfcMxx9rVTUkcVrawZANlTWbto2qIpp5DwXhppetd03FHb9sX-pOorHnq1E0mOcqU1_wXM5s_KdU5Yw5LJqv-f2SUYAr2sW8wQ9-UBTORw6LTuTUrcMysTTecdV7Z9mDTQpAH=w1200-h800"", ""https://lh3.googleusercontent.com/p/AF1QipOr5x30neNq2LsVaerkCKXocy5MOEanHak_tG8=w1200-h800"", ""https://lh3.googleusercontent.com/a/ACg8ocKfAD9fEG79TOp6Ef4C3VffxeUGOiY45tR7YrN0Kv-KxH_aGg=w1200-h800"", ""https://lh3.googleusercontent.com/a-/ALV-UjXNPCOUtAm1-dgU2g9WTo7vuKvkDBMGNEPLW8kWycaHdY39Iy0=w1200-h800"", ""https://lh3.googleusercontent.com/a/ACg8ocKPNfP1Zcs7GGF8MpkU1dJ11GPvFWgsEm6gijedTTU-npIUag=w1200-h800"", ""https://lh3.googleusercontent.com/gps-cs-s/AC9h4nq4Eu1nOgLFkps0jlLsBgOyhjkIsCuD9Gwbr3C49yVX2aFeWxBZ6tFAtdXkaKB3QgYhrVZGuCizFHdNCBtazbo7hhnJCO0AhwGZe22l8GyFOjJUBdmEECLraCwIruLLMXzRYZWCWQ=w1200-h800"", ""https://lh3.googleusercontent.com/p/AF1QipP5U1t1mNEPzWfRECmfr5wf-IrgwQWDyg6HnCnB=w1200-h800"", ""https://lh3.googleusercontent.com/gps-cs-s/AC9h4npo3V8cfWbMk2dSrFUwvce-PRDyIwAZgofH0ecAhUSdNLQfzBM-kCdGQc-rkBOYVDc2gHD3ZvU8r1WGxcVpvo726rt6sKqNtp_gt1cdaybqzBTeyAngCJMlIUGV0SEJozEJBE8=w1200-h800""]",https://www.google.com/maps/place/HAT+TRICK+Sports+Caf%C3%A9+-+Pub/data=!4m7!3m6!1s0x135793004b8a5b3d:0xacb6dfb3874a9bf7!8m2!3d40.5228422!4d22.2067853!16s%2Fg%2F11y8nc4xp1!19sChIJPVuKSwCTVxMR95tKh7Pftqw?authuser=0&hl=en&rclk=1,2025-09-06T09:21:13.328377,Saturday: 9 am–1 am; Sunday: 9 am–12 am; Monday: Closed; Tuesday: 8 am–12 am; Wednesday: 8 am–12 am; Thursday: 8 am–12 am; Friday: 8 am–1 am,,,,,,,
Hawaii,Add missing information,Cafe,4.7,50.0,"Plateίa Raktivάn, Mark. Mpotsari 1, Veria 591 32, Greece",Veria,,,,40.5193073,22.2003747,,"[""https://lh3.googleusercontent.com/gps-cs-s/AC9h4nq07YT1HHM82CPsJiD2Nl7kufkQBwKOSU8-NB1sTukFu2Rbeq-BD0Hjm_v9LH74HPcPvS5mYQOrvHb1zsTQbUJyiosOQ3_5TxcLzCWLBMwrj2MphXlZWEq2wxnjhosV5Dkzwg4-=w1200-h800"", ""https://lh3.googleusercontent.com/gps-cs-s/AC9h4nrOjVzELDCsQNQTOBTEPy8vqDQHCQHLU1dREG4M9bmn0R6tVb37IPzeCR0HBeHSmf-jAWQW395BTwZ5tP8ciLZxXaNDij0TZV8juvliDR3-8idH8I91ZFR4EdzC1sFDH2shWt39ig=w1200-h800"", ""https://lh3.googleusercontent.com/gps-cs-s/AC9h4noMp2Cw009FtpTYfnT_O_EY34A8EhVOU4Nc6Y5mz0DNhchWzOGhEKIXTmNI3-QFXslhLzAqdhyBm3rjt8VFupqEc3G2I3zCDlQOhu03p00f-BfUlLPrp4_Gw715PsTaPcHgj5RB=w1200-h800"", ""https://lh3.googleusercontent.com/gps-cs-s/AC9h4nr7r6-OPp-N6O8BjAi_mPIN4-OSKRYiV7zwjIzzmqEcFmFHo_DFE8NoxQbIHs1682GJ7iActNn1bfI5GjBmeDOOrVJsa4DSJx3Kkzw21BHAO-FJ94LZr2jU9jfL8u3fr8kF0iWO_w=w1200-h800"", ""https://lh3.googleusercontent.com/a-/ALV-UjWw0MzLU5PR_fsydkGBx5KMYvqLpUVkS-lxEBcmlMAvP4FY8D7q=w1200-h800"", ""https://lh3.googleusercontent.com/a-/ALV-UjXqYB7554RJ98bo5-LZ2mfOdHR-G6tvNo0Su66uYoOvEiUtSdETYA=w1200-h800"", ""https://lh3.googleusercontent.com/a-/ALV-UjU61S75EDwnZhANsiJGerrsu8W1KAA5KZbpNSfPT5a6BjdIszql=w1200-h800"", ""https://lh3.googleusercontent.com/p/AF1QipP5U1t1mNEPzWfRECmfr5wf-IrgwQWDyg6HnCnB=w1200-h800"", ""https://lh3.googleusercontent.com/p/AF1QipO5iiYkB66PTD7OHI17rttcjQ1mZTh93XTF5UUz=w1200-h800"", ""https://lh3.googleusercontent.com/gps-cs-s/AC9h4nrwD0cPyiZR4R0I7MkrhOJzT2UbIoOm_FTMMzS1Z1jMV1N8bk7lDx2Ob1gXChxk-yMbLAC60U_5j6rtsYyU3G2hSK37y5D5n1RPNTOpbPnzo87O37HNGOL4gv4V35JMiMmDY2WyDw=w1200-h800""]",https://www.google.com/maps/place/Hawaii/data=!4m7!3m6!1s0x13579282fd7b60b3:0x2429f440e3862d20!8m2!3d40.5193073!4d22.2003747!16s%2Fg%2F11cmcg4ymf!19sChIJs2B7_YKSVxMRIC2G40D0KSQ?authuser=0&hl=en&rclk=1,2025-09-06T09:29:31.358473,Saturday: 8 am–1 am; Sunday: 8 am–1 am; Monday: 8 am–1 am; Tuesday: 8 am–1 am; Wednesday: 8 am–1 am; Thursday: 8 am–1 am; Friday: 8 am–1 am,,,,,,,
InMotion Cafe,Popular times,Cafe,4.7,205.0,"Akropoleos &Trapezountos14, Veria 591 32, Greece",Veria,+30 2331 063636,,,40.5262455,22.1981454,"[""https://www.facebook.com/InMotionCafeVeria""]","[""https://lh3.googleusercontent.com/gps-cs-s/AC9h4nr8Rmk1lVQRe1k_vwBd76w0XMulMEHtmRm74RU2tGAsgXwFsVMqINKa3aYmsMDLnulBhYC2BZuTmGzXnrijlh_7wWg4jKbyig1m2UqCGSuVhwspCUTg3R4zeIJcytb1tmfQwhRd=w1200-h800"", ""https://lh3.googleusercontent.com/gps-cs-s/AC9h4npfatwaVMZOvCLpB8lAiH2R-7u_PlemUAP2pbD_P9dg_YYOv8NCxQxC38uNZ0pVPYJfqzviiYBUunaHrJp6mbHc-npqHCvmlDvgDoORVmC3dbazC1ZLPBo67m8f_aQjjoatuxjrVg=w1200-h800"", ""https://lh3.googleusercontent.com/gps-cs-s/AC9h4noa4INtRMIxkLgClNsak8As7nrjTZn-br0xe0Uvy1avHJAdHRq-KVqNlycyBb_fvrqbMQYO0rzWNDLHsVaI_wEl0jDak-Ja9xpMgjb7iE_SrKWFLfsSvPGObSlGGLVWA17ckOd9=w1200-h800"", ""https://lh3.googleusercontent.com/gps-cs-s/AC9h4nrr-5V60OcZ7RPQvi8RJJEmFyHspFKkr607TNgRN9G3QHkoD31c8Z0GOTJCuGyFxS1dhJkvO5q5Cq1THsi695tCJDY_mGq5cZmRL9WmHL8-wd6i4kR7hI4d6tLIe4T5kghoRGhnug=w1200-h800"", ""https://lh3.googleusercontent.com/gps-cs-s/AC9h4nrvvwGqeaMVlWWbOIfzwolcxepewSWgjhPIpV92gsAulI5NX0IqdZEf2clpSvwaMM3uYutOSc0l9o5AKkjjo8GZHtm5YrjkXQ3uUcDbduSXf0pj8rN4qyHEEZentAVpkGz_y0vuLQ=w1200-h800"", ""https://lh3.googleusercontent.com/a-/ALV-UjU2_n8Mp4S7eaDwxMr3UvOhp1YKDfgc9_L8bdRzRJlfqP5IiR1U=w1200-h800"", ""https://lh3.googleusercontent.com/a-/ALV-UjX4XvV3OdMVG33lNBgR7g6KIX0of_SCVgmx5ThH12rrqRDRWFDkhw=w1200-h800"", ""https://lh3.googleusercontent.com/a/ACg8ocJRLGZYwwGHm8yt_3w4nVExACVWkpiA8eKeEBbvKdDpUD39Og=w1200-h800"", ""https://lh3.googleusercontent.com/gps-cs-s/AC9h4noB3F3Crr9cLvoc7U7eXXFWElW1NOksl72l5iv6CtfZ763idkxCkMFlT1uf9WQDUwJJ8vI03do9Xn-MZcR7F98sS_8cQcXKOkN5_RfRKt8fzpLufStYDGFztyr_gj0hDvVtRNs2=w1200-h800"", ""https://lh3.googleusercontent.com/p/AF1QipPg8E58HW-ogYMOQutqS_v-9C0haq5USWQkhRGj=w1200-h800""]",https://www.google.com/maps/place/InMotion+Cafe/data=!4m7!3m6!1s0x135792860a43da47:0xe9422176b645c16!8m2!3d40.5262455!4d22.1981454!16s%2Fg%2F11c6pl_pkf!19sChIJR9pDCoaSVxMRFlxkaxcilA4?authuser=0&hl=en&rclk=1,2025-09-06T09:23:12.974512,Saturday: 7 am–11 pm; Sunday: 7 am–11 pm; Monday: 6:30 am–11 pm; Tuesday: 6:30 am–11 pm; Wednesday: 6:30 am–11 pm; Thursday: 6:30 am–11 pm; Friday: 6:30 am–11 pm,,,https://www.facebook.com/InMotionCafeVeria,,,,
Jungle,Add missing information,Coffee shop,4.7,47.0,"Dios 2, Veria 591 32, Greece",Veria,+30 2331 300931,,,40.518708,22.1982625,,"[""https://lh3.googleusercontent.com/gps-proxy/ALd4DhEfa1GtgFjOL61g3Zsfpa0fcTK_06ycVhobNSlAHE_BCl4lCn7JPrpqIZfuifZ5ZTqF3g59jKVGDON-ECYshk3rZ5wRNvTPnitqJYyjUdfrqanW8TMFtgXjkv2Ml4iec5gt5h83sOVrqkuCzq4TujDsu4o3L_kujB5EB4LHGuaoprLI6TTJC-tO=w1200-h800"", ""https://lh3.googleusercontent.com/p/AF1QipPHl8vylhSDS9o7Io6XbuRusUpCXfxf35lv_fGQ=w1200-h800"", ""https://lh3.googleusercontent.com/gps-cs-s/AC9h4nooMr0oYzEyMHEq0Y_FDFHh048vzk6MjtFVwY1Tms-8oM558XVpCvJR37UsM_vxkC7exVoYiEWVl58aLGIYZ6M4JSA9kvn35lolIB2sZzKB3-uxDYD8tWJo_1y2SQcKJdq5NjI=w1200-h800"", ""https://lh3.googleusercontent.com/p/AF1QipMalAZzTJxgccnuctE-Ahe6WJbASSCu5K6mTLH_=w1200-h800"", ""https://lh3.googleusercontent.com/a/ACg8ocKvayIDxZFW89lCwJzp8IJdx2AhwbzdsQEHwWvIfk_K1jLGPA=w1200-h800"", ""https://lh3.googleusercontent.com/a-/ALV-UjVob_NuzIG-mYbntymOzQRyApukcgIQf1gNlY56NWbEFGrlW8iG=w1200-h800"", ""https://lh3.googleusercontent.com/a/ACg8ocKo1kK-ihuV3BUWwEHKjPc5vvj8RJLytOk6x1DJTSnIVc6u3A=w1200-h800"", ""https://lh3.googleusercontent.com/p/AF1QipO5iiYkB66PTD7OHI17rttcjQ1mZTh93XTF5UUz=w1200-h800"", ""https://lh3.googleusercontent.com/gps-cs-s/AC9h4nrg4rqbSuQn9BlY3qJtf_cQjMoURXNbox12A3siDjhanu-fh9RTYeYEuyl2GtrY_jVA4Koy_c1Q5F_zG_xjR3hI8G9itm-yrVu6-LOEFsQ0EO222E-_7Z0Pxj9pCZbL4lU2GGvK3w=w1200-h800"", ""https://lh3.googleusercontent.com/gps-cs-s/AC9h4npo3V8cfWbMk2dSrFUwvce-PRDyIwAZgofH0ecAhUSdNLQfzBM-kCdGQc-rkBOYVDc2gHD3ZvU8r1WGxcVpvo726rt6sKqNtp_gt1cdaybqzBTeyAngCJMlIUGV0SEJozEJBE8=w1200-h800""]",https://www.google.com/maps/place/Jungle/data=!4m7!3m6!1s0x135793e509d1b119:0x24914f60c350b950!8m2!3d40.518708!4d22.1982625!16s%2Fg%2F11sv6spxm2!19sChIJGbHRCeWTVxMRULlQw2BPkSQ?authuser=0&hl=en&rclk=1,2025-09-06T09:20:21.993478,Saturday: 7 am–12 am; Sunday: 7 am–12 am; Monday: 6 am–11 pm; Tuesday: 6 am–11 pm; Wednesday: 6 am–11 pm; Thursday: 6 am–11 pm; Friday: 6 am–11 pm,,,,,,,
Kapheneío,Καφενείο,Coffee shop,4.6,7.0,"Pierίon, Ifestou 10, Veria, Greece",Veria,,,,40.5136605,22.2108693,,"[""https://lh3.googleusercontent.com/a-/ALV-UjU2_n8Mp4S7eaDwxMr3UvOhp1YKDfgc9_L8bdRzRJlfqP5IiR1U=w1200-h800"", ""https://lh3.googleusercontent.com/a-/ALV-UjVk2iaLcLzdjqDQitRe7ejWAk2_q6yHKgLA9vZI6_RWMUlujJ-biQ=w1200-h800"", ""https://lh3.googleusercontent.com/a-/ALV-UjX1AqrMVm0mqe7xiCiJFSLJewAYGKeGrtD-p5hX0rVGXBGIB_b8=w1200-h800"", ""https://lh3.googleusercontent.com/p/AF1QipNnY6tZLVrkAZZtxthMnUzIpIRIw3ZWJn2PMIyb=w1200-h800"", ""https://lh3.googleusercontent.com/gps-cs-s/AC9h4nruv0y45VRo-3tpYHzyWUHYYjKGY_qzV_BtMEr5dkPO2Hjpw3iSrz5nw1jHpUMnFPu2vbjh3a1cQrvPYKd4B5qjojFCahLDxnofcEeMMQqDLFj994_t78gaAEmgGpml8o-yKy1m=w1200-h800"", ""https://lh3.googleusercontent.com/gps-cs-s/AC9h4nqPeIylmMpBX7zwZ4oUsWVqtPtjCZOtLMXg1yFiEa6h3IhZ8G4PcTwpJju6NXhaHgkpsWxQ_52Y_IpU-zP5MJS5IS3rDUnqvXhJgUBBSrdKyfalxrY3_kd1Wo8cX8gvJJM7WbSobQ=w1200-h800"", ""https://lh3.googleusercontent.com/p/AF1QipO5iiYkB66PTD7OHI17rttcjQ1mZTh93XTF5UUz=w1200-h800"", ""https://lh3.googleusercontent.com/gps-cs-s/AC9h4npiGXFWlugOL2bvpM3nHZpjMf68zzY5ZcqopqWpjXIGaIfUbeYdEknpmcetcmXp9cAwEJ1hDMzcr2vLkb9cqYpRjqluZ5qsno61VBlw-SytlwbC1dbqSHlS7xwwR-mHMFE54MF60Q=w1200-h800""]",https://www.google.com/maps/place/Kaphene%C3%ADo/data=!4m7!3m6!1s0x13578d61c81e4787:0xcaa6603ae86fb045!8m2!3d40.5136605!4d22.2108693!16s%2Fg%2F11df0q6_sd!19sChIJh0ceyGGNVxMRRbBv6Dpgpso?authuser=0&hl=en&rclk=1,2025-09-06T09:39:12.139449,,,,,,,,
Kaphenés,ΚΑΦΕνές,Cafe,4.8,24.0,"16is Oktovriou 2, Veria 591 32, Greece",Veria,,,,40.5197784,22.1997736,,"[""https://lh3.googleusercontent.com/gps-cs-s/AC9h4nqPeIylmMpBX7zwZ4oUsWVqtPtjCZOtLMXg1yFiEa6h3IhZ8G4PcTwpJju6NXhaHgkpsWxQ_52Y_IpU-zP5MJS5IS3rDUnqvXhJgUBBSrdKyfalxrY3_kd1Wo8cX8gvJJM7WbSobQ=w1200-h800"", ""https://lh3.googleusercontent.com/gps-cs-s/AC9h4no0NGADeuEV4KS-HwfINyPptqP5JMeFJefb6CO3MCiWHpzB2SIBn8N4q4LvSxwxLycLLg3RBpHw-DRj4zm7LCtEIqAixd0-pF6QzwYgeLvXmoDSiHXR0mr7ri_Gzt3XIWqGux4r=w1200-h800"", ""https://lh3.googleusercontent.com/a-/ALV-UjU7zqzdcyE-BEfGIoomb77gnGr-RZP1DyiqHErVILNDdY4dQvsz=w1200-h800"", ""https://lh3.googleusercontent.com/a-/ALV-UjWZoy_xHbslihO74HjyB3nyresFRkDMynz_Y7PQ0oKY2kOUDBT4=w1200-h800"", ""https://lh3.googleusercontent.com/a-/ALV-UjUyrK2xy8XGizEh2WrpWohcUM49vxNCAMFzaPui7NHthIfDWt6f=w1200-h800"", ""https://lh3.googleusercontent.com/gps-cs-s/AC9h4not3jNL6Wmq4eEEmuh1kImWtiu5K7gy2JhgphtvXHzvjilaNBp2GJTv6MLuWVOIT3Q83t6JnOOl4oY5KAA75CtUs2yTvdo3Eb_dsL40jzUVhBEYdTvONbE1kVVlctm2mhJd0kC-=w1200-h800"", ""https://lh3.googleusercontent.com/gps-cs-s/AC9h4nqdcMU0o6uhfzheNPHLp-V6FScwuaUWwrEqOU4WWxPymunT2UeUwlWzTGNQaE6hWYzDBPZ-kj2q3NMgRebInPwd5hoXJCt380_9hJpYaYlMzv4u7ordSZWHzYOkM1bYD1aVxFevyQ=w1200-h800"", ""https://lh4.googleusercontent.com/proxy/nasuA-ixjlCalPPczMyr_R8bnZaGf2nJKwzOHgsFx3W5Aq1AXdDsf4EWb3RiEPprOzfQspsFRWY15esNyejG4IhfYiAF1i71XI5gZ4Wv_wVOjWLlucWO2T_EfCduc71uTY2fTWetqasAe8x7Vf2zYbxXSv1hMGA=w1200-h800"", ""https://lh3.googleusercontent.com/p/AF1QipPg8E58HW-ogYMOQutqS_v-9C0haq5USWQkhRGj=w1200-h800"", ""https://lh3.googleusercontent.com/p/AF1QipOEmHVZdXkKDXCFc2qvqRxR6Y2CAywWE95pgKw1=w1200-h800""]",https://www.google.com/maps/place/Kaphen%C3%A9s/data=!4m7!3m6!1s0x13579283aa77b28f:0xf3715b82fe93fd25!8m2!3d40.5197784!4d22.1997736!16s%2Fg%2F11f_j06f8y!19sChIJj7J3qoOSVxMRJf2T_oJbcfM?authuser=0&hl=en&rclk=1,2025-09-06T09:27:45.839301,Saturday: 8 am–12 am; Sunday: 8 am–12 am; Monday: 8 am–12 am; Tuesday: 8 am–12 am; Wednesday: 8 am–12 am; Thursday: 6 am–12 am; Friday: 8 am–12 am,,,,,,,
Kivotos Cafe Bar,«Κιβωτός Cafe Bar» Πατρίκας Παναγιώτης Παροχή Πρόχειρου Γεύματος,Cafe,4.5,715.0,"Tsaldάri 40, Kentrikis 74, Veria 591 32, Greece",Veria,+30 2331 061101,kivotosbar.com,,40.5237869,22.2031344,,"[""https://lh3.googleusercontent.com/p/AF1QipNFDPsxeKyZ8HL0DNv-jJQkmp4bzA5hOXSgEUqa=w1200-h800"", ""https://lh3.googleusercontent.com/p/AF1QipNc2ua2lnTc_O8sYhU40PuGjufqOhbkW8nkpCes=w1200-h800"", ""https://lh3.googleusercontent.com/p/AF1QipMhpZO1EvZTvpY_N2N6cKhQ4-O1nMps2FE8xmee=w1200-h800"", ""https://lh3.googleusercontent.com/p/AF1QipM5jufa1b9FhbHNn9rcyGA07IDA7CUa06RU9BjA=w1200-h800"", ""https://lh3.googleusercontent.com/gps-cs-s/AC9h4np390gpM5TkUUn0cN1nHOKs9RHMMFsaOSI22tdwYta1VTLBNo49_CeqO5PGG1AOekQKacJmbQYBwwb67tQTcy14CT59NFiO71bxjKXanpHcejSHGG1orOP5fEpETIJWuT-KZ3jA2GqOi2Y=w1200-h800"", ""https://lh3.googleusercontent.com/p/AF1QipNVVuQOXFLj_IMGyV4wQudGrMFoeuwpb7NFc70I=w1200-h800"", ""https://lh3.googleusercontent.com/p/AF1QipPxr_f6CAeQI86PGiHgy6RgVJxxklACLEEbtZuZ=w1200-h800"", ""https://lh3.googleusercontent.com/p/AF1QipPTdm6bJmb7GnnN_XBJlO1rkotWksjffkJaAZKh=w1200-h800"", ""https://lh3.googleusercontent.com/p/AF1QipMlWDBfm36y-1ltN8DP32W80w4Gshh7xmNKWK8F=w1200-h800"", ""https://lh3.googleusercontent.com/gps-cs-s/AC9h4noznI9kw0ioQI3aXNE8rPHLkGFsGlP4XcEtOP_6kj1pcA2auCb_EuPJv1aXEFQOOnOYnNxI0AKFE4o3XZyr3uv599oP8C7e-FtOF9cHS4QOWC9RCkY5LvenwysNv6aSz7Qy5Fcw=w1200-h800""]",https://www.google.com/maps/place/Kivotos+Cafe+Bar/data=!4m7!3m6!1s0x1357929ad7a6080d:0x658570e1b773845f!8m2!3d40.5237869!4d22.2031344!16s%2Fg%2F1q6h_qt9y!19sChIJDQim15qSVxMRX4Rzt-FwhWU?authuser=0&hl=en&rclk=1,2025-09-06T09:17:03.430912,Saturday: 8 am–3 am; Sunday: 9 am–2 am; Monday: 8 am–2 am; Tuesday: 8 am–2 am; Wednesday: 8 am–2 am; Thursday: 8 am–2 am; Friday: 8 am–3 am,,,,,,,
La Grange Rock Bar,Add missing information,Bar,4.7,406.0,"Ierarchon 14, Veria 591 32, Greece",Veria,,,,40.5212816,22.2036152,"[""https://web.facebook.com/pages/Lagrange-Rock-Bar/213811278959297?_rdc=1&_rdr""]","[""https://lh3.googleusercontent.com/gps-cs-s/AC9h4npm4vvg-gzPi4DswhPVX5hWzAu4uGPfob-tXN1_VMA8t469Fj1mMHQvUFeNbLJWA0PVr8zZFX10ItdY-sh5fFXvVUltznMwlnGV1Q7HZveiAIFndYqtVSFYCxl_WcNstoXGSVlHpQ=w1200-h800"", ""https://lh3.googleusercontent.com/gps-cs-s/AC9h4np83j3UXdUWy7X4aLcCLwLOZZYX8THtDBCumL2jhp8byJnbflA2ze7Qwyh6-5OKy2KC_Xjn4_ac1cRl3haT7r5v-uBtQOUUlqb0TaH_7SZGI_FgOzjJNYEAXGnEMRk3W6Ch641KMw=w1200-h800"", ""https://lh3.googleusercontent.com/gps-cs-s/AC9h4nobv2rFazckPirI9s1NXajZjpmRt6BsAIQ5U_hR-uCYGGCQ_IbWR2rfk4SUHUI3DP_P0ei0Rog2H_C7wPVWwDmO0CI-8mKJTRekdh_MtmDqawxEtjkFggKt9PkMX6stvT_S9OA-=w1200-h800"", ""https://lh3.googleusercontent.com/gps-cs-s/AC9h4nrI4xkyXVtD3Luwx7LLd3bSiyTOgu7qYB4rPFPBeC5WJH4c9i0DVbLEY4vC7TnyvrX9lYLE6NdrP8XETF7s7xJWAC0_FD06x3dUWGvX5gfrHoyGy4l4-sJ2WkIeaUZeagsheYb5FA=w1200-h800"", ""https://lh3.googleusercontent.com/gps-cs-s/AC9h4nrKTU3GTkG7H9_NqGIZnLZCd0V2uCUnGvisggcZ8eSplIUFnUUNZbc5b6x5L7icGP3vG_HHUljTJXa8JNrk5q62EHL3LS3vatk8GR-EjyprFzupcrlljrVsVhur35Pz0cG4w6ScpA=w1200-h800"", ""https://lh3.googleusercontent.com/a-/ALV-UjXJFdd3Khn7QGlLufM3k4w8ulu1-PWO93Ndr6DTYXsMp_PKY4eh=w1200-h800"", ""https://lh3.googleusercontent.com/a-/ALV-UjWJyYEsWLSD1Q55LsFgqxAnCoSC9n0Jvlv32SjVR8vNTjXPNwFR=w1200-h800"", ""https://lh3.googleusercontent.com/a-/ALV-UjX7KWuZ1oRvrFEBaodFI4Art5sRYAoF7rZ1RBYnGdQYxzodf-ia=w1200-h800"", ""https://lh3.googleusercontent.com/p/AF1QipMvDKT4BPlmXVTG9bXQ4_FLWp9M7GOAjecKiot4=w1200-h800"", ""https://lh3.googleusercontent.com/p/AF1QipMZBTV-zWnirCE8cfwGXjciYBBQK5_FQQMq47gf=w1200-h800""]",https://www.google.com/maps/place/La+Grange+Rock+Bar/data=!4m7!3m6!1s0x1357929b59acb287:0x11c84749f4966bdc!8m2!3d40.5212816!4d22.2036152!16s%2Fg%2F11cmbgrnzj!19sChIJh7KsWZuSVxMR3GuW9ElHyBE?authuser=0&hl=en&rclk=1,2025-09-06T09:22:42.737789,Saturday: 9 pm–5 am; Sunday: 9 pm–5 am; Monday: 9 pm–5 am; Tuesday: 9 pm–5 am; Wednesday: 9 pm–5 am; Thursday: 9 pm–5 am; Friday: 9 pm–5 am,,,https://web.facebook.com/pages/Lagrange-Rock-Bar/213811278959297?_rdc=1&_rdr,,,,
Le Petit,Popular times,Coffee shop,4.7,155.0,"Vikela 10, Veria 591 32, Greece",Veria,+30 2331 301250,,,40.5233761,22.2032038,"[""https://el-gr.facebook.com/lepetitveroia/""]","[""https://lh3.googleusercontent.com/p/AF1QipOEmHVZdXkKDXCFc2qvqRxR6Y2CAywWE95pgKw1=w1200-h800"", ""https://lh3.googleusercontent.com/p/AF1QipNqY0X4AyWtesDR2cGEnDF1SSEaVrdqOFfArrut=w1200-h800"", ""https://lh3.googleusercontent.com/gps-cs-s/AC9h4noLGQJ1IOzu21fZE-63nna4UWBDsWPGtbAQwmfuOTr79nmYndLjn5LM2kkJP5CDmTdZ550nLLW9yi5UYBSxRRCkzn5ti13TP5mSSOANycgGsdqaQzvTifS_-FbwJPBGRvjzKCcD=w1200-h800"", ""https://lh3.googleusercontent.com/gps-cs-s/AC9h4np7S11hfJ8983fM64wAbKL5W9gMk0POb6dn6tH2pzbN04BvzkpoFiodChC8PGynHxV0Oj6uRKoAzEkzDlYtFkxO9Pc4I7Q0ahC0O6ZHMJslPHk_ial_5WYhPM36D5jdeWDndUh7QQ=w1200-h800"", ""https://lh3.googleusercontent.com/gps-cs-s/AC9h4noM0Y-VpTzybnWyD7PObu7qTc2U5nt9PCvES0doM7JaLBVKKHJaYJSZ7Xwe9zrfgiDrKo_yGpYpdCIIUIVbGvbAVAiE4U5Brz4LWhdfLpOkGucJQqpHoPvNLh0Glej750g0vw4NHg=w1200-h800"", ""https://lh3.googleusercontent.com/p/AF1QipOuWN_ybcYd5_ZZ4rWTw8en1RM2U-BoLE3QZLzc=w1200-h800"", ""https://lh3.googleusercontent.com/gps-cs-s/AC9h4nrkPvT-_2oyCjn_pQxqc5-dhDvJQ1d9F52_XpXUK2RKD5GjRAe6fWdwGbeBdrhcC0hGWdzenO_hF8Kx5Yg0xmEMURZG9ab6-E2jxvPiHHrXRoBuF6UWt2IOBb3zR1M0-6thdxUK=w1200-h800"", ""https://lh3.googleusercontent.com/p/AF1QipPsBSTnwQL2ilJIhpR_ZTURHeDUI9kIL4vWPgrZ=w1200-h800"", ""https://lh3.googleusercontent.com/p/AF1QipPVfYSmeiptz9DmW9KfjesLqtq5ed4qdmNxed5O=w1200-h800"", ""https://lh3.googleusercontent.com/a-/ALV-UjWS_tD3chY_eCV61Ye48941D0MRceka0fhKw8uxiqeCqtly8ezE=w1200-h800""]",https://www.google.com/maps/place/Le+Petit/data=!4m7!3m6!1s0x1357929b2ed546dd:0xd98bce287989d63!8m2!3d40.5233761!4d22.2032038!16s%2Fg%2F11dxc_j46q!19sChIJ3UbVLpuSVxMRY52Yh-K8mA0?authuser=0&hl=en&rclk=1,2025-09-06T09:20:57.919229,Saturday: 7:30 am–1:30 am; Sunday: 9 am–1:30 am; Monday: 7:30 am–1:30 am; Tuesday: 7:30 am–1:30 am; Wednesday: 7:30 am–1:30 am; Thursday: 7:30 am–1:30 am; Friday: 7:30 am–1:30 am,,,https://el-gr.facebook.com/lepetitveroia/,,,,
M Galerie Cafe,Add missing information,Coffee shop,4.6,59.0,"Mitropoleos 42, Veria 591 32, Greece",Veria,+30 2331 063173,,,40.5225489,22.2038105,,"[""https://lh3.googleusercontent.com/gps-cs-s/AC9h4np35utjHS02_dZbS7W8zhnTuL_JJ4nS_JXlZYV7MjAIeSMlMX1nPGGopPlpKE-y3PB82-neCIA5zVe_FmUfLVSgIUPAwFSwyyeYpn7vaiT7LtK3eVLIU3cHJN2vDFLWhdFj_ByF=w1200-h800"", ""https://lh3.googleusercontent.com/gps-cs-s/AC9h4nrN5DGh14p4qN2Qv0CRfwh3f9RvOzxo2I-8x-fVlYFRzLWpD5imRlbmcGcrLIIgku6rgVM2ptP04nw1lnfASEZCGGDBSO8sRcUeKozzMi2ZX6KdsGlTX6HhVjlW9j4HtTuBTwB0=w1200-h800"", ""https://lh3.googleusercontent.com/gps-cs-s/AC9h4nrDiLYH-_7_AWBRCxCeB6UlX__i_MA_XBu9kYtT0SFDJALX96IVf0PLQ70PakM1kW4c0fxC2l8i9QqmIzX4PrW87TstXYl1LjRVVOSEhF4jNWkLNvcI3tUlOymp82xhIhvToICL=w1200-h800"", ""https://lh3.googleusercontent.com/gps-cs-s/AC9h4nr8n7a55HEzB-42OmAb5vubTuSkE3RBHvJeaOgrC7LXNtlTjg4Jf5fEAwEwhMs6az43Mu-dQgwdoTcHOU_pFNV9XnTQ5T0YnoPrWNoiXG_Ao6bINUJzQkiBEHBpuoLa0y0-meIf=w1200-h800"", ""https://lh3.googleusercontent.com/p/AF1QipMCafhs2HUY_Bx8flEDmpyavgIrlqJGw3dOcw7m=w1200-h800"", ""https://lh3.googleusercontent.com/gps-cs-s/AC9h4nqFyNBVffAK5LpbJEDNmRaS1pBVhArPXNF2SXgHSnR1KJygsCMCZG5rdHb9eSLyTolpfaKQxFwU3ZP8KEj8egV9W76dPBdkvzRpEDOIvfigJB5qbMjjB1IdVmaNcZtXbvQd9MSm3Q=w1200-h800"", ""https://lh3.googleusercontent.com/a-/ALV-UjVQWNI8qEFzfavEi4OLwfxiPtZjEVaSKQtdE5gkelTL3AIUnwc=w1200-h800"", ""https://lh3.googleusercontent.com/a/ACg8ocJQWKVh_lcHnEvWufDuSc0k9ONpBltQdTdiHXJJvIJkmAKDIQ=w1200-h800"", ""https://lh3.googleusercontent.com/a-/ALV-UjXarP4fN-QMriQfa4is_Zmp8Na1ix-wLApnE8Kkz-_jpkCcsBhg=w1200-h800"", ""https://lh3.googleusercontent.com/p/AF1QipPg8E58HW-ogYMOQutqS_v-9C0haq5USWQkhRGj=w1200-h800""]",https://www.google.com/maps/place/M+Galerie+Cafe/data=!4m7!3m6!1s0x1357929b3927509b:0x713e32c01da4e55f!8m2!3d40.5225489!4d22.2038105!16s%2Fg%2F11g22xj5d2!19sChIJm1AnOZuSVxMRX-WkHcAyPnE?authuser=0&hl=en&rclk=1,2025-09-06T09:31:31.611613,Saturday: 8 am–3 am; Sunday: 8 am–3 am; Monday: 8 am–3 am; Tuesday: 8 am–3 am; Wednesday: 8 am–3 am; Thursday: 8 am–3 am; Friday: 8 am–3 am,,,,,,,
Mall Luxury Bar,Add missing information,Bar,4.5,382.0,"El. Venizέloy, Mitropoleos 67, Veria 591 32, Greece",Veria,+30 697 188 9273,,,40.5236947,22.205016,,"[""https://lh3.googleusercontent.com/gps-cs-s/AC9h4nrwHjSVqzfuPmtsUKxEYUcW9zqocyd3uzgsCGKqo5-kCtiqBCLe-fnWFIGVwe7C_2wD01jw3rmPeVXDSNt3UNowt0HaJGJ7aBqPgrqQdrnkXkGw_Lx1epwOTkQP7dEgfc6CdjN6SA=w1200-h800"", ""https://lh3.googleusercontent.com/gps-cs-s/AC9h4nr5Lgnx7lhyVMHaJuTBqFUMjlsQxNC-dKDUKPDuivOrHKRtNmwlWD_SlQyV8VwsasjNE6LqPhpkbD7oqUF0yYN9TNIqDn8DF8sd9poTNLfYOj6KYmMyUW1nUsaJBdxpu_tCo9lH=w1200-h800"", ""https://lh3.googleusercontent.com/gps-cs-s/AC9h4npo-tEpUTP-9OyWGTldbj7nZvonVU_soP2_QbiXKG2q6tdGxtYJj8ThIsGdQcXDMfFxykrrjSPUUGmAdJOvoTaxXbcwPKofaAksTzx2oQGfMl0HgpP7L-vPGJkBOQjFMZRD7hmc=w1200-h800"", ""https://lh3.googleusercontent.com/gps-cs-s/AC9h4no9o8uYcoRCj1gF74FE50cFLtyXPUQEXCWJqRBGItR6AUtR7H5ij5hI3vI9S7-tE7QBGNw2hRV8IC5wZuwE2oItdHF2zFJjg-JDzkHAGd4T7xZ8RHXHRryoXxnntdLkMoPBaRu8=w1200-h800"", ""https://lh3.googleusercontent.com/gps-cs-s/AC9h4nrgMzNM_Dx6uaKjmWfIdV12rC6w3zTYHlS3ICdjXw--51mDU7UB8VvJkqA-gn9E9bWhQRYi4p26WUF-SgKv00egtykxL_GRWHQIWkvWWoKtTMJYZbkzAf14IHch8CE6XFA8m8ckwA=w1200-h800"", ""https://lh3.googleusercontent.com/gps-cs-s/AC9h4novkQX1FF5npymt8WSa606makXRz_rImXZ2tLtL_DW_WjoSTW5lEKvlXK4JDmdD0_oGP3tdb13uMlWAC3xz9Dg1wSTysQSivZPXpSp5jKKqah4FrVKfuTFCuM-8RKQw_KY6nERvkQ=w1200-h800"", ""https://lh3.googleusercontent.com/gps-cs-s/AC9h4nr7I-6Qo1kTLXoJvNeP89AQHxwUGaggnWqdPeEhRwTXNSpQRDbSvUZ0EyGvJspHXKSm69DJpKyleWQFKDwg9UMxz7OQ4zih0fZg5O88eGJuNZZ_c-QJAppbAs4nb_OyOdrO4rc3=w1200-h800"", ""https://lh3.googleusercontent.com/a/ACg8ocLhQEpxwpNHXM9ZzXXIDixo97gxmj03DT8x6Vm5n6FlmQPwEA=w1200-h800"", ""https://lh3.googleusercontent.com/a-/ALV-UjXqIzq5Eso0liYO-KyOTC_DYIPsOOKHQNf-5jCw-zskFIfW2BYR=w1200-h800"", ""https://lh3.googleusercontent.com/a-/ALV-UjUL8_hBSEO9D20aHk26xukQgGfIC9nUGeOf5HqUzR0zMEYccevBrQ=w1200-h800""]",https://www.google.com/maps/place/Mall+Luxury+Bar/data=!4m7!3m6!1s0x1357929afafdc5df:0x9a068b925517013a!8m2!3d40.5236947!4d22.205016!16s%2Fg%2F11dxbsv9hb!19sChIJ38X9-pqSVxMROgEXVZKLBpo?authuser=0&hl=en&rclk=1,2025-09-06T09:33:10.131472,Saturday: 8 am–5 pm; Sunday: 8 am–5 pm; Monday: 8 am–5 pm; Tuesday: 8 am–5 pm; Wednesday: 8 am–5 pm; Thursday: 8 am–5 pm; Friday: 8 am–5 pm,,,,,,,
Mario Coffee House,Add missing information,Coffee shop,4.8,43.0,"El. Venizelou 40, Veria 591 32, Greece",Veria,+30 2331 120666,,,40.5262995,22.2038107,,"[""https://lh3.googleusercontent.com/p/AF1QipPg8E58HW-ogYMOQutqS_v-9C0haq5USWQkhRGj=w1200-h800"", ""https://lh3.googleusercontent.com/p/AF1QipPNwXZpL1ecjCoKuAjixKOV5Dhq9MhLJZY_eS1d=w1200-h800"", ""https://lh3.googleusercontent.com/p/AF1QipMOnXa-mht6GKxoEW4v0Axc37AeZczMyWQVf5Zl=w1200-h800"", ""https://lh3.googleusercontent.com/p/AF1QipNKam0ayHu0Ie3lFxY98wJe8raODvbXJVo5l-bx=w1200-h800"", ""https://lh3.googleusercontent.com/p/AF1QipPMcfjVQBPFGakvHU6R7HNCNu7IeJ76RfwvU_95=w1200-h800"", ""https://lh3.googleusercontent.com/p/AF1QipNx8mrwPQApeSQHFpTf7BuEnXrZnXn6yunrbYIZ=w1200-h800"", ""https://lh3.googleusercontent.com/a-/ALV-UjVk2iaLcLzdjqDQitRe7ejWAk2_q6yHKgLA9vZI6_RWMUlujJ-biQ=w1200-h800"", ""https://lh3.googleusercontent.com/a-/ALV-UjXQwwLsC6CkBotBsnAgXvvY0mQVx096nvXidjASUx8nlvGQNQY=w1200-h800"", ""https://lh3.googleusercontent.com/a/ACg8ocLLPhEO_FPVtG_a0gKJk4owcQmaJys38uHOQr2543vS_ti_3w=w1200-h800"", ""https://lh6.googleusercontent.com/proxy/zjyRYTiw73nWwyC_DmzYCDBnKlUmMHyMRjx-JGGhkRbaSC8UctHQGQY0r6QO1eJmNfCsxqfwa_cv2cjKygdRAULnQawqEw-KeZOHtIsEIUujEhNMPUlVDg5C1Qi7aJY_QJ8Y1Z7dJJi7RuF-fkIcYp4w0QbgQw=w1200-h800""]",https://www.google.com/maps/place/Mario+Coffee+House/data=!4m7!3m6!1s0x135793ab5c90b089:0xe7a27d2eedf19e95!8m2!3d40.5262995!4d22.2038107!16s%2Fg%2F11q24cbb0g!19sChIJibCQXKuTVxMRlZ7x7S59ouc?authuser=0&hl=en&rclk=1,2025-09-06T09:21:26.760953,Saturday: 7 am–4 pm; Sunday: Closed; Monday: 7 am–8 pm; Tuesday: 7 am–8 pm; Wednesday: 7 am–8 pm; Thursday: 7 am–8 pm; Friday: 7 am–8 pm,,,,,,,
McOza,Add missing information,Cafe bar,4.8,375.0,"Mitropoleos 40, Veria 591 32, Greece",Veria,+30 2331 067333,,,40.5224316,22.20363,,"[""https://lh3.googleusercontent.com/gps-cs-s/AC9h4nowaZTer7VBGiPMbr90JEz1iaz9fOPNru9I2yu1kk5_1ENlp-eh_vZmJzeeWLhsYnYxY3hLi8mITz2gTpGSqoqtX8hEs_gkU_dZmyk-QPBXuwnpU70msgPZf-i0U3trLK7i9zI9xg=w1200-h800"", ""https://lh3.googleusercontent.com/gps-cs-s/AC9h4np-wOO6TA86LCmaJmoPtudcMCtNpbtNQeex7e7RZTxHpczsbFfmfMk3kZcbqB8kQyyS3dBUDbo09vV8aABH6L5nGhB36rejOcbwXWs93vb_GLep6qvppZ3YVgYHVWRqCS95Ng0E=w1200-h800"", ""https://lh3.googleusercontent.com/gps-cs-s/AC9h4nocIXsbzdG9WIzJ6XOuUyAwUb6NFS77k0hA-sEUnXK3fd5e16D_zyXcGQlhLWhlXNyNRSoBYpFyhsZePpzfSt78_9QO4Iu3sWUNJsG7khSNVBluaAhTegNQ334OYBO4R2ZzW0Snhg=w1200-h800"", ""https://lh3.googleusercontent.com/gps-cs-s/AC9h4np6YzeScIMsqr5OwbZLy1LEWsKJR-2x2ktxE_oQndVPljIHswysMU4PAvSSVRTz0cHJpG3Zt1Wc81hHjGQg5aVtivEML_T5HscTNhXDq2OlLykZEnk8b1PRJ2NHRUh1YLiEp-qBBw=w1200-h800"", ""https://lh3.googleusercontent.com/gps-cs-s/AC9h4nprTG2rMibrIi96zycS3g2Gogd1R0xhLc7F87XmfoqKAbufc9k2SK-mxwcCfrSw_XFh9bmtjrj46mKTlwxduLkRtn629FaZOC-n449k5IHZt2PccO66hc9xe9AqzsLGivlDlOkb=w1200-h800"", ""https://lh3.googleusercontent.com/gps-cs-s/AC9h4nocxm9eBej6guy1wR-BBgwNMP6DlhIARNhse-sj18C6U-J6tfjFmz7l5lWHp7cqVuJ_KCLZI0-j5mdfLTT5HaiMrD_idJbEo0Mbu9d1n4bjMqkYQgG5RbQrQEf3j8gDx4Mdvb2AUw=w1200-h800"", ""https://lh3.googleusercontent.com/gps-cs-s/AC9h4npFcYas79woQ0eGYoqPmDQeWqNNOMfSfLG6lPcYEpU_LOqOmnIJ-gsis40ZHUD5u3bjCv1hDwwMFxTat-d7Ous1eeEVALSa-WPvrVpbL0XqOoObuNCyANe1Ps9qveGam2ud3VZWXOpGeQ=w1200-h800"", ""https://lh3.googleusercontent.com/gps-cs-s/AC9h4nrv4l6Y42dVJ-0CUVttr8c985sho-X1LT3jYCrrotNA5imhRZlbBcMxh4JrfCzIrExpd1D9JTcu8AEaOz0huCikOlj6NIt_haBcnPx8hP0N2qmxMwYieCbRLf4gSa8hREoQWSH_yQ=w1200-h800"", ""https://lh3.googleusercontent.com/gps-cs-s/AC9h4nrGEJcdLofUj0xZtrZ3IQ7JQV1pbts87uvWJmz6KKAen_dxJQveJVWGr0hRzJTyedb6F_odXeHZgVB8ubNnnKVauIlU0uzBCgGRUNwFs2DDPyVff3Gd7h2z7uLggqJI9TZGQPU=w1200-h800"", ""https://lh3.googleusercontent.com/a-/ALV-UjWsr_7AGknxU8VT5rMdjriX4t0Zj_HS9sFbafjIHtr5198Xbr1U=w1200-h800""]",https://www.google.com/maps/place/McOza/data=!4m7!3m6!1s0x1357929b38fc7c45:0xc2b480aa267b8255!8m2!3d40.5224316!4d22.20363!16s%2Fg%2F11xb9h4zn!19sChIJRXz8OJuSVxMRVYJ7JqqAtMI?authuser=0&hl=en&rclk=1,2025-09-06T09:19:33.846919,Saturday: Closed; Sunday: 9 am–5 pm; Monday: 9 am–5 pm; Tuesday: 9 am–5 pm; Wednesday: 9 am–5 pm; Thursday: 9 am–5 pm; Friday: 9 am–5 pm,,,,,,,
MOCCA COFFEE AND MORE,Add missing information,Coffee shop,4.8,75.0,"PERIFEREIAKI ODOS VEROIAS, Thessalonikis, Veria 591 32, Greece",Veria,,,,40.5276856,22.2108763,,"[""https://lh3.googleusercontent.com/p/AF1QipP1hyVrFcDBFw5NZ__rwVWp20fNAACB_JWZDug7=w1200-h800"", ""https://lh3.googleusercontent.com/p/AF1QipOYzBMaQPkU4GyXxTo1tS7ZjbNTNIwa5NGKdcrm=w1200-h800"", ""https://lh3.googleusercontent.com/p/AF1QipOEUG2xcVkmi2pzK0OdTY83OpvKVzEeItoOBzel=w1200-h800"", ""https://lh3.googleusercontent.com/p/AF1QipOUKpNZgSC_dhBGv3NvKshpHuV7kSWpV6PGJWM3=w1200-h800"", ""https://lh3.googleusercontent.com/a/ACg8ocLqYMnWrhLseL9Vib4xT_6QNjHSL6AArimVFr8XxgDwfVFFgg=w1200-h800"", ""https://lh3.googleusercontent.com/a/ACg8ocK3kfBRBxcBxfJHMCvFESh0Za8PkceOMxFi4wY0yCXlrA33CQ=w1200-h800"", ""https://lh3.googleusercontent.com/a-/ALV-UjX0eFCf7gPvrlWOSAfYMhM2bpfXF7BAYCGI-pdtmYbB_uPLUzyLNQ=w1200-h800"", ""https://lh3.googleusercontent.com/p/AF1QipPg8E58HW-ogYMOQutqS_v-9C0haq5USWQkhRGj=w1200-h800"", ""https://lh3.googleusercontent.com/gps-cs-s/AC9h4nqdcMU0o6uhfzheNPHLp-V6FScwuaUWwrEqOU4WWxPymunT2UeUwlWzTGNQaE6hWYzDBPZ-kj2q3NMgRebInPwd5hoXJCt380_9hJpYaYlMzv4u7ordSZWHzYOkM1bYD1aVxFevyQ=w1200-h800"", ""https://lh3.googleusercontent.com/p/AF1QipNf_gi8jJi42NBUviUbEXroXqPaluV1-igH_7Ud=w1200-h800""]",https://www.google.com/maps/place/MOCCA+COFFEE+AND+MORE/data=!4m7!3m6!1s0x13579300665f3249:0xa1f3ab4bf7f12d34!8m2!3d40.5276856!4d22.2108763!16s%2Fg%2F11wwhfktwq!19sChIJSTJfZgCTVxMRNC3x90ur86E?authuser=0&hl=en&rclk=1,2025-09-06T09:22:56.227250,,,,,,,,
Mpríki,Μπρίκι,Cafe bar,4.5,274.0,"Mitropoleos 44, Veria 591 32, Greece",Veria,+30 2331 020201,,,40.52261,22.2037882,"[""https://m.facebook.com/pages/%CE%9C%CF%80%CF%81%CE%AF%CE%BA%CE%B9-%CE%92%CE%AD%CF%81%CE%BF%CE%B9%CE%B1/181649928622552""]","[""https://lh3.googleusercontent.com/gps-cs-s/AC9h4nqE_fzAD0q67TAjLNoX4kPJhoipDUoAFnrY5vvhPEwbURkF2ASmyVDMiZli8wn8SBBdvef6cdoaWF7pq4V6qo9JEZphGpda2HSsQLC80iU3lY9QAWd5EB3GJKUkaFK3FkFvZ-rd=w1200-h800"", ""https://lh3.googleusercontent.com/gps-cs-s/AC9h4nrzYD7MGaiU53eLwJA1d5xHfZ_8c3FU5yzPHDcfen-ZiXaInQOIZ8djGhPZHTavfZ9XvwuBv-cj2I9VYH_WnAL2pOi1ZUx52x51Kvb8mFYA3tsfph5TD4WGlI4lhExXunBFFBu5iA=w1200-h800"", ""https://lh3.googleusercontent.com/gps-cs-s/AC9h4nqUkUjYOCtB_rsz5vh5a9O4xa_IY9QfyhAM27xvuuve6-JUXpwWnLOyyFzt94cVHVDX-v-fPF3-rP7lFeEAv8ElOM8HX7OGjOMz1YpwBDOBWKDB91WS7Sr_YaNTyuNlHZI7nY7u3A=w1200-h800"", ""https://lh3.googleusercontent.com/gps-cs-s/AC9h4nrSDztrNaV7QgVmpBlSeNvY9MlsNMiISUBj1TpiwHpWckmdih7um-OtSrdgCohqNfBCUS1YTML_6umdVlQsp4n7mNdYPIme_N5iOwvgOWWgcUf4i8msqAw9YcoqXKEd8SjCgdZC=w1200-h800"", ""https://lh3.googleusercontent.com/gps-cs-s/AC9h4npUbUye1Fxm4IkWv29Jk9QUvmKaRcITPIyDmnFNX-kZZzqvudqC3m72oBTrnKM7ZtoJkH7aqJ_7_d7SPgkiBnB7CX_FxwMIwF-dxg9rYw2pis11CUCStWESmY0w-P5idh16tlBo4A=w1200-h800"", ""https://lh3.googleusercontent.com/gps-cs-s/AC9h4nrcwKIwYg1HI81jTIy6qiz13_bgIBfSziX_U0rTuley4nyEhJ9QOgByhUXv0Jo3NniIEjyYj7H2xAqo855hI9Qewcdfc-jPZy3Uyj4gcA3ON1Dsxk9accon2x2Q7RgIZIzx8fBn3g=w1200-h800"", ""https://lh3.googleusercontent.com/a-/ALV-UjU2_n8Mp4S7eaDwxMr3UvOhp1YKDfgc9_L8bdRzRJlfqP5IiR1U=w1200-h800"", ""https://lh3.googleusercontent.com/a-/ALV-UjU1rPhpFSUFFebFowigNkcBYa5YLzhV6AwfRObGt6Ztn-TipQpv=w1200-h800"", ""https://lh3.googleusercontent.com/a/ACg8ocJQWKVh_lcHnEvWufDuSc0k9ONpBltQdTdiHXJJvIJkmAKDIQ=w1200-h800"", ""https://lh3.googleusercontent.com/gps-cs-s/AC9h4npo3V8cfWbMk2dSrFUwvce-PRDyIwAZgofH0ecAhUSdNLQfzBM-kCdGQc-rkBOYVDc2gHD3ZvU8r1WGxcVpvo726rt6sKqNtp_gt1cdaybqzBTeyAngCJMlIUGV0SEJozEJBE8=w1200-h800""]",https://www.google.com/maps/place/Mpr%C3%ADki/data=!4m7!3m6!1s0x1357929b3e700003:0xf8d90b13d8b75e53!8m2!3d40.52261!4d22.2037882!16s%2Fg%2F11g733ntwg!19sChIJAwBwPpuSVxMRU1632BML2fg?authuser=0&hl=en&rclk=1,2025-09-06T09:25:36.569657,Saturday: 8 am–12 am; Sunday: 8 am–12 am; Monday: 8 am–12 am; Tuesday: 8 am–12 am; Wednesday: 8 am–12 am; Thursday: 8 am–12 am; Friday: 8 am–12 am,,,https://m.facebook.com/pages/%CE%9C%CF%80%CF%81%CE%AF%CE%BA%CE%B9-%CE%92%CE%AD%CF%81%CE%BF%CE%B9%CE%B1/181649928622552,,,,
Panorama - Kafέ Anapsyktήrio,Menu highlights,Cafe,3.7,19.0,"Elias, Veria 591 32, Greece",Veria,+30 2331 064000,elia-veria.gr,info@elia-veria.gr,40.5232178,22.2078766,,"[""https://lh3.googleusercontent.com/gps-cs-s/AC9h4nrABaZOlZoHX5yzv8guIxoVvmFHos3TjrRUDuOIdYBdx8UVi5M__I9jUPV0-5bcxlchOVfZjHez-0T5_Brr6sWZlfffTxVmvmioP2O7aw69pY60GRmKfGV6h8LCa5HQK3flYP4DvUflFxQz=w1200-h800"", ""https://lh3.googleusercontent.com/gps-cs-s/AC9h4nphk8hjvigrbOmlc7kOnX0tGUwgx7ZhBOQkr0fPltcSdKts7_Nj-Z55qmofpsOMje6UpeZFITTT5tbwhX15-f537FC-opAfUV_jlRpxk8UzwsjRbm3qz2Zw-1dAKfmc_dWHcub3=w1200-h800"", ""https://lh3.googleusercontent.com/gps-cs-s/AC9h4no1yUq6UHVf6lgzabwbXi-EY2fKq4F72tkZ9z8Z9A3mmSlgL99ydWRO1On1IvmCnGnRamNcGRUorGZqaDNnyDPm2bTXPeFEjNn2OOuz7l1gxO5Y4UuN5mQtgwNkPzXw9SCZ7I99=w1200-h800"", ""https://lh3.googleusercontent.com/gps-cs-s/AC9h4nrAngQ91TM7mU_efLqrPLeOPQVC84VJGg2daIM6HcTMh6LXNPp1UuWtAkOLkFxNPYVCycGkopIGm-93XGkgIBg-2VCAvxySDqjwjbLrFzRo5HCSiVxEkwezIR8WeC3_he_GhnA=w1200-h800"", ""https://lh3.googleusercontent.com/gps-cs-s/AC9h4npdtm_6hgO_R1_gmSOuQVTcBzYrFZgB-Fa7WDKRDcmsd3WInx3b90sXTkSATnsufgm4Xd0bTfJImLob_K1HP7PAgFcpM4U_tO1TGAaFJ6aXnUyW7futVcbug4PDvjyM-j03Y56IXD_wdco=w1200-h800"", ""https://lh3.googleusercontent.com/gps-cs-s/AC9h4nofiz8JRylMjl8-E3MH4XB5Mko1AsHSkjQIBToKdQTLXoC_jIqtAya22eQ4kdy7EOsxgxqE9XI8oqnGhAlAyMcA6A96Zfd95h3qKHmp0eanGt3otwZ5h0d2DhKgHK9iNFcpmSR8=w1200-h800"", ""https://lh3.googleusercontent.com/gps-cs-s/AC9h4nop4W32U2SgNO0ygnoqpCdG1BKrfzkalmTOUSUNfpuh4twmal0kKOslmFLRFBYUjWsw6TeIwcVFCJoyLG8hmCtdQzE66WY1komvrhGnpMv2FPbn8S9PYc0moJ7qGGci_9wjtHyD9Q=w1200-h800"", ""https://lh3.googleusercontent.com/gps-cs-s/AC9h4noiK6VEKncZMf50PQb0Bg4xdobZqRAQ11Vk_lnUoh2IjbyrDx67iBn-kYpVvzD_wCdp-hDhqLFZnzVcOkFdsZQEGxKoVAZyXtJjBDIm3FRpyyIEj314VAhNcSCJNkT6swduTjc=w1200-h800"", ""https://lh3.googleusercontent.com/a/ACg8ocIh6z70V8mJ2VstQ-xFyMXpTpzQ2_UzKLHyPVg5-APRo5KwOw=w1200-h800"", ""https://lh3.googleusercontent.com/a-/ALV-UjVMtQg_-8b-smT_Rkp6YiQ3IIuPuS6_ShSXwOdm1ohoHz3ZQTrW=w1200-h800""]",https://www.google.com/maps/place/Panorama+-+%CE%9A%CE%B1%CF%86%CE%AD+%CE%91%CE%BD%CE%B1%CF%88%CF%85%CE%BA%CF%84%CE%AE%CF%81%CE%B9%CE%BF/data=!4m7!3m6!1s0x1357937c876c0861:0x9cb8c56d47e7bbfa!8m2!3d40.5232178!4d22.2078766!16s%2Fg%2F11fktj7br5!19sChIJYQhsh3yTVxMR-rvnR23FuJw?authuser=0&hl=en&rclk=1,2025-09-06T09:40:41.020396,Saturday: 9 am–3 am; Sunday: 9 am–3 am; Monday: 9 am–3 am; Tuesday: 9 am–3 am; Wednesday: 9 am–3 am; Thursday: 9 am–3 am; Friday: 9 am–3 am,,info@elia-veria.gr,,,,,
Pasakioski Garden,Menu & highlights,Cafe bar,4.7,606.0,"Mark. Mpotsari 93, Veria 591 32, Greece",Veria,+30 694 820 0227,,,40.5132977,22.2049746,"[""https://www.instagram.com/pasakioski/?hl=el""]","[""https://lh3.googleusercontent.com/gps-cs-s/AC9h4np3SeJ8bLS4mNLuwprglWBPG8rxhMTrkC5x2qdCLtw49YzOtAKL4bTMerRQ6xY8UEH9VWk6liuJpmVI6glx7O0q6Y2S-MFdxCInjjEc6nocY-znvL9V2lPLvejdzzBlwGx949V40l9fr2-v=w1200-h800"", ""https://lh3.googleusercontent.com/p/AF1QipP8c3-HN_94nv9vdKWgRuQaMdscdOHnpagQqqcz=w1200-h800"", ""https://lh3.googleusercontent.com/gps-cs-s/AC9h4nrL6nCJVMt-py3BDxKPcU-J7jemAZI_h7XSDvc2-uQVrN2C2kzcmCBsCQrl_C9XtOY7huEb1D8F6GBYdnh6lpl9u2yqtXno3Rf1aPAOZfbTpEz2OfMpWb__oXwVLbBfc9KVDRhk=w1200-h800"", ""https://lh3.googleusercontent.com/gps-cs-s/AC9h4npMwYeituBTNpqTFpfphIAS109iKPpY0s1l-266Wv7Ww9te1lOvMTv7vtKtUF3uF1QJnjUkViWd8jv_0N-flM0SAGENJ77A53hWjdSprRqhltu18ZkvpwBVyzgbMPCz7lh6sGbN=w1200-h800"", ""https://lh3.googleusercontent.com/gps-cs-s/AC9h4npWjXo-0VoNlCH4C4vK1GnRC1dojzSmxuRnUfAO5GcK1nkWfk-60m1gOYRbc0ieTsVvhEAschPMSGCScGY5NS_Bsh0_vy_lgVYXWmBZQlPfhmFEStgYcMVd6XzKwshgu_O3sgE_y0i3bHN1=w1200-h800"", ""https://lh3.googleusercontent.com/gps-cs-s/AC9h4nopjB_wWTR8yUadrX51GxQw6UyXQ-ZcvKVVHrg0xl2ozr0qvtNxymsNAdrGB4cX6sWZvVUqq0tzjCSqpiWYRMGscYkcBqJMMB2Hrismd-fEWidNNr5E4H40f4BR6A05dK6qxLuN=w1200-h800"", ""https://lh3.googleusercontent.com/gps-cs-s/AC9h4noQYYKrOeKEUsqqKBdnpVEPzSH_ttwo9NclUPxVvSu83T04u4QXnwbDxL8g8iF7WQQ5tbFWYZj9IE0tEiOc7Zsw23QtVCwS8iieJPXZfV3L9NtcD33wKfh-x0cX6UMC0CHFyRw=w1200-h800"", ""https://lh3.googleusercontent.com/gps-cs-s/AC9h4npYOtp30Azsv7zreFF5BrbGRb4X10gyYINGl23w0KWW11vcQx6zKWZ1DkZDpNPBbV5po1k6SGo-OYql3j8cRElw8dn6VuVafICzZQ3Beab-MxcYszePx4B5e9QiAhcXbqn76XsBuw=w1200-h800"", ""https://lh3.googleusercontent.com/gps-cs-s/AC9h4npz4SD07T_Brt-0Ttdtv3GlZYHRTXc43wFQ-3ffhsO9lFUoyD_Egh1dWsmxGXElZSH8HdZXZKExjzXmhrUzUUPnJIciIqILO-CaXGPb1TZYMMYmRRu8PdxAe5YChTf0hv8SUMWtxMqY8MB9=w1200-h800"", ""https://lh3.googleusercontent.com/a/ACg8ocJp_ed3izvCrWEfBeqIdvZz-c1EjFr1TRaRjbXJ4xnUkFDvtA=w1200-h800""]",https://www.google.com/maps/place/Pasakioski+Garden/data=!4m7!3m6!1s0x13578d5d084666a5:0x10bf158685864ed5!8m2!3d40.5132977!4d22.2049746!16s%2Fg%2F11l353z1mw!19sChIJpWZGCF2NVxMR1U6GhYYVvxA?authuser=0&hl=en&rclk=1,2025-09-06T09:18:41.498036,Saturday: 8 am–2 am; Sunday: 8 am–2 am; Monday: 8 am–2 am; Tuesday: 8 am–2 am; Wednesday: 8 am–2 am; Thursday: 8 am–2 am; Friday: 8 am–2 am,,,,https://www.instagram.com/pasakioski/?hl=el,,,
Prego Bros Company,Popular times,Cafe,4.7,130.0,"Feidίoy, Thessalonikis 28, Veria 591 00, Greece",Veria,+30 2331 700500,,,40.5322152,22.2047758,"[""http://www.facebook.com/PregoBros""]","[""https://lh3.googleusercontent.com/p/AF1QipNDsM_dtR7YLVQFmofmnGoE1G7sIdyUyUKFvO8E=w1200-h800"", ""https://lh3.googleusercontent.com/p/AF1QipOxQks73DqGDJFWtytVt_jE9qiPSHjjHcnJpkN_=w1200-h800"", ""https://lh3.googleusercontent.com/p/AF1QipNoBtjx6jHgIUqUXEMCvvFxIyJgfoaIQveOAoj6=w1200-h800"", ""https://lh3.googleusercontent.com/p/AF1QipO856NjYVP-Zt9kmdqUNCnfClbCpIj3LS0dWr6j=w1200-h800"", ""https://lh3.googleusercontent.com/gps-cs-s/AC9h4nokvYweu1X7SVMUSveENnMRfJeHAca6F6oCK8PvUzBQ2k5BDfx-BFZc0rP_SZ-QpIYtU8EC0RSgI_SSz0Qk4-vPyTZIMWMNnhlNyUsYCNvTzf48bd5ViXQ1cGKC379xzLFgTnSHpg=w1200-h800"", ""https://lh3.googleusercontent.com/p/AF1QipNH77Sa2WotlUyiviFNkftZxWKDg6NuAJxgmVh5=w1200-h800"", ""https://lh3.googleusercontent.com/p/AF1QipMSf_I_gJpsmAplrDpWTxuWhuiMOIg9AeZI5_at=w1200-h800"", ""https://lh3.googleusercontent.com/p/AF1QipP8lQxdhXyvNfYjQ_JMhCT7vsOmweloLGx9s_sp=w1200-h800"", ""https://lh3.googleusercontent.com/a/ACg8ocKzOTTrS2ckgPdxvQ_vU-jAGHXv0X6goNtV7JG3K4i_pxQ2-A=w1200-h800"", ""https://lh3.googleusercontent.com/a-/ALV-UjW45qQO9cpvTFT3oDY2O8fxmL99rXRLPpb5FafKN3jlAGaZhfBm=w1200-h800""]",https://www.google.com/maps/place/Prego+Bros+Company/data=!4m7!3m6!1s0x135792924438afab:0xbaaab1631e5c4d3a!8m2!3d40.5322152!4d22.2047758!16s%2Fg%2F11cj9jw52z!19sChIJq684RJKSVxMROk1cHmOxqro?authuser=0&hl=en&rclk=1,2025-09-06T09:29:43.563625,Saturday: 7 am–9 pm; Sunday: 7 am–9 pm; Monday: 6 am–9 pm; Tuesday: 6 am–9 pm; Wednesday: 6 am–9 pm; Thursday: 6 am–9 pm; Friday: 6 am–9 pm,,,http://www.facebook.com/PregoBros,,,,
Rachati,Ραχατι,Cafe,4.6,22.0,"Thermopilwn 15, Veria 591 32, Greece",Veria,+30 2331 505348,,,40.5246369,22.1979345,,"[""https://lh3.googleusercontent.com/p/AF1QipMQKNBk9HK16aQ5I21hNm5MIP9J9z2DHd9dwJ8W=w1200-h800"", ""https://lh3.googleusercontent.com/p/AF1QipO_FP2sWvfE4aKTRInTBwz-xAy9tG1zojgB_8bM=w1200-h800"", ""https://lh3.googleusercontent.com/p/AF1QipMjwVQoItJ5JNx22sIPb9i62ojs0Z3jCe9L9Shx=w1200-h800"", ""https://lh3.googleusercontent.com/a/ACg8ocIBoKuasM39ub9goDgi3asfI3e8G-3QUE9sRhqp6kTNlEseRQ=w1200-h800"", ""https://lh3.googleusercontent.com/a-/ALV-UjX2leUhQhtUiZFN-0vMKxNhqYxNo7Z9OpfofNVav5Z9iW5YmyHA=w1200-h800"", ""https://lh3.googleusercontent.com/a/ACg8ocJ0lpctmuuld4jXljg59T_FLGAf0P6_6c8mJXdUJTxatwQ8bnkP=w1200-h800"", ""https://lh3.googleusercontent.com/gps-cs-s/AC9h4npu8nLuk-2nZpDi4mwTovSiBgBq6cy4YblLyAJDvwXPPsQclqbWCqyTr0t1zS--wQwRxCrf8YRbEemxeQeUmeWnXK5dblZVwU0G1uTOYFp-l6U4uZuT4R17RbaUjzeOpvXu5qEv=w1200-h800"", ""https://lh3.googleusercontent.com/gps-cs-s/AC9h4np9rb3iKQmH2rzfG_dBTvA8gHrhxeWxXZ6SmMDXBT9PgVmbcX_3VAfFYarfeVcxEaZkzCuWPSsTSXZ5H3Zc_diqiLWKfJCmsvZJAE-VrB-m-qaJKV63lpj6k4P-ti63IKycCMg=w1200-h800"", ""https://lh3.googleusercontent.com/gps-cs-s/AC9h4nr_vtVwljr9KF8W5raXmlwQ4ZdbMdfaQqmBkySvnPf3WIJ1s1-3zkcmWbajLvM0CPgZ703XEpD5eDR4iWxVM9Vv4L5ItZo4rqvSMhvnRyFUj7CvbhKjllRH4LMMfEMk9tRReGdq=w1200-h800"", ""https://lh3.googleusercontent.com/p/AF1QipPpgWTR8P8TzanLNqD0WwKUiNRiirXmvRAQL-Kq=w1200-h800""]",https://www.google.com/maps/place/Rachati/data=!4m7!3m6!1s0x1357934a0d28d5d9:0x51826e5c75810dd0!8m2!3d40.5246369!4d22.1979345!16s%2Fg%2F11h4dgfncp!19sChIJ2dUoDUqTVxMR0A2BdVxuglE?authuser=0&hl=en&rclk=1,2025-09-06T09:30:23.602233,Saturday: Open 24 hours; Sunday: Open 24 hours; Monday: Open 24 hours; Tuesday: Open 24 hours; Wednesday: Open 24 hours; Thursday: Open 24 hours; Friday: Open 24 hours,,,,,,,
Snack Bar Apόlaysi,,Cafe,4.5,2.0,"Odόs Nosokomeίoy, Veria 591 32, Greece",Veria,+30 2331 076065,,,40.5041115,22.2163269,,"[""https://lh3.googleusercontent.com/a-/ALV-UjVk2iaLcLzdjqDQitRe7ejWAk2_q6yHKgLA9vZI6_RWMUlujJ-biQ=w1200-h800"", ""https://lh3.googleusercontent.com/a-/ALV-UjXsvWfzXZKP_OTwfSW7wxXy20-jG7OGt95yFbAMix8P4hZJQX-FuQ=w1200-h800"", ""https://lh6.googleusercontent.com/proxy/nFpAmQPu4cN6AZggTpGBnCwDmKzXIAFVT5DRqFBV-6JAh8zpxtZJhMES2IjquSF56QRoWGx8-ErKtAo8RHDKbFX21YwnYLsk9kN0QSBwJe-gQcZFuE_3AtbDw83ca4LVF3-lrkKa980bVinr5b0grWTa3zGFsA=w1200-h800"", ""https://lh3.googleusercontent.com/gps-cs-s/AC9h4noTWPQgvjWUZMthKoHFBfs7I10KFAnvE293v9OggRBPd6QAlEX74pj3VCiSvFs8cCtCoLg3e8iOT3FI3f0gvGjyzyU6w1Cv8ti_EftHTX-UQH2iTNkBhigGSCqU85TP3N-pqvo=w1200-h800"", ""https://lh3.googleusercontent.com/p/AF1QipNnY6tZLVrkAZZtxthMnUzIpIRIw3ZWJn2PMIyb=w1200-h800"", ""https://lh3.googleusercontent.com/gps-cs-s/AC9h4nrai2KHzHc6ogwBqyIAfx1qNVcDkV9opGJctZBbR8SbiTV3-5h_D609kNpylxrUejV0pTXvaCQRVaDWeuisUFC_av69TvdVHYD7K1OcUicQuYRxA8S4RSxwf-67y2DkfR-WeWc=w1200-h800"", ""https://lh3.googleusercontent.com/gps-cs-s/AC9h4noUTstst8cdcAv4mlsxmsCjdlaGJO3F2FaOOoOAIoSkPkLXTQvFHr9qoOjJvzo6ONWKxUHgJf0HVeoYx7NhkOLFFpMBToQCjAsQbEYpfdbrV0IBjkZ94FfOidTaT93DlE-7osPJ=w1200-h800""]",https://www.google.com/maps/place/Snack+Bar+%CE%91%CF%80%CF%8C%CE%BB%CE%B1%CF%85%CF%83%CE%B7/data=!4m7!3m6!1s0x13578d9ce9e6e6a7:0xc1937619927c63dc!8m2!3d40.5041115!4d22.2163269!16s%2Fg%2F11jp1sf87y!19sChIJp-bm6ZyNVxMR3GN8khl2k8E?authuser=0&hl=en&rclk=1,2025-09-06T09:41:29.768928,,,,,,,,
Spirtókouto,,Cafe,4.6,183.0,"Antoniou Tsoupeli 1, Veria 591 32, Greece",Veria,+30 2331 120329,,,40.5241682,22.2044491,"[""https://www.facebook.com/pages/Spirtokouto-Caf%C3%A9/361454413958134""]","[""https://lh3.googleusercontent.com/gps-cs-s/AC9h4npoN3Lb4h9MDqCjj4zlLUM9lMo1qaVlfN2-sjxCbR0SRNyW0koI_Oip3a3yYMQGvHoDsICoWRFuzT5y0uXSTWi2RWle1GD9BvYfuK96k5GLhyi5BQn0Zvg20_t0JIhxcopErJyK=w1200-h800"", ""https://lh3.googleusercontent.com/gps-cs-s/AC9h4no8Gwyslmucru2303cKdX62Iq9FRtJSWf0uBzNjuxAWvC0wC1YZaCLPIhbY76dHxxQIVzS8QvQGcNziCG4e2ioJu3Kh98ureWQ3_dN4riLebkuEcGoZx6ybNckfXtN8PG5-yjnL=w1200-h800"", ""https://lh3.googleusercontent.com/gps-cs-s/AC9h4no_JHydl-SuB0bjKGbK7cukCdx57Tw1V31FnNMVVfXO-F9rsvGu37lQzqmStG58BnwdHIYRebiOMzOMtQ8n7DbViwVy2_kBtC1_mc3LS0e7mGEMWD3f7gr3cohwVoWPNjhExt4R=w1200-h800"", ""https://lh3.googleusercontent.com/a-/ALV-UjVEUfIR6OxJJlr8ywgq51o6svMj_EF8cEMUXZCU34bh2A_s5C-UFQ=w1200-h800"", ""https://lh3.googleusercontent.com/a-/ALV-UjW7OBVecRT6Nx9HSe9qnisnvS9tQTd2whJ7rLTaZ2JL0qaAHwlY=w1200-h800"", ""https://lh3.googleusercontent.com/a-/ALV-UjXBob0SvUXeNUyrCyVyL3iGdeH-da55WU5Up-pa1tDlDoJrBlYckQ=w1200-h800"", ""https://lh3.googleusercontent.com/p/AF1QipO2a4q4dIPrOKe4V7lNyqIhdYN_XipJsRaVSkoE=w1200-h800"", ""https://lh3.googleusercontent.com/p/AF1QipMjwVQoItJ5JNx22sIPb9i62ojs0Z3jCe9L9Shx=w1200-h800"", ""https://lh3.googleusercontent.com/p/AF1QipOI_AVf4jv29h2dqPUAmfJg9CfZ8afyoznvt0E7=w1200-h800"", ""https://lh3.googleusercontent.com/gps-cs-s/AC9h4np9rb3iKQmH2rzfG_dBTvA8gHrhxeWxXZ6SmMDXBT9PgVmbcX_3VAfFYarfeVcxEaZkzCuWPSsTSXZ5H3Zc_diqiLWKfJCmsvZJAE-VrB-m-qaJKV63lpj6k4P-ti63IKycCMg=w1200-h800""]",https://www.google.com/maps/place/Spirt%C3%B3kouto/data=!4m7!3m6!1s0x1357929aee8e6f8f:0x2f49c7a3980ad241!8m2!3d40.5241682!4d22.2044491!16s%2Fg%2F11dxftnrld!19sChIJj2-O7pqSVxMRQdIKmKPHSS8?authuser=0&hl=en&rclk=1,2025-09-06T09:26:59.927236,Saturday: 9 am–12 am; Sunday: 9 am–12 am; Monday: 9 am–12 am; Tuesday: 9 am–12 am; Wednesday: 9 am–12 am; Thursday: 9 am–12 am; Friday: 9 am–12 am,,,https://www.facebook.com/pages/Spirtokouto-Caf%C3%A9/361454413958134,,,,
Street 25 coffee & more,,Coffee shop,5.0,9.0,"Meg. Alexandrou 25, Veria 591 32, Greece",Veria,+30 2331 021500,,,40.5253205,22.2044605,"[""https://www.instagram.com/street25_coffee/""]","[""https://lh3.googleusercontent.com/gps-proxy/ALd4DhFuHMdfeyh0pI05J26_mBAs-G_4SU31qD5jdK7h5jg28UlIrVKg0gW7fagz8wz8LX10v86ORUdPSREcHitGpyyc9VqJZlQICpW_zhrLgIUr501ZU99sTkccamNM8rUNR0GH_xs8_Oj_OsJA9kTQM0yfHzLqFC7BHLc2FUmpMwThGfR8kBJA82VhPw=w1200-h800"", ""https://lh3.googleusercontent.com/gps-cs-s/AC9h4npTxwXBFtdkGRnXJSYIn2moff7nx50qGQ4D2II9DKcJJVAYAk82r-OMUy7KWZQc6SVijoUgz6I4JSszGvJyBO26Vtj7e-BLmz7zXtC_1osSmRONDX9R5eFEYpC-5NkRXHEEiC2f=w1200-h800"", ""https://lh3.googleusercontent.com/a-/ALV-UjVhuiPqb0k5vRqIoZRITZkactJ2ukukIBX7tOx01A2VscjL79I=w1200-h800"", ""https://lh3.googleusercontent.com/a/ACg8ocLsjAD_3fUmutjoooE2bT2rJdDGwKSG3o_4DxhKupPVm4krRA=w1200-h800"", ""https://lh3.googleusercontent.com/a-/ALV-UjXlG3oIKi7djpuOZg07Z-PCT81aVaRz3jLSERbc8ntNwiNW25E=w1200-h800"", ""https://lh3.googleusercontent.com/p/AF1QipNf_gi8jJi42NBUviUbEXroXqPaluV1-igH_7Ud=w1200-h800"", ""https://lh3.googleusercontent.com/p/AF1QipP5U1t1mNEPzWfRECmfr5wf-IrgwQWDyg6HnCnB=w1200-h800"", ""https://lh3.googleusercontent.com/gps-cs-s/AC9h4nreqJCGaqzhbKbDm7Bj0iHtsHoehvzAAvLSZLRbxY3fkY6ZzHXSToHeRq5rjfbj7LmuEyawBE7UeUCGZxGtePeNlmGENbmUmNxeK4AmLNSZy5rrK_ee-pTNUv7XjVp1Ktbo6ZcT8A=w1200-h800"", ""https://lh3.googleusercontent.com/gps-cs-s/AC9h4npo3V8cfWbMk2dSrFUwvce-PRDyIwAZgofH0ecAhUSdNLQfzBM-kCdGQc-rkBOYVDc2gHD3ZvU8r1WGxcVpvo726rt6sKqNtp_gt1cdaybqzBTeyAngCJMlIUGV0SEJozEJBE8=w1200-h800"", ""https://lh3.googleusercontent.com/gps-cs-s/AC9h4nqPeIylmMpBX7zwZ4oUsWVqtPtjCZOtLMXg1yFiEa6h3IhZ8G4PcTwpJju6NXhaHgkpsWxQ_52Y_IpU-zP5MJS5IS3rDUnqvXhJgUBBSrdKyfalxrY3_kd1Wo8cX8gvJJM7WbSobQ=w1200-h800""]",https://www.google.com/maps/place/Street+25+coffee+%26+more/data=!4m7!3m6!1s0x1357934a0015fce1:0x5684890d80054070!8m2!3d40.5253205!4d22.2044605!16s%2Fg%2F11kjm7v5k1!19sChIJ4fwVAEqTVxMRcEAFgA2JhFY?authuser=0&hl=en&rclk=1,2025-09-06T09:32:20.292148,Saturday: 7 am–3 pm; Sunday: Closed; Monday: 7 am–9 pm; Tuesday: 7 am–9 pm; Wednesday: 7 am–9 pm; Thursday: 7 am–9 pm; Friday: 7 am–9 pm,,,,https://www.instagram.com/street25_coffee/,,,
TULIP espresso bar,,Cafe / Takeaway,4.8,137.0,"Plateia Raktivan 5, Veria 591 32, Greece",Veria,+30 2331 501102,,,40.519469,22.2000247,"[""https://www.facebook.com/pages/category/Product-Service/TULIP-espresso-bar-103510287725250/""]","[""https://lh3.googleusercontent.com/p/AF1QipOd-UWyksXC0AJGvNhfXm3Nylkrbgpwsod99rKA=w1200-h800"", ""https://lh3.googleusercontent.com/p/AF1QipPlklHTkZewN6CSc-O6IwsV1r7PcYmF_raSsF5S=w1200-h800"", ""https://lh3.googleusercontent.com/gps-cs-s/AC9h4npilOnvTlaGt1CjUZhy37r2ZEo5E7UwRGdcc3MPsqgTnp6LqhJ4vvtFLTVYJo9Cdp--t8q2UJ8L05nQtYKhx-XBXD3WH7mTRScJab_y9eJ3Gcxu4gw3SlMjTNikYL3UTytWH0Sx=w1200-h800"", ""https://lh3.googleusercontent.com/gps-cs-s/AC9h4nqROkZWIy35m8-P8rgBOGFJuRl06u9Kxu1N4aDiEt2poYuiOCw_zeBaXlRWO7qOjNiT5-Y7-Xc5gb6fhgYxMEsJ2AYHGr1qNxoK4Kx5qsXR5OpdHpcfSXl3gYiIxOIlZH_4Qt2Cqm-G7fQa=w1200-h800"", ""https://lh3.googleusercontent.com/p/AF1QipPfwXi11stAhhbMTX7O6_OgIjb1Av8In2ZMGJaM=w1200-h800"", ""https://lh3.googleusercontent.com/p/AF1QipOaB7UMwovExXWUUnOo43KyQN7aZAmhCcmSV79m=w1200-h800"", ""https://lh3.googleusercontent.com/a/ACg8ocLYaE4G-98hrYdQ-oyjPytewOhb0oXkUJz3gUYNPTCbXR0UWw=w1200-h800"", ""https://lh3.googleusercontent.com/a-/ALV-UjXaVkqWYpokPQdJYGaCoANFl_o7BsAEjg32_lrVVcoZ2U6VWBg=w1200-h800"", ""https://lh3.googleusercontent.com/a-/ALV-UjWEDvp6AofhssM28oFqi85v26VRWvwiJWK0PFHXeTMH85H2LVD-=w1200-h800"", ""https://lh3.googleusercontent.com/p/AF1QipMhwVnpMN-MbVrn6FyFiHq1XIHL1b5n_X-Cw_mh=w1200-h800""]",https://www.google.com/maps/place/TULIP+espresso+bar/data=!4m7!3m6!1s0x1357935e71d7760d:0x43d4bcf307dbb273!8m2!3d40.519469!4d22.2000247!16s%2Fg%2F11fpfq8j1r!19sChIJDXbXcV6TVxMRc7LbB_O81EM?authuser=0&hl=en&rclk=1,2025-09-06T09:24:31.935918,Saturday: 6 am–9 pm; Sunday: 8:30 am–9 pm; Monday: 6 am–9 pm; Tuesday: 6 am–9 pm; Wednesday: 6 am–9 pm; Thursday: 6 am–9 pm; Friday: 6 am–9 pm,,,https://www.facebook.com/pages/category/Product-Service/TULIP-espresso-bar-103510287725250/,,,,
Vespa Cafe and more,,Coffee shop,4.7,12.0,"El. Venizelou 81, Veria 591 32, Greece",Veria,+30 2331 075260,,,40.5299911,22.2003255,,"[""https://lh3.googleusercontent.com/p/AF1QipOVhZ6snhnmgbBvIn-9y2SAeXA6yQOz5kDeRvdW=w1200-h800"", ""https://lh3.googleusercontent.com/p/AF1QipOHuHbL-ryMR_4l7pWCuooCFmOVdHAtpTZ1RB51=w1200-h800"", ""https://lh3.googleusercontent.com/p/AF1QipN2QjecyNRpvd0_tP-eGExfJsJDYZWcmyNq5f_D=w1200-h800"", ""https://lh3.googleusercontent.com/p/AF1QipP7g8lqQdwaJ1o8mLMHQuGEIPDA9zz-OK1Mu5Hy=w1200-h800"", ""https://lh3.googleusercontent.com/a-/ALV-UjXoYt2xX_H41rZLUSiJYJaKdv2eFLq3Uj7k5UFYg6T_2tmFaRpO=w1200-h800"", ""https://lh3.googleusercontent.com/a/ACg8ocKhTZ9S0J0nf8NyCXVQtU7gC6Gv4jCEPTK3yYldzQ9gche5MA=w1200-h800"", ""https://lh3.googleusercontent.com/a/ACg8ocJSRzNIhmXB1GbJP6JdCaGrF7Ij_yFvKDYBf3IXG_mDL5_MRhg=w1200-h800"", ""https://lh6.googleusercontent.com/proxy/2JqcPBpwbpvRO1ZTDr-4ueDqlTePb5IMzr4q6fZN7yVfuZEMN47CF36_fv1K_oHO-5U1yfeAtcCqQWbzs2AdzmAkmG7d2MupkXk10C4mK-zxCE6RF_nbjJkJvJ2Bpm-gzGD5dMYaVkA0B53RGxT8uQcllxvSPrk=w1200-h800"", ""https://lh3.googleusercontent.com/p/AF1QipP1hyVrFcDBFw5NZ__rwVWp20fNAACB_JWZDug7=w1200-h800"", ""https://lh3.googleusercontent.com/p/AF1QipPg8E58HW-ogYMOQutqS_v-9C0haq5USWQkhRGj=w1200-h800""]",https://www.google.com/maps/place/Vespa+Cafe+and+more/data=!4m7!3m6!1s0x135793a7cd7109b9:0xd8e5f26ba1b74ef7!8m2!3d40.5299911!4d22.2003255!16s%2Fg%2F11wnzyj3ky!19sChIJuQlxzaeTVxMR9063oWvy5dg?authuser=0&hl=en&rclk=1,2025-09-06T09:31:14.667378,Saturday: 4:30 am–9 pm; Sunday: 4:30 am–2 pm; Monday: 5 am–9 pm; Tuesday: 5 am–9 pm; Wednesday: 5 am–9 pm; Thursday: 5 am–9 pm; Friday: 5 am–9 pm,,,,,,,
Way Cup,,Coffee shop / Takeaway,4.9,460.0,"Pierion 62, Veria 591 32, Greece",Veria,+30 2331 025251,,,40.5166591,22.2060658,"[""https://m.facebook.com/WayCupVeria/?locale2=el_GR""]","[""https://lh3.googleusercontent.com/gps-cs-s/AC9h4nrOO4FT8OFDnvmbDlxf52SpQa8U-B_olLC4IyfP2e4Sed5kglR-hFS-ptaAlQBDJYjopCbjfyjDo2_10QDbbWhamYh8aSjF4Vciw8j718e-1_-1EOuUFJEEgWhbO23LHEncOBEN=w1200-h800"", ""https://lh3.googleusercontent.com/gps-cs-s/AC9h4nqAINa_sGbmL0EXVjRMiNqx-yvETIOxkpNYXMiK248VYdO8Wxv9YZSMOQZzcUnTNMMiesvc7M2tlX8Yikj0gi1d2GIwHlTVwlrw2bczZZrNxonOMlYT5RSA8hlAShDBhWsviPMd=w1200-h800"", ""https://lh3.googleusercontent.com/gps-cs-s/AC9h4np-rTbcR9ffdVB5VnGZwVA2V7Vd8hw46GkT7m0FAbdTCKOvF7nA4kUJ-YNikPFyDg1F779VS9ZveiX0g9g2-BxyoMGgyO-fGorcAMj3YoWT1OUw9h4_VJrgTdlUnhnn-Z2iWOEE=w1200-h800"", ""https://lh3.googleusercontent.com/gps-cs-s/AC9h4nr0uVVgCMOeG4DMl_aLjHJ_PF-FBsPVFYjZaW6BcDY76EcAx2xgYqwnZL80fSYpkhTESF_6HV_Bp0VQ-5v8RPE3NdMDTR5DH8W6jP6x7jxna3Qv320AoUpUjKBq4EGE7AftehvKJA=w1200-h800"", ""https://lh3.googleusercontent.com/gps-cs-s/AC9h4npQQghriF-8JsHUeXkrgOHbC51uyMj3pSLkal-2qdhdCH1NkkSUChjp-goHX0ocG7bI1fPvvOCCEA2bek1-MEsoYhvh_fJlAOuXBC674EZkUX5j1gOQ13EOPWebblchbYmlhcq8=w1200-h800"", ""https://lh3.googleusercontent.com/gps-cs-s/AC9h4nqeQD6ftO7Xjj40hMtEs4v4VFXlu9nsrgYQF_DjTXDmrsIjEAwDxEFv4qhWfGJVScUj6oq8GzyJZ4dl_EDnDvCyc5J5501ZqlMTpOmaR8sXgwjpL9tl0PTtrDBptNFmoUjFte33=w1200-h800"", ""https://lh3.googleusercontent.com/gps-cs-s/AC9h4npg6ptafF6sx8nXIy6n27MJtwBuW706lmGAzLdWcCwoapsR3QzH5KxQa1eD5ZM9Cd25NGadFXFV981f9-JMezqlK-DEm7FHBCzieP-kr4zJUKU0GH1G5rHElq7C988gF3DEYyPiSw=w1200-h800"", ""https://lh3.googleusercontent.com/a/ACg8ocIcGBXSM6X675DOgfMHfFE0pm96Ph1pDGzCx08ax8WdCaoeSA=w1200-h800"", ""https://lh3.googleusercontent.com/a-/ALV-UjUi9jFxtFv9FeEL0CIWPXT--GViTpe76UufNDe5agIxjScbKCI=w1200-h800"", ""https://lh3.googleusercontent.com/a/ACg8ocKeoVARr9lX5_3UYXpRzwMlDrXmJelk8edlYY86s6ZShd9iTg=w1200-h800""]",https://www.google.com/maps/place/Way+Cup/data=!4m7!3m6!1s0x1357929d9bbba3b7:0xe6c451825592b287!8m2!3d40.5166591!4d22.2060658!16s%2Fg%2F11f3mbdv7n!19sChIJt6O7m52SVxMRh7KSVYJRxOY?authuser=0&hl=en&rclk=1,2025-09-06T09:22:13.042064,Saturday: 7 am–9 pm; Sunday: 7 am–9 pm; Monday: 6 am–10 pm; Tuesday: 6 am–10 pm; Wednesday: 6 am–10 pm; Thursday: 6 am–10 pm; Friday: 6 am–10 pm,,,https://m.facebook.com/WayCupVeria/?locale2=el_GR,,,,
Afrόs Bar,,Bar,4.4,161.0,"Ellis 7, Veria 591 32, Greece",Veria,,,,40.5225307,22.2053228,,"[""https://lh3.googleusercontent.com/gps-cs-s/AC9h4noeINQSH3U7zf0_Oru_8P2juG_YPNbWKWwT4Xpcwc0DO6Y9mKGsnh8Cy3FTvCMzh-yGphy3s04-7HpHHwB029hFVtkxBssts_H6hsgoN5BYLlASbKaUZCrwYP6BOg8Oy1LUUwnp=w1200-h800"", ""https://lh3.googleusercontent.com/gps-cs-s/AC9h4npdLnfV2C3-PpXGg8yshUtgQ0f3jYcK7arfC49cky6fkAhGMbEX8C1FTZuoMWnXi6VKhh9EUOBLnmfFKNBnh1ZuVMC2alx5SxYH2h4pCmadJmy_1SHHPlFQJOT1e1qggDC3mqUz=w1200-h800"", ""https://lh3.googleusercontent.com/gps-cs-s/AC9h4npe0M1_gdGkUfzgX6FogSj7nK-HzZp1J1F518SAfcpIu1UNj--Pjqt32TxuYwRNBAGTN3ZYT0NQaU1Qsl8jy4spayUkNoPK3e1L5teIE6AYDWnW6pGT7RgZDYQOiCBlUgO8Jvu4pw=w1200-h800"", ""https://lh3.googleusercontent.com/a-/ALV-UjVIh6KHhKZsnekEVSPUFtV70KJuBAPUhHahzlHJQIyhtpUdi7sf=w1200-h800"", ""https://lh3.googleusercontent.com/a/ACg8ocIyTCwz8f6obNqyPSmnfKhpW9fYJUMe0z7VdWz0hDm60T7vsQ=w1200-h800"", ""https://lh3.googleusercontent.com/a/ACg8ocK1vOt1wL6yjejGGZkwI__6niQ16_ur-jnm-6oRAFBWuKwghQ=w1200-h800"", ""https://lh3.googleusercontent.com/p/AF1QipMvDKT4BPlmXVTG9bXQ4_FLWp9M7GOAjecKiot4=w1200-h800"", ""https://lh3.googleusercontent.com/gps-cs-s/AC9h4npPP3iU9XvoODpYOLl9pjmVZhU09pPIvkfCFmY0DEGnz9eaBT1zP99xJ2fqrePGF4_dtIse17ExkELmJFnQxh3NIJ0Obiahteg_ZuRFrrW2LxwpkxcPtM2bzFNN4cI-yyM37KE=w1200-h800"", ""https://lh3.googleusercontent.com/gps-cs-s/AC9h4noB3F3Crr9cLvoc7U7eXXFWElW1NOksl72l5iv6CtfZ763idkxCkMFlT1uf9WQDUwJJ8vI03do9Xn-MZcR7F98sS_8cQcXKOkN5_RfRKt8fzpLufStYDGFztyr_gj0hDvVtRNs2=w1200-h800"", ""https://lh3.googleusercontent.com/gps-cs-s/AC9h4nrg4rqbSuQn9BlY3qJtf_cQjMoURXNbox12A3siDjhanu-fh9RTYeYEuyl2GtrY_jVA4Koy_c1Q5F_zG_xjR3hI8G9itm-yrVu6-LOEFsQ0EO222E-_7Z0Pxj9pCZbL4lU2GGvK3w=w1200-h800""]",https://www.google.com/maps/place/%CE%91%CF%86%CF%81%CF%8C%CF%82+Bar/data=!4m7!3m6!1s0x1357929b08e422b5:0xa751bd203f76472a!8m2!3d40.5225307!4d22.2053228!16s%2Fg%2F11c70cc1jb!19sChIJtSLkCJuSVxMRKkd2PyC9Uac?authuser=0&hl=en&rclk=1,2025-09-06T09:38:26.025304,Saturday: 10 pm–2:30 am; Sunday: 10 pm–2:30 am; Monday: 10 pm–2:30 am; Tuesday: 10 pm–2:30 am; Wednesday: 10 pm–2:30 am; Thursday: 10 pm–2:30 am; Friday: 10 pm–2:30 am,,,,,,,
Cafe Foyer,,Coffee shop,4.6,5.0,"Antoniou Antoniadi 19, Veria 591 32, Greece",Veria,+30 2331 506345,,,40.5266053,22.2071494,,"[""https://lh3.googleusercontent.com/p/AF1QipN1WIock0JV4eQgsquqeSgZygf8jKA_R-zhFjvs=w1200-h800"", ""https://lh3.googleusercontent.com/p/AF1QipPZP7ScQwzphiqlymOtoUGCA2rm33F66341mY20=w1200-h800"", ""https://lh3.googleusercontent.com/p/AF1QipPXkrDW-NZ2B8Q8RMueiuSMOWRT8hd4H4tMNbtI=w1200-h800"", ""https://lh3.googleusercontent.com/p/AF1QipMsIb7sB0L-DXZeBvj-fLSiot08HRpR1BAD-RoV=w1200-h800"", ""https://lh3.googleusercontent.com/gps-cs-s/AC9h4nqlUfLzBUSfvJZEaP54QkaZvlMG1HlRFP3a-Z-uAsN9RUd5d3SA2ZgbP6Mi02v8DyO3qXdmf1-xqt3m2D1X_DqccFj3TVwWzlSdjTdYJm9eN_ppHk1hgJWm_El8PlrkIwjjv4-eoShOA-OS=w1200-h800"", ""https://lh3.googleusercontent.com/p/AF1QipOkH7QaJkLFCfKvKZ-5AlgAyqMEVWPCrNng2fEM=w1200-h800"", ""https://lh3.googleusercontent.com/a-/ALV-UjXJ9X981FuNDamoqx7hfnN1PuaqSerciXQjV20wwxzlU_GErcI=w1200-h800"", ""https://lh3.googleusercontent.com/a-/ALV-UjWDpkPZZx8hsc103AMy9ZRXe0-aZgxMJhqfLFCOsgWEkEAnJio=w1200-h800"", ""https://lh3.googleusercontent.com/a-/ALV-UjXO9ko180Lzye1eqNsXFRP4aBdNAuJHoC5grzazdL0f_JGUVZRV=w1200-h800"", ""https://lh3.googleusercontent.com/gps-cs-s/AC9h4no21CP8hHZmG31ls3tloqx47X3_30yM11C7HmdmW9epSEP1zbnvDZn909c_o0bxuX6KjuEhfCU5jPKxkWODgIQ8fHUse32Ozu8VIuB1he3PIZV1dvqILf-SX1lURO7kl-QtFCPu=w1200-h800""]",https://www.google.com/maps/place/%CE%9A%CE%B1%CF%86%CE%AD+%E2%80%9CFoyer%E2%80%9D+%28%CE%9A%CE%BF%CE%B9%CE%A3%CE%A0%CE%95+%CE%97%CE%BC%CE%B1%CE%B8%CE%AF%CE%B1%CF%82+%C2%AB%CE%94%CE%B5%CF%83%CE%BC%CF%8C%CF%82%C2%BB%29/data=!4m7!3m6!1s0x135793081ab6cbe3:0x80b9fb71eb89e39b!8m2!3d40.5266053!4d22.2071494!16s%2Fg%2F11fd6d80bq!19sChIJ48u2GgiTVxMRm-OJ63H7uYA?authuser=0&hl=en&rclk=1,2025-09-06T09:40:06.520982,Saturday: 9 am–9 pm; Sunday: Closed; Monday: 8 am–10 pm; Tuesday: 8 am–10 pm; Wednesday: 8 am–10 pm; Thursday: 8 am–10 pm; Friday: 8 am–10 pm,,,,,,,
Cafe Ole,,Cafe,4.6,100.0,"Neas Ionias 1, Veria 591 32, Greece",Veria,+30 2331 070879,,,40.5174494,22.1998171,,"[""https://lh3.googleusercontent.com/gps-cs-s/AC9h4nocs0RZ_YSTYjvA9SUG9D-nVYqkibGP1i0VTAFkNd3EblWAuzlGleeI-R4_xbKDZCZkot8bnYE_e2xGtiRci7WBc_12VoFdGzDdrEahH-BBdbelueWW02KVV7FElvKheka6t4BrVQ=w1200-h800"", ""https://lh3.googleusercontent.com/gps-cs-s/AC9h4nqSYce7q3e5md0ngBfCTtrEIfog7pEWIU9U6-yEGy8t7Uo1lmjKqR_QyuGMYOd5O21ziMN5xxvD7y12nj5IUcTfSBdzQ8zt28TF5P8D4Ye7Tx7JbaEOGVxA2kni1IiDJQx89nR7=w1200-h800"", ""https://lh3.googleusercontent.com/gps-cs-s/AC9h4nqjykmGTnodtdbzQ8HAXhtGt42TdAMJFfzkBGMz59XyryztuNEbBJ1zg_TmuDkLTHVmF89vxo44omJ60TgDu0zOEpE7fa-gosjWjzgBNSAeAc_C2ducPBQwQjKR2LW571jL9vbmFw=w1200-h800"", ""https://lh3.googleusercontent.com/gps-cs-s/AC9h4nolbJwAvtRZOIVdLe5nmFkBievG4vETBnmHSfU15L_23S1OzLDAJa60ZLvSfCH-LtbZl5T__E-e9Tw-a16W3DtaoSPwl1Erx4mqSWLxc2yAHWjEP2v-C0LN8IbqhsT4G3-SunKk=w1200-h800"", ""https://lh3.googleusercontent.com/gps-cs-s/AC9h4npb1_lCZCLWnO47ekNeSzTcKo23LS9-JqwCR26ggkrtTDfIAHjQd4Gi-yXZYdufN82MFnzVVHu1FB_swcT_DSjuCAwk2l2nuHY-2IcfRFU3wCrRYBa-_n9UVZI5x2PT0sCAvqKH4g=w1200-h800"", ""https://lh3.googleusercontent.com/gps-cs-s/AC9h4noVWzLvRQgPyC8nEnc5canKteg6nKTdAv-CLHEID8Gxq_EQGb2g36bnV_0_FcNhZyroyY5TWY-pmx_YNbXbwT5-xSsW-Ziqix2D6oGoL0zrijVXQswkPdhzioQHZ2BgXBcp2My7=w1200-h800"", ""https://lh3.googleusercontent.com/a/ACg8ocIShK2hSK0MJ6UFgF4uskickjXYCeg7cKtfbaQaFhOfiAwRVg=w1200-h800"", ""https://lh3.googleusercontent.com/a-/ALV-UjVqgOlZAY3x637KZST6Dv1L6f9HXIuAz2fkS8h3-70HDXo5x2WI=w1200-h800"", ""https://lh3.googleusercontent.com/a-/ALV-UjV8lqY_de1_dvIlJRSKIqJ1eu-Iwo5gf8woJ3FSPFYl1zQL1-IG8g=w1200-h800"", ""https://lh3.googleusercontent.com/p/AF1QipNnY6tZLVrkAZZtxthMnUzIpIRIw3ZWJn2PMIyb=w1200-h800""]",https://www.google.com/maps/place/%CE%9A%CE%B1%CF%86%CE%AD+%22%CE%9F%CE%BB%CE%AD%22/data=!4m7!3m6!1s0x135793de2c3b1141:0x3bd23ac0e289c21c!8m2!3d40.5174494!4d22.1998171!16s%2Fg%2F11gjrjtcsb!19sChIJQRE7LN6TVxMRHMKJ4sA60js?authuser=0&hl=en&rclk=1,2025-09-06T09:39:30.257132,Saturday: 9 am–1 am; Sunday: 9 am–1 am; Monday: 9 am–1 am; Tuesday: 9 am–1 am; Wednesday: 9 am–1 am; Thursday: 9 am–1 am; Friday: 9 am–1 am,,,,,,,
Cafe Lάkis,,Coffee shop,4.8,170.0,"Pierion 14, Veria 591 32, Greece",Veria,+30 2331 503025,,,40.5195733,22.2055348,,"[""https://lh3.googleusercontent.com/gps-cs-s/AC9h4nojBwRTkRBKuC0WQ8lT7OvE0CTMjSIIgPsbmpNiy4Jsx1BnawR6SchGNbOjTxpqVJbCP-LX9rfW3QqtuaPRcvoT0Ely2pLRA1QKnH0NoYjOhXhfOmO5jYSXaYXTPaUjjtWRfSnl=w1200-h800"", ""https://lh3.googleusercontent.com/gps-cs-s/AC9h4nrfm_14IdlcL23Pphletz_vmuavEt38zEx8Ch9UbuXw3cOnsOyFE7PygZ2oVMu3tRXVZTpasCyYyNAx_sQ_FOGTMN6hQqepu8EUGSgQzGbJIceZTf3M-4eg0n-BCTYbLIF6W64=w1200-h800"", ""https://lh3.googleusercontent.com/a-/ALV-UjUOG3zDPoTnvES-zIaER6YDwpVEh1ZwCaOsBSuIbzEJm9bytUR2=w1200-h800"", ""https://lh3.googleusercontent.com/a/ACg8ocJOk49uZYKm1MZq8vvzRGUlRaS_MJl87sjUB3zxo0oYxoicB-I=w1200-h800"", ""https://lh3.googleusercontent.com/a/ACg8ocJQWKVh_lcHnEvWufDuSc0k9ONpBltQdTdiHXJJvIJkmAKDIQ=w1200-h800"", ""https://lh3.googleusercontent.com/p/AF1QipOEmHVZdXkKDXCFc2qvqRxR6Y2CAywWE95pgKw1=w1200-h800"", ""https://lh3.googleusercontent.com/p/AF1QipO1b1xbsE7R4DlnxAI92TbPSH5UjdQI-PooIgt6=w1200-h800"", ""https://lh3.googleusercontent.com/gps-cs-s/AC9h4npo3V8cfWbMk2dSrFUwvce-PRDyIwAZgofH0ecAhUSdNLQfzBM-kCdGQc-rkBOYVDc2gHD3ZvU8r1WGxcVpvo726rt6sKqNtp_gt1cdaybqzBTeyAngCJMlIUGV0SEJozEJBE8=w1200-h800"", ""https://lh3.googleusercontent.com/gps-cs-s/AC9h4noaCNPGYX_oNVxqC1UhMADY-7GkJIR7qwqTpxWqcMKhpKBw5stRJitC5Au52C5RdBXHBrxfKuwK5h0NdtAa2Pt0lk79mKI01ldIBKjK4rf3iw9jj0fa2HJzqO-eiBR-6XoxvcIH=w1200-h800"", ""https://lh3.googleusercontent.com/gps-cs-s/AC9h4nqdcMU0o6uhfzheNPHLp-V6FScwuaUWwrEqOU4WWxPymunT2UeUwlWzTGNQaE6hWYzDBPZ-kj2q3NMgRebInPwd5hoXJCt380_9hJpYaYlMzv4u7ordSZWHzYOkM1bYD1aVxFevyQ=w1200-h800""]",https://www.google.com/maps/place/%CE%9A%CE%B1%CF%86%CE%AD+%CE%9B%CE%AC%CE%BA%CE%B7%CF%82/data=!4m7!3m6!1s0x135793414c3befff:0x2148ab360a8f5835!8m2!3d40.5195733!4d22.2055348!16s%2Fg%2F11fjvkf9t0!19sChIJ_-87TEGTVxMRNViPCjarSCE?authuser=0&hl=en&rclk=1,2025-09-06T09:34:34.762820,Saturday: 4:30 am–10 pm; Sunday: 4:30 am–10 pm; Monday: 4:30 am–10 pm; Tuesday: 4:30 am–10 pm; Wednesday: 4:30 am–10 pm; Thursday: 4:30 am–10 pm; Friday: 4:30 am–10 pm,,,,,,,
Cafe Sa.Nti.Gi,,Coffee shop,5.0,0.0,"Kentrikis 75, Veria 591 32, Greece",Veria,+30 2331 776065,,,40.5236687,22.2028424,,"[""https://lh3.googleusercontent.com/gps-cs-s/AC9h4nqp_HoEGC8chEBxKqmW9jupam81xmQj8s_qNoFaxpSRItSvxHOKiAqJqfZTC-2X1GrXqhe3HrJ7TWel5c2p43EbEiWYPViqpyg_7okCOPvIh3yOnLBIitBIfhDHoa3umpSN8qbn=w1200-h800"", ""https://lh3.googleusercontent.com/gps-cs-s/AC9h4nreqJCGaqzhbKbDm7Bj0iHtsHoehvzAAvLSZLRbxY3fkY6ZzHXSToHeRq5rjfbj7LmuEyawBE7UeUCGZxGtePeNlmGENbmUmNxeK4AmLNSZy5rrK_ee-pTNUv7XjVp1Ktbo6ZcT8A=w1200-h800"", ""https://lh3.googleusercontent.com/gps-cs-s/AC9h4nq2UCiiAIUnGBhbvWM8v4QfAaCTqdy0ZSZWTHeq0b2XC4rCdaPHF8ZlsOuzyauLEnxm68vJl5lmhxbKdeWN_OzTm4JFwtJ1rZMVM8m0Ni6fMPl4T23V_bRapvuR-hGeGftQXSdv=w1200-h800"", ""https://lh3.googleusercontent.com/a-/ALV-UjWNTVm0XS-yZYgWP4PJ0Ac0sA5ctePa-mbd36C6hAoJS7CxFPM=w1200-h800"", ""https://lh6.googleusercontent.com/proxy/2JqcPBpwbpvRO1ZTDr-4ueDqlTePb5IMzr4q6fZN7yVfuZEMN47CF36_fv1K_oHO-5U1yfeAtcCqQWbzs2AdzmAkmG7d2MupkXk10C4mK-zxCE6RF_nbjJkJvJ2Bpm-gzGD5dMYaVkA0B53RGxT8uQcllxvSPrk=w1200-h800"", ""https://lh3.googleusercontent.com/gps-cs-s/AC9h4nqPeIylmMpBX7zwZ4oUsWVqtPtjCZOtLMXg1yFiEa6h3IhZ8G4PcTwpJju6NXhaHgkpsWxQ_52Y_IpU-zP5MJS5IS3rDUnqvXhJgUBBSrdKyfalxrY3_kd1Wo8cX8gvJJM7WbSobQ=w1200-h800"", ""https://lh3.googleusercontent.com/gps-cs-s/AC9h4nreLH_z5r7ED4XAaaBKOwkt9E_nZOI-RKVCxQsvzxtXvwlH-hC_9BYH9qkGnpO6_gemP9mS5D8IoB67aETqwKK6S-mTgJYUX44VNVYFpBbG7s3djU6ORe4ZWhvPefxXIvkJpHY=w1200-h800"", ""https://lh3.googleusercontent.com/gps-cs-s/AC9h4npo3V8cfWbMk2dSrFUwvce-PRDyIwAZgofH0ecAhUSdNLQfzBM-kCdGQc-rkBOYVDc2gHD3ZvU8r1WGxcVpvo726rt6sKqNtp_gt1cdaybqzBTeyAngCJMlIUGV0SEJozEJBE8=w1200-h800"", ""https://lh3.googleusercontent.com/gps-cs-s/AC9h4no363xK1BweA2WtTPbxv0Edaex9h-bQaR-o_JkrybrdKHOzKs41BvzQPE6_s47bIH2yf-0Aj7m9TfGEdrMwlcegrncykCPD_jR0m3bbLu3RyI7Vh0SpEnM_rNMdumXqQEie3J0=w1200-h800""]",https://www.google.com/maps/place/%CE%9A%CE%B1%CF%86%CE%B5+%CE%A3%CE%B1.%CE%9D%CF%84%CE%B9.%CE%93%CE%B9/data=!4m7!3m6!1s0x13579375363d145d:0x726bb0f09491fee1!8m2!3d40.5236687!4d22.2028424!16s%2Fg%2F11pd9cx4q9!19sChIJXRQ9NnWTVxMR4f6RlPCwa3I?authuser=0&hl=en&rclk=1,2025-09-06T09:35:20.412221,"Saturday: 9 am–2 pm; Sunday: 10 am–2 pm; Monday: 8:30 am–2 pm; Tuesday: 8:30 am–2 pm
5:30–8:30 pm; Wednesday: 8:30 am–2 pm; Thursday: 8:30 am–2 pm
5:30–8:30 pm; Friday: 8:30 am–2 pm
5:30–8:30 pm",,,,,,,
KAFE TSAGKARADIKO,,Coffee shop,4.7,584.0,"Mark. Mpotsari 28, Veria 591 32, Greece",Veria,+30 2331 023120,,,40.5172863,22.2023693,,"[""https://lh3.googleusercontent.com/p/AF1QipOhwPHGXXziDml78CE_bwAEq1pQmGq5s5ZPPYVS=w1200-h800"", ""https://lh3.googleusercontent.com/gps-cs-s/AC9h4nr1Qd2tmqT2TRv5UO8giOiDmGJxC6O1xQvdmn_K1uAl_S9SRS_4jLHPLT8ZLZ6H2QPxJRl_9gdft0ar8zaFE0o-goCk1l_Jm8XO0cPmJGCilygsRMTGrbZHRtWchdRaQwG4IulV=w1200-h800"", ""https://lh3.googleusercontent.com/gps-cs-s/AC9h4nq96dGMtv7hzEGxTAi2s2-MsmQ9z41-NkPaIpVBUxP6YcuzvB4QrVmzQ5uqjm-2RVUZGxfFFNMuqlf8KdRDIOcSR1krVx3q63yRDgaPtQflgkQXxF8VtkORlStpPqycaWe1GQ1n=w1200-h800"", ""https://lh3.googleusercontent.com/gps-cs-s/AC9h4novjalP78wG1D-k-H-Knog7mprcHAgxh3uP-dRbJ4gYa_-8Pa8uhEYX8aKhdafjDur02a1vzPOLptVVFwaZzZt57u7TGr9pu-Ze5E_ZzwP82ZajYXphMmGQ1S9x9QKzM1hQ44Y=w1200-h800"", ""https://lh3.googleusercontent.com/gps-cs-s/AC9h4nqtmrrtAGYXTz9-zllVbDxCmowL1wHAlmHdQL0q7U4K3IpAXec2cLsFynVIfG85UKh_wnGYGsKPeJGvyg_-81QZkZzJv6qvnDcnKOCfS_s73jRoS7SkE_zRCkjIJH8ouX0v6GerRA=w1200-h800"", ""https://lh3.googleusercontent.com/gps-cs-s/AC9h4npaYplxhLu9RxkbFS9eMuQs_JtIp7-Sae2xkvsWa7ynctYN79d_Kq4orPHOM6uxExv7pp_buGV5w486VA_swkuUFLHi4A0nNClnlbpzP4P5-5pPjWWFFPFy_XfJjA3j3-7HvUqKBg=w1200-h800"", ""https://lh3.googleusercontent.com/gps-cs-s/AC9h4nre0NL26rY_zIu2dXzoPXH8HB9q3XWmoGlHygZz7SZYIkyTD78z1-ga11ouBxauCPF6kqQH-C8D6nb1eOHXrzow0f_exaQiEAQ0-7Veuie-9GvBrG9rH15dLv9YmZIfY2kH5L7_0w=w1200-h800"", ""https://lh3.googleusercontent.com/gps-cs-s/AC9h4no243vUqm68-iU5Xwr7_-CzOY3EK_9K8W0F1Nf1AcEEeEOH-JAAP4RguNCnqcKGwAVKPVjQxigZHa-xhrFeF05h_IbqULmFbPCHYUtukrDN7oZ1KX4UgvAyCsUwHm-_DYO_AlF6=w1200-h800"", ""https://lh3.googleusercontent.com/a-/ALV-UjVverHzH-_vxB6FE-9MQop7ly_-UDkQI2oPJObw8Y0q41vGMXcD=w1200-h800"", ""https://lh3.googleusercontent.com/a-/ALV-UjWEDvp6AofhssM28oFqi85v26VRWvwiJWK0PFHXeTMH85H2LVD-=w1200-h800""]",https://www.google.com/maps/place/%CE%9A%CE%91%CE%A6%CE%95+%CE%A4%CE%A3%CE%91%CE%93%CE%9A%CE%91%CE%A1%CE%91%CE%94%CE%99%CE%9A%CE%9F/data=!4m7!3m6!1s0x1357929d52ca8d39:0xf2c79c0466d4d2ed!8m2!3d40.5172863!4d22.2023693!16s%2Fg%2F11ckvlv3ly!19sChIJOY3KUp2SVxMR7dLUZgScx_I?authuser=0&hl=en&rclk=1,2025-09-06T09:23:28.178417,Saturday: 7 am–1 am; Sunday: 8 am–1 am; Monday: 7 am–1 am; Tuesday: 7 am–1 am; Wednesday: 7 am–1 am; Thursday: 7 am–1 am; Friday: 7 am–1 am,,,,,,,
Kafeneίo Vergίna,,Cafe,4.9,8.0,"Mpizanίoy, Leof. Anixeos 68, Veria 591 32, Greece",Veria,,,,40.5274315,22.2073081,,"[""https://lh3.googleusercontent.com/gps-cs-s/AC9h4npwfrJe_6jonhTscJHlITZTqT4XnyZNxfgpE2at9C1R0NdL8RW4T4LIdfRcSLga6dyS-syKYkoWciIfOSo7ypAmzqlAGwg7zF5UueTUMY9T3JEDmeeD0dgdWqkLSZW6-YdoybLy=w1200-h800"", ""https://lh3.googleusercontent.com/a-/ALV-UjVHnvV3r4j8e7GdfCok7z3Oue7ykXphd8CSmDiz3snqz5D5li87=w1200-h800"", ""https://lh3.googleusercontent.com/a-/ALV-UjUf1SjgZ-psV7Y8WywGTLtaBSED5hkfL14zVxoUV2WpG-uzycCyWA=w1200-h800"", ""https://lh3.googleusercontent.com/a-/ALV-UjUf1tFDk3QIYg3cMVrFtnwz3pya4M7aYTjI4vnVn4i7tgWAvT68fg=w1200-h800"", ""https://lh3.googleusercontent.com/p/AF1QipPCu0dBiyQQ9nNuYHucLxUowqkR_bzL26RFt3ta=w1200-h800"", ""https://lh3.googleusercontent.com/gps-cs-s/AC9h4npiGXFWlugOL2bvpM3nHZpjMf68zzY5ZcqopqWpjXIGaIfUbeYdEknpmcetcmXp9cAwEJ1hDMzcr2vLkb9cqYpRjqluZ5qsno61VBlw-SytlwbC1dbqSHlS7xwwR-mHMFE54MF60Q=w1200-h800"", ""https://lh3.googleusercontent.com/gps-cs-s/AC9h4nqPeIylmMpBX7zwZ4oUsWVqtPtjCZOtLMXg1yFiEa6h3IhZ8G4PcTwpJju6NXhaHgkpsWxQ_52Y_IpU-zP5MJS5IS3rDUnqvXhJgUBBSrdKyfalxrY3_kd1Wo8cX8gvJJM7WbSobQ=w1200-h800"", ""https://lh3.googleusercontent.com/gps-cs-s/AC9h4npo3V8cfWbMk2dSrFUwvce-PRDyIwAZgofH0ecAhUSdNLQfzBM-kCdGQc-rkBOYVDc2gHD3ZvU8r1WGxcVpvo726rt6sKqNtp_gt1cdaybqzBTeyAngCJMlIUGV0SEJozEJBE8=w1200-h800""]",https://www.google.com/maps/place/%CE%9A%CE%B1%CF%86%CE%B5%CE%BD%CE%B5%CE%AF%CE%BF+%CE%92%CE%B5%CF%81%CE%B3%CE%AF%CE%BD%CE%B1/data=!4m7!3m6!1s0x135793e7eca3ef3b:0x2fb4983d012f1df6!8m2!3d40.5274315!4d22.2073081!16s%2Fg%2F11qk535xv9!19sChIJO--j7OeTVxMR9h0vAT2YtC8?authuser=0&hl=en&rclk=1,2025-09-06T09:32:04.556765,,,,,,,,
KAFENEIO GONIA,,Cafe,4.9,45.0,"Konitsis 20, Veria 591 32, Greece",Veria,+30 2331 071692,,,40.5273957,22.2050694,,"[""https://lh3.googleusercontent.com/gps-cs-s/AC9h4np5FqumWORUYhsfj_FILdJhAdqhE_JrbRhNS-9u7IUvval8Y_CIq3-GPzXyk1QMfbAcHX2EytLt0vNW2k_TqlUA3LgzIqBvG3jM3bLVi7vb6V8b0lkMJYT73lagB6LfNFgcWEg2=w1200-h800"", ""https://lh3.googleusercontent.com/gps-cs-s/AC9h4np1IZXD7ej1yaIdMNynowJdo5zzxuPLcjpt5UB4lsxJfyfXRC0YHtSZfI1DtoAgSf2Qzu4ygtsbf_NNiS4MnN09gPPfD9WPoHlNFxF5TaQT5YJkMLbxTro4sYhuFU4ZQ4R32kqOEA=w1200-h800"", ""https://lh3.googleusercontent.com/p/AF1QipOo4npqxfmUlOJQ-qbK794xd19nMkNf4J3KclnG=w1200-h800"", ""https://lh3.googleusercontent.com/gps-cs-s/AC9h4nq41HXKULrsUUxYFiLsg6fJdALUmONZQ7p9XDbk-AYXl-QccZMFtKh7jwEStZ_arkgdPFgQaYh1kYRdiYz1AFe9MC10UPuXoALDq656WM-F8gQXDWH9a0UhTXafUVew9ldWiug=w1200-h800"", ""https://lh3.googleusercontent.com/p/AF1QipPCu0dBiyQQ9nNuYHucLxUowqkR_bzL26RFt3ta=w1200-h800"", ""https://lh3.googleusercontent.com/a-/ALV-UjW0B_1h72Vr4fypGNnxLy8_zf-oUVx8aC5x8NtIZhEl8DJ0eh8=w1200-h800"", ""https://lh3.googleusercontent.com/a-/ALV-UjWg7bOdoYQ0NpkS-gT0F6P_a6JELtC-w6GmX1p8Rwb0JTjmHaOZ=w1200-h800"", ""https://lh3.googleusercontent.com/a-/ALV-UjVE5PXyteUc8tNlRTBt264kQjs5ZeIUHjJyOHmkvDyNUp5mZg4q=w1200-h800"", ""https://lh3.googleusercontent.com/gps-cs-s/AC9h4nqOgT2rq_a-Joh3cA_XIivrEBpb18WH5Wi3p1bis02F-Cl44eWngxd60QsuavVfaAEehZA3Wbc7WK_RIx_NauNO02TjWE9Nm_o5bMJYt4wkto7XAlL-Ty2AFGTB2ULm-JSuRSSh=w1200-h800"", ""https://lh3.googleusercontent.com/gps-cs-s/AC9h4npwfrJe_6jonhTscJHlITZTqT4XnyZNxfgpE2at9C1R0NdL8RW4T4LIdfRcSLga6dyS-syKYkoWciIfOSo7ypAmzqlAGwg7zF5UueTUMY9T3JEDmeeD0dgdWqkLSZW6-YdoybLy=w1200-h800""]",https://www.google.com/maps/place/%CE%9A%CE%91%CE%A6%CE%95%CE%9D%CE%95%CE%99%CE%9F+%CE%93%CE%A9%CE%9D%CE%99%CE%91/data=!4m7!3m6!1s0x135792905a34a2c7:0x32bd0694dbcdb680!8m2!3d40.5273957!4d22.2050694!16s%2Fg%2F11g886_wpv!19sChIJx6I0WpCSVxMRgLbN25QGvTI?authuser=0&hl=en&rclk=1,2025-09-06T09:24:12.964453,Saturday: 8 am–12 am; Sunday: 8 am–12 am; Monday: Closed; Tuesday: 8 am–12 am; Wednesday: 8 am–12 am; Thursday: 8 am–12 am; Friday: 8 am–12 am,,,,,,,
Mikrό Kafe,,Cafe,4.4,25.0,"Mark. Mpotsari 5, Veria 591 32, Greece",Veria,+30 2331 072470,,,40.5191987,22.2006207,,"[""https://lh3.googleusercontent.com/gps-cs-s/AC9h4np9rb3iKQmH2rzfG_dBTvA8gHrhxeWxXZ6SmMDXBT9PgVmbcX_3VAfFYarfeVcxEaZkzCuWPSsTSXZ5H3Zc_diqiLWKfJCmsvZJAE-VrB-m-qaJKV63lpj6k4P-ti63IKycCMg=w1200-h800"", ""https://lh3.googleusercontent.com/a-/ALV-UjVBQZM0HcX6nY1wCzg2-7rV84TH1SfoSvFROufdyRh-3wpLbYa4=w1200-h800"", ""https://lh3.googleusercontent.com/a/ACg8ocJw7ZqgRY6ACnGtQOewap65wIPE5NeoPPDudfluzhS5dcxVsw=w1200-h800"", ""https://lh3.googleusercontent.com/a-/ALV-UjUqu3j5t4cy0wPMrzZ8wUKISq_jeckO-XDgl_kcGlyZGnE4gpE=w1200-h800"", ""https://lh3.googleusercontent.com/p/AF1QipMjwVQoItJ5JNx22sIPb9i62ojs0Z3jCe9L9Shx=w1200-h800"", ""https://lh3.googleusercontent.com/p/AF1QipO2a4q4dIPrOKe4V7lNyqIhdYN_XipJsRaVSkoE=w1200-h800"", ""https://lh3.googleusercontent.com/gps-cs-s/AC9h4nrcwKIwYg1HI81jTIy6qiz13_bgIBfSziX_U0rTuley4nyEhJ9QOgByhUXv0Jo3NniIEjyYj7H2xAqo855hI9Qewcdfc-jPZy3Uyj4gcA3ON1Dsxk9accon2x2Q7RgIZIzx8fBn3g=w1200-h800"", ""https://lh3.googleusercontent.com/p/AF1QipPg8E58HW-ogYMOQutqS_v-9C0haq5USWQkhRGj=w1200-h800"", ""https://lh3.googleusercontent.com/gps-cs-s/AC9h4nq7iS8cBwqw1A7Xkmyq-xM1wtBKWHK_YFVP9VLfrBqerihCiv9H40ytJPE_y4CKMZHd11onDbuh471PPe0x3-78LDm0NkeTV_E9_sg3gv7WxGYhgz8Hu_M55zs5xVS-hzPWMnZB=w1200-h800""]",https://www.google.com/maps/place/%CE%9C%CE%B9%CE%BA%CF%81%CF%8C+%CE%9A%CE%B1%CF%86%CE%AD/data=!4m7!3m6!1s0x13579282fd0ef9f1:0x2c952e441a8ba9ce!8m2!3d40.5191987!4d22.2006207!16s%2Fg%2F11cjhrqk7x!19sChIJ8fkO_YKSVxMRzqmLGkQulSw?authuser=0&hl=en&rclk=1,2025-09-06T09:36:21.204414,Saturday: 7:30 am–2 am; Sunday: 7:30 am–2 am; Monday: 7:30 am–2 am; Tuesday: 7:30 am–2 am; Wednesday: 7:30 am–2 am; Thursday: 7:30 am–2 am; Friday: 7:30 am–2 am,,,,,,,
Flόou microroastery,,Coffee store,4.6,213.0,"Kotouniou 4 &, Paster, Veria 591 00, Greece",Veria,+30 2331 025829,,,40.5241052,22.207103,,"[""https://lh3.googleusercontent.com/p/AF1QipOb35BfqFfq5TnDXsmzjIBzLRskBRe1LUzTPOg_=w1200-h800"", ""https://lh3.googleusercontent.com/gps-cs-s/AC9h4noaURWQ6DmyvUbEcZGHwLC0kM64dZjI6B6IOf8YadNbVBEyWYB-JNK1PT1eTuXBAZWqNYxK6v1hQEhbEyUygSBtpBRw0KalZCbaqGkmUFkLVEdToDKtHPra0lwRqqHwkhVikg3g=w1200-h800"", ""https://lh3.googleusercontent.com/gps-cs-s/AC9h4nox-Nqs25PUBNOAEJCQjdm2tso3PJBSvCWV6fnPU9OlRYvJt6llDAa-dWjWIiy9-v4I-FA7WEnmDWQw2HhcQ10NlawXMy39myU596XvMNwA_Xa5-DgZnJgRJMrjQllYJpqbIc1g=w1200-h800"", ""https://lh3.googleusercontent.com/gps-cs-s/AC9h4nriYE-8Jlp1HvwQB1cQZcLITOazIvJiNbz9XDMftXnqssI7vLQ3xyv6kpd0owSmuq43E3gwGlcsR281NrcUCoKrNHOh2jxv1F82Kq67ivGYe9FS9WJ44PmJkMpjV3a317LB2sln7w=w1200-h800"", ""https://lh3.googleusercontent.com/p/AF1QipP5fYTX9TUVnuOCQCplJ5JzjDpEyUCsd5edPxSE=w1200-h800"", ""https://lh3.googleusercontent.com/a/ACg8ocJp_ed3izvCrWEfBeqIdvZz-c1EjFr1TRaRjbXJ4xnUkFDvtA=w1200-h800"", ""https://lh3.googleusercontent.com/a-/ALV-UjWrznT5x0hTB7WMQPvM0csR1xvY00bsfBLLksEFOhENNKMGnWQ=w1200-h800"", ""https://lh3.googleusercontent.com/a-/ALV-UjVk8Jlv8MjnwOoHnWHFXshrTYxJcgWIt8Nt376iof2stDu-aPMISw=w1200-h800"", ""https://lh3.googleusercontent.com/p/AF1QipO5iiYkB66PTD7OHI17rttcjQ1mZTh93XTF5UUz=w1200-h800"", ""https://lh3.googleusercontent.com/gps-cs-s/AC9h4nrg4rqbSuQn9BlY3qJtf_cQjMoURXNbox12A3siDjhanu-fh9RTYeYEuyl2GtrY_jVA4Koy_c1Q5F_zG_xjR3hI8G9itm-yrVu6-LOEFsQ0EO222E-_7Z0Pxj9pCZbL4lU2GGvK3w=w1200-h800""]",https://www.google.com/maps/place/%CF%86%CE%BB%CF%8C%CE%BF%CF%85+microroastery/data=!4m7!3m6!1s0x135793be45d8209d:0xfef10ba87b46f70a!8m2!3d40.5241052!4d22.207103!16s%2Fg%2F11pcnw8y8z!19sChIJnSDYRb6TVxMRCvdGe6gL8f4?authuser=0&hl=en&rclk=1,2025-09-06T09:31:46.909814,Saturday: 8 am–10 pm; Sunday: 8 am–10 pm; Monday: 7 am–10 pm; Tuesday: 7 am–10 pm; Wednesday: 7 am–10 pm; Thursday: 7 am–10 pm; Friday: 7 am–10 pm,,,,,,,
Coffee Island Vέroia (Cream IKE),,Coffee shop / Takeaway,4.6,334.0,El. Venizelou 31,Veria,+302331060800.0,http://www.coffeeisland.gr,info@coffeeisland.gr,40.5290649,22.1880977,,,,,,,info@coffeeisland.gr,https://facebook.com/coffeeislandgreece,http://instagram.com/coffee_island_official,https://youtube.com/user/CoffeeIslandCompany,https://twitter.com/coffeeisland_gr,https://linkedin.com/company/coffee-island
Espresso World,,Coffee shop,4.5,507.0,Pierion 124,Veria,+302331400305.0,https://espresso-world.gr,info@espresso-world.gr,40.5185882,22.2022501,,,,,,,info@espresso-world.gr,https://facebook.com/espressoworldofficial,https://instagram.com/espresso_world_official,,,
House café - night club,,Live music bar,4.4,55.0,Aristotelous 45,Veria,,,,40.5481905,22.2379338,,,,,,,,,,,,
Mikel Coffee,,Coffee shop / Takeaway,4.1,455.0,Elias 2,Veria,+302331021800.0,https://m.facebook.com/Mikel-Veria-1416320598680411,,40.5271243,22.1629689,,,,,,,,https://facebook.com/mikel-veria-1416320598680411,,,,
MR.COFFEE,,Coffee shop / Takeaway,5.0,15.0,Thessalonikis 131,Veria,+302331122064.0,,,40.5266486,21.8745219,,,,,,,,,,,,
