name,description,category,rating,review_count,address,City,phone,website,email,latitude,longitude,social_media,photo_urls,url,scraped_at,open_hours,accessibility,Emails,Facebook,Instagram,YouTube,Twitter,LinkedIn
Black Sheep,Μαύρο Πρόβατο,Restaurant,4.7,926,"Kastanias, Kontogeorgaki 41, Veria 591 32, Greece",Veria,+30 2331 021211,mavroprovatoveria.gr,,40.5217243,22.2059578,,"[""https://lh3.googleusercontent.com/p/AF1QipPy6jHCwZPPCHrsADXl7HRjh5VpZ5Z60rwPzp93=w1200-h800"", ""https://lh3.googleusercontent.com/gps-cs-s/AC9h4npIrRBu0p72WOCeoSzWQPHFZ48CD-GgvbXR5dprVtawX2u9iFXWo2lGqrjF5aPsTyIrKveUfN6Olm8wnMeT-eVlUk5E_p04lge7Zw7AheQ2HyUu0YVWVtB6Xd1Jqv_eQ8muqSg=w1200-h800"", ""https://lh3.googleusercontent.com/p/AF1QipOrZ7WPf2jYdwphHwto1PiT6A1O96a_I9hVZ1w3=w1200-h800"", ""https://lh3.googleusercontent.com/gps-cs-s/AC9h4np_J7MCmOXqys0uNvneVMdHce1O4a7KEP7-x-zw5lr9f-3DLPT1HoOz5sFVaY0j6-CfME6APUwFPMy4eyz8NrPcc8JPCrMgfgRl5xW3IySlI3UXzqi8QspTFCMxp90jdDWZ6CtY=w1200-h800"", ""https://lh3.googleusercontent.com/gps-cs-s/AC9h4np-8554jcDOuNz4-BBENO0MLeC92ce1B7XnazRUWKWqzkcrVBAvKKSAg6KfdkqDCKw74VhMZ8COEVMyM6dUR11MB2kbCGtCDKxrk0KGWaqsv1i0IAh_S0X-rbJrZKMLZt6MXSGBeqG_HP7u=w1200-h800"", ""https://lh3.googleusercontent.com/gps-cs-s/AC9h4nq5STKYWMT9Bf8UC1iwILakoWAT5X_8g_l2RzJfAuoZ4UEo-6-F4c4r9_9BIp1dRQ6Ypm5ZMztPAT1qV1WH43f2EYcsmbWAO8WHiBmj1iyVeGRurS7VCUGye_F2QuNAHW4wNT-k=w1200-h800"", ""https://lh3.googleusercontent.com/p/AF1QipMP_pww22x0XbgTrXdXS4IaIrjF2BzmwivGPHBp=w1200-h800"", ""https://lh3.googleusercontent.com/gps-cs-s/AC9h4nrweuEVO5uOlmCnA2vbaZo-XO5IxOZtkOivdCLcq9k89ddBB5_FTRYZlkJuHUgQbM6BN8lhMQBtbczhS_zYhndaDzIxbLSReGNEeI5FIzHpbXlo-G2TNIr3Hsqr0vKQiOL3dSYqQAPbNTo=w1200-h800"", ""https://lh3.googleusercontent.com/gps-cs-s/AC9h4npyU7GAEQyV_2Ei8b3BTS9k7OmJQnguYENLvenf6ZW9eFIhzLTIzE-RiU8WnEHqFRlittdgLS5cOaZ-g2LLxjQvxFQAgkiSfYL2nbvMeTWsmzpWrWomeO_CiAQ66WnQrZ7pinDoQQ=w1200-h800"", ""https://lh3.googleusercontent.com/gps-cs-s/AC9h4nouE36QITCmklyrwFffDPP14pGqLI_Ni0mK3Fq6ojF7w-Pk7_0TCLohOmSjSP3893EBy0ac0OeVCCFQU4Yl8nuG73WwTzS8-VKCOWOBTl3klXiuqn0DNLGvSu59qAdj0G4B2nQ=w1200-h800""]",https://www.google.com/maps/place/Black+Sheep/data=!4m7!3m6!1s0x1357935c8b4bb66d:0x373b95c565c64e66!8m2!3d40.5217243!4d22.2059578!16s%2Fg%2F11g4jbkx_b!19sChIJbbZLi1yTVxMRZk7GZcWVOzc?authuser=0&hl=en&rclk=1,2025-09-06T11:55:37.140837,Saturday: 1 pm–12 am; Sunday: 1 pm–12 am; Monday: 1 pm–12 am; Tuesday: Closed; Wednesday: 1 pm–12 am; Thursday: 1 pm–12 am; Friday: 1 pm–12 am,,,,,,,
Beluga Cafe & Restaurant Bar,Popular times,Restaurant,4.6,661,"Elias 14, Veria 591 32, Greece",Veria,+30 2331 072982,beluga-veria.gr,beluga.veria@gmail.com,40.5232627,22.2069103,,"[""https://lh3.googleusercontent.com/p/AF1QipO27uMk5mxmZvcMy3jqTjylxAjK5FoNvmBUph7w=w1200-h800"", ""https://lh3.googleusercontent.com/gps-cs-s/AC9h4nrlgPICm2ww6g8fKlvD8tsv_R5NNmBzHMA5o1P-X_Lfr9j1g7jbpqlSesP9cHGXSHYIMMZY8nNvToxyiakqMjAS8rnCKFLs0h4G0kbG5hpWWNZRgg55o7yPv6q5r07STjH0CIyR=w1200-h800"", ""https://lh3.googleusercontent.com/gps-cs-s/AC9h4nq0SJjcpBXaVfWT07XabYOuesb-7qPyewTTDakXmusHIkVHCWQLgg_ShpoZeH5nLM2OG0JRqk20ANEX1wFKoeeUXlxDylJHuQfvoUgkUinsWLyVtLhLbfyBGp7-Mh8BSUX2UJqZ=w1200-h800"", ""https://lh3.googleusercontent.com/gps-cs-s/AC9h4nqM9A3aXQAZDCSZG9uFh0wX1DLDGv3eh74BbZ1oLlkaVInoYoliK3jqfVwcUoXOPfxTRLrLwHTqropN8GYXOVSuFb3hNwVCska4JOXYi_I0PdCBjn0aOkzqzmXagO419ItHhMjYQQ=w1200-h800"", ""https://lh3.googleusercontent.com/gps-cs-s/AC9h4nraHC3lRUKZmn6WGfjBCq8CqtPmVf7Paet0SrLMmWy-NqczYq4m3lBQvBwAqf7WBZgvPNKRcC0WekGP8dgDn_p1-rcp5T9JMNoNWn2o3nmptzphY8AgXaDpoxsyAEZk_3I_FjP8=w1200-h800"", ""https://lh3.googleusercontent.com/p/AF1QipNh9RtIdpcDSt7OHoNVjRjTI-SuUEKnTwFR9I-0=w1200-h800"", ""https://lh3.googleusercontent.com/p/AF1QipMrp3CnuDxFjzyEyP2eJAXoWfp2pVVZlLCyTl34=w1200-h800"", ""https://lh3.googleusercontent.com/p/AF1QipM-mwq49rLFM8blu8EKtGr87h2F4pbIohiFNy1a=w1200-h800"", ""https://lh3.googleusercontent.com/a-/ALV-UjVvdA3T87MYzh60ahWkv8xOIGOMvt9DHxMUdFj6UXks_-_eEuxM=w1200-h800"", ""https://lh3.googleusercontent.com/a-/ALV-UjVEUfIR6OxJJlr8ywgq51o6svMj_EF8cEMUXZCU34bh2A_s5C-UFQ=w1200-h800""]",https://www.google.com/maps/place/Beluga+Cafe+%26+Restaurant+Bar/data=!4m7!3m6!1s0x1357929a49b0001b:0x99f38efa88548396!8m2!3d40.5232627!4d22.2069103!16s%2Fg%2F11ddxv5fkh!19sChIJGwCwSZqSVxMRloNUiPqO85k?authuser=0&hl=en&rclk=1,2025-09-06T11:55:48.636342,,,beluga.veria@gmail.com,https://facebook.com/belugaveria,,,,
Bergiṓtiko,Βεργιώτικο,Restaurant,4.5,372,"thomaidoy 2, Veria 591 32, Greece",Veria,+30 2331 074133,,,40.5196581,22.2039274,"[""https://www.facebook.com/vergiotiko""]","[""https://lh3.googleusercontent.com/p/AF1QipMdS9BWOTHHssjlgpFbuy8MHr_o74CpG0wSuX3s=w1200-h800"", ""https://lh3.googleusercontent.com/gps-cs-s/AC9h4nqJvCEd6amKGzgVUo_HpOd49Rmfo3MwSjX7nup2HdpCN8FKAnPiMgqcFQ2vwl7DSsN7bJknAak9qDF583dAWd-soWVucnQr2syi2ynr_Ctdet-B6EvPWcabCeUfIL3u-plRJinf249iqVjv=w1200-h800"", ""https://lh3.googleusercontent.com/gps-cs-s/AC9h4npRJC16s6TcZckX12iBHT6ZKwGGZHyyQ7LmMGLgbPBfN9ZZKKMC6WwIc9-QxfKcO6KKTj46tHzcmDbvKorhZgar0zz88n_pbltCwgLrdu0BcrA_QXrj3jl8o1wQ6c3TbZ_aPZI=w1200-h800"", ""https://lh3.googleusercontent.com/gps-cs-s/AC9h4nqBgLwr2RtLCeF2HS_A6vXprbkfCg-AEUplL8UrSpAPDa35aoOBqO1wDo9tnlf57nP0bqlq0I_p9LkclV6kl2H78cT4JRRMhS9729R_cis8PNj9n-vDgf4dc2k63vrG5XmGvCEWBQ=w1200-h800"", ""https://lh3.googleusercontent.com/gps-cs-s/AC9h4nqOL7jRve7RJKeOgmn1ZvRETJST8eyIkmevkf4O41Z43nThHMb9ZH2iNeeUexuzManI8rZ-RGGcsR3weBeioZySdC7c2K0pRsVFCsgZT9YgowAW5TRyG41GIdhGlj9edRPZ49V8=w1200-h800"", ""https://lh3.googleusercontent.com/p/AF1QipMVwNeVLO2h75wexlo4Mk2vQIb5tYdKf7ke2OAe=w1200-h800"", ""https://lh3.googleusercontent.com/gps-cs-s/AC9h4nqtCP206CSHs0U3rMmjuiY0QpJmL4kN7jhgY6Kf0aO7gtpJUQXZL2_bQW5T4HUBYvMxIMVWkvr0hDtfLeYoPgnFMDe8N8uc6PQDcY1DXhnnwk2MJ_Vt9pvzGtPm_YwpID9i0Awa=w1200-h800"", ""https://lh3.googleusercontent.com/gps-cs-s/AC9h4noVG6-2vXjs1pCgGYh0hpKiL9ZqAw1fWRJERvqpJxbSPujLAtbr7hKOV9mc6uhLgkXfrLdlsn4fRhZ9XkRUXKjkUn5e-4I0QIvSz_x16fMWeDY6oMy7PV2WJaPzAdi5Rofm3Jj-XbT7daU=w1200-h800"", ""https://lh3.googleusercontent.com/gps-cs-s/AC9h4nqSUjYn4_jknfdOPFM8fZvDS_VQ9KoI9X0s3Z9jzMYU9u8HRMSkpJWe6Tk7hAk3NzEYLRiaHPXWUM5FTPm-8LHTmHbMt91_P41-UDrRuwQq6a2h_ZK4rMp5DITlC2HsxPKo9KWn=w1200-h800"", ""https://lh3.googleusercontent.com/gps-cs-s/AC9h4no529SBtS6mZB8yLV_xi494rYwO3_HPkcfD0NEm5y1mS6oxNIKRqP0vYAbX7ioBnegUu7kao5kAIYLnYQDtTP3ZGNA_CSOCqLDc1003NZraEt5huhlvFzVhFyuXV12yyIORvIr_=w1200-h800""]",https://www.google.com/maps/place/%D0%91%D0%B5%D1%80%D0%B3%D0%B8%D0%BE%D1%82%D0%B8%D0%BA%D0%BE+%2F+Bergi%E1%B9%93tiko/data=!4m7!3m6!1s0x1357929cc15cca83:0x4cf325d0e8dc833d!8m2!3d40.5196581!4d22.2039274!16s%2Fg%2F11bxgbfd27!19sChIJg8pcwZySVxMRPYPc6NAl80w?authuser=0&hl=en&rclk=1,2025-09-06T11:56:03.661489,Saturday: 1 pm–12:30 am; Sunday: 1 pm–12 am; Monday: 1 pm–12:30 am; Tuesday: 1 pm–12:30 am; Wednesday: 1 pm–12:30 am; Thursday: 1 pm–12:30 am; Friday: 1 pm–12:30 am,,,https://www.facebook.com/vergiotiko,,,,
Ovelos Psitopoleio,“Ovelos” ψητοπωλείο,Chophouse restaurant,4.9,233,"El. Venizelou 35, Veria 591 00, Greece",Veria,+30 2331 062233,,,40.5268507,22.2033775,,"[""https://lh3.googleusercontent.com/p/AF1QipOWeaOKyY41otEqvMhi1aZmevdWGZN4iL7S_nn_=w1200-h800"", ""https://lh3.googleusercontent.com/gps-cs-s/AC9h4nr4qJIRIVFu6CrbG4fdvb8xuOmcI3VG24VcrOlMQkQNJQ_cq6XriHqR9NI2d4GvvT894a1011pBzdC8nvetyNFzzGYs2VKilCtL9Gn6hwlWbpzIxFe5BXACiUF4QmyuH5GFPmO-Ka5G_wOF=w1200-h800"", ""https://lh3.googleusercontent.com/gps-cs-s/AC9h4noxdX_0d7WHDvmKrGOx87KZCotX9OApk4FaWGS3fX7atDF-EEWK4jjTW99pdZy0tlKrf1rbgvwHMtWmhO4AFqygm82IWwu3KK7c6wfoVkRQwY3sc-iy51aQ_3C7i8aX1WAtpSM-=w1200-h800"", ""https://lh3.googleusercontent.com/gps-cs-s/AC9h4npUG3ufv-4J64ApezsYQe0lBMccsJPz4M2ql6v8335NuugGvITsSIxlGXm83I6z4aS2m05bDEpqMR2Rt45W-HXi9PapuWSyXsKrOnusYD09aVa5d-2DRjfKMfbgqUQg4PuHHHlETA=w1200-h800"", ""https://lh3.googleusercontent.com/p/AF1QipMQVPyHJKAs0ie6q13wwoWzqxbhfxElI8VUake3=w1200-h800"", ""https://lh3.googleusercontent.com/p/AF1QipOhJzaRFynBpL1H9J4AX9LAdU8teHjIpVfMuyFW=w1200-h800"", ""https://lh3.googleusercontent.com/gps-cs-s/AC9h4npLKe9Jy_rwTnWhpI3vaSuzvdcGytcbBQZ7RpoqhdkE1le4Lfl6tiDKFyEp8Civ1_8qqQupvQni5TxjGdb9Is1SrJLl7C61uWc5QVZQgvxBggBBm05OaXYHZhlfLUHnO4_cU_s=w1200-h800"", ""https://lh3.googleusercontent.com/p/AF1QipMCp8rTHsSDev5Lu4q8pOWUJrToHPnAo8Wl3hEu=w1200-h800"", ""https://lh3.googleusercontent.com/a/ACg8ocJp_ed3izvCrWEfBeqIdvZz-c1EjFr1TRaRjbXJ4xnUkFDvtA=w1200-h800"", ""https://lh3.googleusercontent.com/a/ACg8ocIYYaUWG0eHO5_lpgBOJfnlXrKwS43WQh9v106hSX1gKPv3Q2kN=w1200-h800""]",https://www.google.com/maps/place/Ovelos+Psitopoleio/data=!4m7!3m6!1s0x135793ec5f26d93f:0x7a249fa9696055db!8m2!3d40.5268507!4d22.2033775!16s%2Fg%2F11gh_gwvf6!19sChIJP9kmX-yTVxMR21VgaamfJHo?authuser=0&hl=en&rclk=1,2025-09-06T11:56:14.902651,Saturday: 9 am–5 pm; Sunday: 9 am–5 pm; Monday: Closed; Tuesday: 9 am–5 pm; Wednesday: 9 am–5 pm; Thursday: 9 am–5 pm; Friday: 9 am–5 pm,,,,,,,
12 Grada,12ο Γράδα,Greek restaurant,4.7,442,"Dimosthenoys, Sofou 11, Veria, Greece",Veria,+30 2331 100112,,,40.5228057,22.20036,"[""https://el-gr.facebook.com/12grada/""]","[""https://lh3.googleusercontent.com/p/AF1QipNSHu4D3o_JrjkrNgcv9E6CrWn4sYa3gD2PyvYO=w1200-h800"", ""https://lh3.googleusercontent.com/p/AF1QipO8LoyNupkYj1M19E328xtVk7_lFL86z3MUci_W=w1200-h800"", ""https://lh3.googleusercontent.com/gps-cs-s/AC9h4nowS5Wpl4Nf5jtAXTMCoAXzhRdo4vspJOiZvLK_JGoSgxjCMJiPKcsuMFkr9vvU0q3mHA8lkU9VVIVuerBZIEhV3LjmNYmnTrtTZlR9QdwdjnREidcPH8GWr8_0pACTkTxH1lc=w1200-h800"", ""https://lh3.googleusercontent.com/gps-cs-s/AC9h4nqLkGRmeQGcnZd5q1Hyc_ez3UFNGK7psinW3JRgJiiE-ibwU88ozGpS6n2sj18M7aZfdYinQgoIXcsUDhe5BJkyPHod0kM6pDIMBbaChZHV3JEH63-TRdTxM4NOUxiMxFohHqYj=w1200-h800"", ""https://lh3.googleusercontent.com/gps-cs-s/AC9h4nrQNbwdWRuyCLTScGuFxnoC_V5vWkzwzrG33XtwZ7lbGNrdD1R-wMURvnP7ZgPzS10PgF7uZAXjotL0UFrshy3I1IoITt9_Se1vkXutvcj4bvq-QDz4W-MLiynzBFOtdZgWrzVY7ubcAww=w1200-h800"", ""https://lh3.googleusercontent.com/gps-cs-s/AC9h4nrd8RbHpzDr24BLvmX3odkH05t2xzU-1-nn2ic7x71TBUSy3s_CZBg1zckfT-FEaFxB_2a1CfzqYwGttGIhkmJA-eiKzBeoQL3P1CUvQ2D74zaoFRkzJfPQ1pTeHtbiviQAMn2c=w1200-h800"", ""https://lh3.googleusercontent.com/gps-cs-s/AC9h4nr4L4HwkPRDmATbGeXId_8pI6I8ZeJ2QqE6tFDT8KNVw8SZ9ZMXCKmLmMoHjOgF6AQVStpmZMekyNveHBt8g-BLlfwXEMw6E7vLW5oxmXRCisTczgYv7mFpPLAADfHFaWN8V6M2fg=w1200-h800"", ""https://lh3.googleusercontent.com/gps-cs-s/AC9h4npVbnOp8yZNkaPP1Tar9Z_mogIhDRBspwd2nDZ85mpC8nz84Fe0gurfndcYjb8XNa2yO5EB90gTBh5wnJNivp3eb456XlbyG3304cHT9FHvVLt-E6Xc1PdIcHM6iq4-e42Tv1ZBFQ=w1200-h800"", ""https://lh3.googleusercontent.com/gps-cs-s/AC9h4no5OgYyryE4LhuxO6Xq4v47pI4fN6Ctb78M37JhuNA-OzAehNFqJkA9syYhw-ln4_xqtWgvkClBGMfqTm4DWpsB82J0wxxqWuCby9DnFUaa4nIapoSzUGy-Ur6_N1O7Qbj-zMMQ=w1200-h800"", ""https://lh3.googleusercontent.com/gps-cs-s/AC9h4np6iCWcr_RSDvgyNXchHesoROoiMJvyYjrarbUeZdUwZZINIzu57we-rm-sWzpmec6svp-xFDpeLWfqK72q5vn9-mNfp5SqazIFzFQB53BHuiiC3NAMAIW0up6qsAb5udQ_jxEH=w1200-h800""]",https://www.google.com/maps/place/12+Grada/data=!4m7!3m6!1s0x135792849280463b:0x1714fd08001a219f!8m2!3d40.5228057!4d22.20036!16s%2Fg%2F11h0pb5cn!19sChIJO0aAkoSSVxMRnyEaAAj9FBc?authuser=0&hl=en&rclk=1,2025-09-06T11:56:30.150448,Saturday: 1–11 pm; Sunday: 1–11 pm; Monday: Closed; Tuesday: 1–11 pm; Wednesday: 1–11 pm; Thursday: 1–11 pm; Friday: 1–11 pm,,,https://el-gr.facebook.com/12grada/,,,,
Stoy Pappoy,Menu and highlights,Restaurant,4.8,635,"Paster, Edessis 2, Veria 591 32, Greece",Veria,+30 2331 025355,,,40.5241555,22.2061262,"[""https://www.facebook.com/%CE%A3%CF%84%CE%BF%CF%85-%CF%80%CE%B1%CF%80%CF%80%CE%BF%CF%8D-235449145115991/""]","[""https://lh3.googleusercontent.com/gps-cs-s/AC9h4nq-EgRi-0X8Jg7FZf8Y1C5EMA5PWyEHQ7CLm_leccllcXyKyWbzt9_c5OvnSlfrzK91opsldGT37MBYihM02zIphUDe5Z2ad-tulDF9Bd_3qAy9hlL8HqW2tKZrKq0ZrSBmd_GSPw=w1200-h800"", ""https://lh3.googleusercontent.com/gps-cs-s/AC9h4nqupG0S3S8-Vcn-AHeuYXXDKWMpXW0D5UCUvsea75iRZO9PZ9bZFuYNxE2N8174vXnKjYQnh6trzVqWSYubwMRmechf6WdqpGBqyz-iA_oyS1r27Fw_he8hVbUjJneDKTFGqNaPVw=w1200-h800"", ""https://lh3.googleusercontent.com/gps-cs-s/AC9h4nq3psZkCTm9HjK5LSy50MCgtKQ6N0aeQMUvQu3WWdkez2EGxYKROmFze2Fd3rWclTt6qTo34UGDVtzeMIOwYSdwDfQpqLB6dPjb-8CYsfgumPfljVAVlH3QA8V1gSzV5s4Y4JMj=w1200-h800"", ""https://lh3.googleusercontent.com/gps-cs-s/AC9h4nrfVtKsrOsOmyuUWJ6u38VDXG1C8YuiqpA8GBkrTabPaeOtdiWCvV_i1W5kGSAepIqStSDptgZmsd23P8t4rJGQXo5ChYyfu2Wgslb7vahvhB6M6MjHx2DwdOkwt6RGLVxTAS_A=w1200-h800"", ""https://lh3.googleusercontent.com/gps-cs-s/AC9h4noajrWzmbJaM0eD64rluMHW0snU8fTYdCv94uebm2YZwu-LpBjtjMo5TZ42X8bmLEwsc8CFJyq6N0GCoPKwIAMqc4kR_uH_FcdsykdRp13WVmqxD3GG36vvASpXj964LON7EYks=w1200-h800"", ""https://lh3.googleusercontent.com/p/AF1QipMnm_jMj73ROdWlpg1_lp8frHc0pnzBscgMeols=w1200-h800"", ""https://lh3.googleusercontent.com/gps-cs-s/AC9h4npkyUOrf84qg-35kH5G4oBfda61AqE8Ncz0OeeBbqQcJ0hwiEoqgQN3HhF7ywa3YSMFIRmnYKmA5cZbw1XlwJV28y2f-hfW4WucE4qLr57_HwAvh-u8NFRVN_smMfN_p5Mc5BiGCH-eIL0q=w1200-h800"", ""https://lh3.googleusercontent.com/gps-cs-s/AC9h4npYgq-08NYPSyxsZI87hXL_qmofs-CQCiI8zVrHclDSq2onqmkti4r5gVY6lBAC2_fXKl-5QUdTotx40GshiRWnwUM517sbLbVfCYdrpkNpnqBXfaTvnLAf99EJLR68gH-Xdvvr=w1200-h800"", ""https://lh3.googleusercontent.com/gps-cs-s/AC9h4nohgsJiBNdThgtJWBghEUJHfqPTbFjN9zVE3VFjAaMPp29I9wR_2gwl1kVJZhYXSpljEbLYp2227wqRfM1MLk-6sVTfyNfhKb3YxZQicH0sanZlxNCnbN2b_PuPg25TN5xsl6W65A=w1200-h800"", ""https://lh3.googleusercontent.com/gps-cs-s/AC9h4nqhqfJUHkhHyzSUZrJgjamnK_a80B6aD1tTCZEg6Kd_6bc0pAPE-KLVqIK5694vqix-qWwlg-V3TtXE19U07pJk3rcDpdzFzvBd2iytUn4Pr50jupHay0UNd07ZAJNCo3ylUKceoQ=w1200-h800""]",https://www.google.com/maps/place/%CE%A3%CF%84%CE%BF%CF%85+%CE%A0%CE%B1%CF%80%CF%80%CE%BF%CF%8D/data=!4m7!3m6!1s0x135793b34e35f7f1:0xb8e66f437d0dd190!8m2!3d40.5241555!4d22.2061262!16s%2Fg%2F11rcpyd3gk!19sChIJ8fc1TrOTVxMRkNENfUNv5rg?authuser=0&hl=en&rclk=1,2025-09-06T11:56:48.039352,Saturday: 12:30 pm–2 am; Sunday: 12:30 pm–2 am; Monday: Closed; Tuesday: 12:30 pm–2 am; Wednesday: 12:30 pm–2 am; Thursday: 12:30 pm–2 am; Friday: 12:30 pm–2 am,,,https://www.facebook.com/%CE%A3%CF%84%CE%BF%CF%85-%CF%80%CE%B1%CF%80%CF%80%CE%BF%CF%8D-235449145115991/,,,,
Bátrachos,Βάτραχος,Cafe,4.7,0,"Merkouriou Karakosti 13, Veria 591 32, Greece",Veria,+30 2331 020282,e-food.gr,,40.52438,22.2053862,,"[""https://lh3.googleusercontent.com/p/AF1QipPpgWTR8P8TzanLNqD0WwKUiNRiirXmvRAQL-Kq=w1200-h800"", ""https://lh3.googleusercontent.com/gps-cs-s/AC9h4nqRzw0Y4aQN5wLnu1fl9GK3qN2rRdSXENQv9rc5NqNBlPCg_MEVALVbcBZMUplIMz_181Y9VVCdPNgC7_TapxwqPEhBUSRfUdftc9RTcVBjapKZ-46LiPWzuvfIq2IdpVkCHqXoBQ=w1200-h800"", ""https://lh3.googleusercontent.com/gps-cs-s/AC9h4nrgeINDqzH6OsVUwdj-aZcKYeTeO9DBebKo8q7yu9mfkVB-rPgWj_JghhK817CkN3mY1jhrWhk-ZB_DQUvjj0fLYQ1y_j98X8NVDaUeR-btQltL6Ya7sht39ELTF7B7cK2-ch-6Ow=w1200-h800"", ""https://lh3.googleusercontent.com/gps-cs-s/AC9h4nrspTUTpvLU4PqYG7Ssrz3nd9TUGch_6I2Kt3Cbnvd73NR7Fb1QJDScY3vzwVqLzoIZgVmDYcF6dPpq7IDaJqPUHF-bnVIhtkr_snxPgA2QZjRUY2b3s8exIHEnzQPJA7bxhp-w=w1200-h800"", ""https://lh3.googleusercontent.com/gps-cs-s/AC9h4no5B2uboMSH_8jFbGj8lLkyC4Fr2K_VFFM1VEWsjOhqxWRzBXEwMEc5TaAi4JVN0yge4lZ7gfyLvAU3zGVjNbmegAUll_AfSdl8VBQ1w_QgZTupb4s38MUmMyBuUBk_HLSZ675JGHvKERzz=w1200-h800"", ""https://lh3.googleusercontent.com/p/AF1QipMa39CiyHkjDgrLBzOsgqJ83lXOazEdEDQZYjeD=w1200-h800"", ""https://lh3.googleusercontent.com/gps-cs-s/AC9h4nqP37C7XH2dTm_MYV-UU7Cejo60gwaf2ganPksYttNoMkaUJ_UcOCfwOCVG5WDYGiSjsiuldKs1bpYqfJwPIaY1zJieFzW7mwEBKH23WEjvaUwC4wzSX4THrPiLTtKP6o-S1k3XuQ=w1200-h800"", ""https://lh3.googleusercontent.com/p/AF1QipOA2JM__DJDv4Ph0kBT18pMtTu-qX68o6I00-FJ=w1200-h800"", ""https://lh3.googleusercontent.com/gps-cs-s/AC9h4nozN8ZRIteTlE-J0Epl2ziBvYXMU7LRF9C26gbjwUgZ077cpdiAqWzdnSSrzKRplCWix3382BBl13VH1k2b6nKlTjzbgEGEyJ2UDtavRXktkkE3bKnlrTBYp96sHpVMhyhznz6a3Q=w1200-h800"", ""https://lh3.googleusercontent.com/p/AF1QipPfC5enaGbmM5gQo4x-PJwzDX3mXHF2SEjF2PU9=w1200-h800""]",https://www.google.com/maps/place/B%C3%A1trachos/data=!4m7!3m6!1s0x1357929a8ab593c5:0xcc2a0b71517bb061!8m2!3d40.52438!4d22.2053862!16s%2Fg%2F1hc1nvhxs!19sChIJxZO1ipqSVxMRYbB7UXELKsw?authuser=0&hl=en&rclk=1,2025-09-06T11:56:59.938583,Saturday: 8 am–12 am; Sunday: 8:30 am–12 am; Monday: 8 am–12 am; Tuesday: 8 am–12 am; Wednesday: 8 am–12 am; Thursday: 8 am–12 am; Friday: 8 am–12 am,,,,,,,
Phlamouriés,Φλαμουριές,Restaurant,4.7,753,"Ithakis 1, Veria 591 32, Greece",Veria,+30 2331 023544,flamouries.gr,info@flamouries.gr,40.5095061,22.1915966,,"[""https://lh3.googleusercontent.com/gps-cs-s/AC9h4nppjRG2QFA45C1BTFVYh03Mr0GDHjV7CCYbwpOuLyNFrunLuNKju7fmFsoCUB9ivcZ7BlOW0KYhMgQvW1dcb5SfWApWfw5DRj_xfST1nATzSqpgfLjMQ5cPmtMe6tLI1nJHoc7x=w1200-h800"", ""https://lh3.googleusercontent.com/gps-cs-s/AC9h4nryaMkz-meP9G9xHGMYT9p9-PZCOPTWjpkfU2KnuV98d5nsGkCiTZMh1OzicfuFI3hyhccREfj3-L27u8LfSss5wAuU8ZGXf5t49mGOZmvohOqjacHm5OqWlYPdrXISasCoCX4u=w1200-h800"", ""https://lh3.googleusercontent.com/gps-cs-s/AC9h4noXOhIwgYNFRJ7TUOl9s371mM2HtEgVKLLx3VNkVWWdVIYeW2ax3Eokym8fTlpZD2Ql3nK456XVbgNNHIZ0ckdlLR1D0YV2olpaAqN6RSOPh-BYXao10GJXxk37cnifvZnr4k7U=w1200-h800"", ""https://lh3.googleusercontent.com/gps-cs-s/AC9h4nqAP5QjCUN3xfeL-4iGNmc7YOPSXlQZ5rD04lYPrx1hS7q2LfmNZMUWEkUyoOzXpgmDW0fDZQM45d_5nagpv9r0UEH_Q1O1qCfIoN926rPgXw2oPNvgGPx7s5xTXyYyF_TsojyE=w1200-h800"", ""https://lh3.googleusercontent.com/gps-cs-s/AC9h4npEqU12ylz5LMz2RKXG7h5skjkypCzDz2By8L04Z9hVggKx2Wgea7jD3Zc3RB6BkVzDU7QFYeuX28zrBfilObXGO-LtMHFGnmeFBDPnlQXNvSeTV4rqgV9otHW1QHgx-CMtBp5BQMM-VVzI=w1200-h800"", ""https://lh3.googleusercontent.com/gps-cs-s/AC9h4npwAnmdNK218LsKxycRwA3JP9RX52HrYA2Ohj6DL7D7JZgOtdFpMdMZdbKDZIxcC5639ZbEoPVt_nl3QGuvt83qnORZBIYPhOJXlwuiSZ3j0JyKLZhBZxlrU6NVsb4OfKtgsQAi=w1200-h800"", ""https://lh3.googleusercontent.com/gps-cs-s/AC9h4nq8KNCrqJUEPv8UIbRmeyisAH0CFndVNw7ApGAno9TU9LzwW7GMR9HIGwg0Ks3hajIsef_det5YtVAzjUzS6yFhXkgOP-984I_orW_odBqMf2FyyS-J8wf4l-hy7tfJVfoE7axOzg=w1200-h800"", ""https://lh3.googleusercontent.com/gps-cs-s/AC9h4np_nPGA0vI2sy69fbaigj-YADKXT2zd8yYIpJ-bymVFJiXf6ObHOiuQNkbjo0YjPsZgt6LbHqA8tZ_YyMYG1Cf3qIfXmsxOW_p-a-We-AleEgocpGbW1K2SOmXJ0y3BFP1QNbQ=w1200-h800"", ""https://lh3.googleusercontent.com/gps-cs-s/AC9h4noVmVm0O_x0ldQwS3FDExad-UyBPLOZSFyU9jeDj_nCui7zyJO6p7OdsY-YegOIgfA00BIuhGEhVFzD3f8_ePdxb07yh_ThZ5GAI1oLdJiQgE1cG6dlov6PqfyghWHBCnlOfH3a=w1200-h800"", ""https://lh3.googleusercontent.com/gps-cs-s/AC9h4nrcBI1RVGZfZyi2OkZqgkdYd91aowwro3jjvVrSJiLa3Q8A-Gjq8FIK51W_kbnrySq-2iptqPSOS3WO3U0ZtIpos_qBZgjYQrMa3-xJ1y79kdW1jlLczkKU6VWeFcuasJuxJ98JIEE2qpLv=w1200-h800""]",https://www.google.com/maps/place/Phlamouri%C3%A9s/data=!4m7!3m6!1s0x13578d781c90d8b3:0xd658e0e73a226b8e!8m2!3d40.5095061!4d22.1915966!16s%2Fg%2F11gbl33v3d!19sChIJs9iQHHiNVxMRjmsiOufgWNY?authuser=0&hl=en&rclk=1,2025-09-06T11:57:13.725517,Saturday: 12 pm–12:30 am; Sunday: 12–7 pm; Monday: Closed; Tuesday: 12 pm–12:30 am; Wednesday: 12 pm–12:30 am; Thursday: 12 pm–12:30 am; Friday: 12 pm–12:30 am,,info@flamouries.gr,,,,,
CAMARES Estiatorio - Cafe Tsiamoyri K. Maria,Popular times,Restaurant,4.5,482,"Kappou 4, Veria 591 32, Greece",Veria,+30 2331 022001,,,40.5241746,22.2035898,"[""http://www.facebook.com/camaresveria""]","[""https://lh3.googleusercontent.com/p/AF1QipM5GOZRNoBYYP2qep31pSb-u00QI6EDKnLPp4mS=w1200-h800"", ""https://lh3.googleusercontent.com/gps-cs-s/AC9h4np9xOcj52Cz9ZWz0ri2BcqXl_BN4IYB-Y-JocNcHb541atmsCK2kRrcvY2pGhiLKCxMHjFulucQ9rzWULcInnzphrbRfPo2_dk2C86CNvN6rA0r46Hr6CsWa7SjljOmIzdSKIE=w1200-h800"", ""https://lh3.googleusercontent.com/gps-cs-s/AC9h4nr9w1cgciJRijEZc_zcagkGgYRm71JX3wa5wCTu93hODbclp2qUvXt0LDoQw8eiH8tzhJVnCgJ-FJzJfb49-WKN2g3x4HeY1GVQ7L_dOD_aIA5-MIyEddEUr47iFiPZZd17NzBu=w1200-h800"", ""https://lh3.googleusercontent.com/gps-cs-s/AC9h4noIlu5by7NHU4wVaznoRKBdXQYSEYAsMAgpHLG5--oimCCkZgMuLQl_-5tiGcaPiH_1k9nNTAPRzzoKSy8oWq62vzM5JerUCGqgtiKK4JmXJpMnUvSAenYv06yAynQBWi-EDwEs3Q=w1200-h800"", ""https://lh3.googleusercontent.com/gps-cs-s/AC9h4npyj4z4G4MnFFljr2CCEWxw50OUeopZPbVZ3fA-fZjT0WYd-rvfeVEJ1AOBvnkLk6H4y8NLlPD2JgJzrBn4xC3uTSkaYELbggtmRCv4TVO6cDwYYWOaHAfPy_5eGIPr6mi7dupe2JQfLxw=w1200-h800"", ""https://lh3.googleusercontent.com/gps-cs-s/AC9h4nrcNknK8NLTYGWd5g8ACcq_-0qxn2ATAuNwAcu4NMXYFf0PePOvm3yJDGXbFhCtXbS3QRBtkjGgTn9exzE5BhNd91oNivqveGI5yVNJd3WQ5C29rUNt49QoZopMMCRztpnqfFml=w1200-h800"", ""https://lh3.googleusercontent.com/p/AF1QipOZWRc07rxdHpG5J_25xiezc7o_wgxVtw-Jvtjq=w1200-h800"", ""https://lh3.googleusercontent.com/p/AF1QipNvwxxttonZAYS39U9EMn2duSE3PqtFJX09qzAB=w1200-h800"", ""https://lh3.googleusercontent.com/p/AF1QipPbkXJDM9E5lkMeUhUvfy8C1oOb109y8R1T9kHD=w1200-h800"", ""https://lh3.googleusercontent.com/p/AF1QipPM7G66joUjOnevrVfY1KU21i7S6gIy-Gj5xanf=w1200-h800""]",https://www.google.com/maps/place/CAMARES+%CE%95%CF%83%CF%84%CE%B9%CE%B1%CF%84%CF%8C%CF%81%CE%B9%CE%BF+-+Cafe+%CE%A4%CF%83%CE%B9%CE%B1%CE%BC%CE%BF%CF%8D%CF%81%CE%B7+%CE%9A.+%CE%9C%CE%B1%CF%81%CE%AF%CE%B1/data=!4m7!3m6!1s0x1357929ac4de9c3d:0x1bfe6e38dcee0b79!8m2!3d40.5241746!4d22.2035898!16s%2Fg%2F11f4rctftn!19sChIJPZzexJqSVxMReQvu3Dhu_hs?authuser=0&hl=en&rclk=1,2025-09-06T11:57:27.497002,Saturday: 8:30 am–1 am; Sunday: 8:30 am–1 am; Monday: 8:30 am–1 am; Tuesday: 8:30 am–1 am; Wednesday: 8:30 am–1 am; Thursday: 8:30 am–1 am; Friday: 8:30 am–1 am,,,http://www.facebook.com/camaresveria,,,,
Stasoy Mygdala,Add missing information,Small plates restaurant,4.5,791,"Eleytherias, Mitropoleos 12, Veria 591 32, Greece",Veria,+30 2331 120327,,,40.5206972,22.2013632,"[""https://el-gr.facebook.com/pages/category/Restaurant/%CE%A3%CF%84%CE%AC%CF%83%CE%BF%CF%85-%CE%9C%CF%8D%CE%B3%CE%B4%CE%B1%CE%BB%CE%B1-315896571870330/""]","[""https://lh3.googleusercontent.com/gps-cs-s/AC9h4nqz7Uv5ZpBrE2tvGB9XWwTMuuHw4TadM45VKiEP8ri39qtDp7TCVXwnuU6HV8z2fQ0shfRaukeYhVkup08JkHwMYPCZd449NSilvJ3q0qZf-HWDmDkAWVcgUfq5rsZEAHu7ZfXh=w1200-h800"", ""https://lh3.googleusercontent.com/gps-cs-s/AC9h4nrRKubScQXrHRyXkrG8jd1llahEXoODqtcAeOOhf_a9uhmRAW9sgjaxhJESwXrdpP4ShEvDsQrv-1p7x1oKy2VgfrALaskZPjb8nHWs_fBbJ_BnIx6__fGTETJu-47SgPu8REIJ=w1200-h800"", ""https://lh3.googleusercontent.com/gps-cs-s/AC9h4noWuT1Lr2x7nw2pB5WmkNXjgxBLeNd68hhgiiRsg9TAeGFrHtRGp2l08wsTEyE4cK-w98WYtFgl0SoqA2_qBT8vM5ObEEW3sHvHQApsCZuqp4FMW0hNadXKqAcFlBAIzrM5LWElQw=w1200-h800"", ""https://lh3.googleusercontent.com/gps-cs-s/AC9h4nqbqzLg9JDad5c695lPEuSv9BcLthkTCwxifla_PF3QjC3vi3dgSUByCPQ44napA1jBcOHfu0zkfJ_lBcMnvYcrsbausVp_9NaeqLaEPF73flARaOYLQHbc6bw6dhbtZgGQY0oqAg=w1200-h800"", ""https://lh3.googleusercontent.com/gps-cs-s/AC9h4np6KDj1sHP2DPmAvdxrdlckzDKDcOqv9-I6VmViuMpEyuNryjQ0r7TLYrJQ3wYpgXzSMnLQzWJ8xW5T03AhE_N21MzQ28RAYHTjtaJ4ngEBL9mRQdwB2FWdrqt0XBjKrE_LD1Xi1Lp-OqKK=w1200-h800"", ""https://lh3.googleusercontent.com/gps-cs-s/AC9h4nopdi8LvEosBTQ6I9T10TGYAwgZ0QOMYKKGKvbGam-aS-a_6B01WrpXyaRjaQRY-SFVFUsQYfyvOwVXoXENn6ZMaTime5BQbLb5kaBcGzsn69RyGPmLjs3YKUsNmrpOeC2DpfA=w1200-h800"", ""https://lh3.googleusercontent.com/gps-cs-s/AC9h4np0ylQb7MZ4P-W2uUJrbdyC_suRkxVUsGG6rxVLnyBpNHLpSd93nWK8u0AmIIWZNHFQY1MyWPx5gIdbM0tSE_6y-9AObKc7ymeEgx770eEJ-E1zamuxs7PdBMwUpYM9AdlpgrM=w1200-h800"", ""https://lh3.googleusercontent.com/gps-cs-s/AC9h4noAzhnfNYoXV3LUcYgXJrCeqPzwNf6u25OGH6rOtGNsnpmfwpZMMqPsTHAXj3UuSeQbo7ww_qg6MVlMrbBs3Q-jkBn4krAGJxz8sjwSSIGOCj3WZ3X8aBUYyB8d-m4maSi0FzFU=w1200-h800"", ""https://lh3.googleusercontent.com/gps-cs-s/AC9h4np89VpAHfQ5HSUe5xcw5iEbHG9IUknpcq4J1Rt5RFzkgUj3ABrWyMd32H6cskswVpaGvkandOH33oLri9yphDXJVDIYIXKPktlREgDhCnJzwegS4mkgTgwey-30uqHZxoNgiF2ujQ=w1200-h800"", ""https://lh3.googleusercontent.com/gps-cs-s/AC9h4nqCo01fj6V5TsYlcQbNn2eNHSLHkUDD6Cu1Ct1z2FDwSxxkWERAelnjiGSDa5n1KbBzTOsAg02P1OukyngNJoGAC7Wodtla4hYgSNVGmMItY5WaBxnIfTMjvBQ4tlV6MFTqBM3K=w1200-h800""]",https://www.google.com/maps/place/%CE%A3%CF%84%CE%AC%CF%83%CE%BF%CF%85+%CE%9C%CF%8D%CE%B3%CE%B4%CE%B1%CE%BB%CE%B1/data=!4m7!3m6!1s0x13579283419a35ef:0x65499ff71b84b3b1!8m2!3d40.5206972!4d22.2013632!16s%2Fg%2F11bx2h9my4!19sChIJ7zWaQYOSVxMRsbOEG_efSWU?authuser=0&hl=en&rclk=1,2025-09-06T11:57:41.575757,,,,https://el-gr.facebook.com/pages/category/Restaurant/%CE%A3%CF%84%CE%AC%CF%83%CE%BF%CF%85-%CE%9C%CF%8D%CE%B3%CE%B4%CE%B1%CE%BB%CE%B1-315896571870330/,,,,
Ouzo Thodoris,Ουζερί του Θοδωρή,Restaurant,4.7,394,"Kavvadia 1, Pl. Platanon 5, Veria 591 32, Greece",Veria,+30 2331 020089,,,40.5230652,22.2024042,,"[""https://lh3.googleusercontent.com/gps-cs-s/AC9h4nq37LATroqVxH5WQ3LYXEB_fjqDlE7MJ7l6aWVYzD46zy7YhA3k99kO-QralgjccvtTlJ3EK-nFuADBq6P0aPyQoi8TXiC4WIBrBWG34YvJ7BiMl8zvwm_dWyHEsQv4didRv8q-Fg=w1200-h800"", ""https://lh3.googleusercontent.com/gps-cs-s/AC9h4no9g2TjHXUgwlQGOSC3ArInqQ1CUCzajVxU8emDFerSpXSpvEoEayJtBqCLPIbrXP7lAXNFj7reJAUbugKPejZDaOt3o3IgpARgVXFPGUX2aISsD7q9LS9YllPqJHl-AOci-_dxLg=w1200-h800"", ""https://lh3.googleusercontent.com/gps-cs-s/AC9h4nqxhv9Lh46vMWCoPcdzZxd2DG4ts3uU4DsbCzEzvBBOC8kZw9VqLYqLmtJqb4Fngs0REa4ZtT_MmcyfJyN5jeBuY_gBPjRCvyav7a_dL9vOcDUfd6peIduSRrz0VneGQLCYbgs-Og=w1200-h800"", ""https://lh3.googleusercontent.com/gps-cs-s/AC9h4nrDw1bqOeiGjV0SPBnIbv3CfEu-IiRwMxGEmCefOPTc_WPoMGM_RFI0j9ErxihwEIzqksqCsMSCU3e2qCiCK8DWULT5cS1n_W-_wDm0UjFcqO6QA1jRYxXuaOMK1WROEAEmqE4=w1200-h800"", ""https://lh3.googleusercontent.com/gps-cs-s/AC9h4nqTG8s4RuzIUcb4JhugqkIA6jj1ZDY3okKXAEdzMioXrW3tWyE-QFAEXxBUqZgAFXOO5C_wCbmuFI83XIjIHQz3noVlX9GwVISAk-aAN8op6lPP8inMWRgUDDWk00UYerHXVMXx=w1200-h800"", ""https://lh3.googleusercontent.com/gps-cs-s/AC9h4nqZgV_cdoYlo0c7XIdZbjAF1GVGt3RFKQloJkgm5q9yBfhjSBtDBZ-D5HOKmrZR7zZA2eK3ToHz7JrS5MWsi5VTrZEEGu1DV64K4e_OKmPcRpmXlPya53oCHi8IgHffcMWNEsVA=w1200-h800"", ""https://lh3.googleusercontent.com/a/ACg8ocKGUmQ5qgxeAXWQzyMJFKY-dtiBNOF9IcnUniIOh-KgxFFHqg=w1200-h800"", ""https://lh3.googleusercontent.com/a/ACg8ocKvayIDxZFW89lCwJzp8IJdx2AhwbzdsQEHwWvIfk_K1jLGPA=w1200-h800"", ""https://lh3.googleusercontent.com/a/ACg8ocLQbD1Fbrr7WxVqXE6rkz4T9kx-UEKaru1KCMUMUKe5dKy8VQ=w1200-h800"", ""https://lh3.googleusercontent.com/gps-cs-s/AC9h4npBImWw62mfzOdZqBGeOInQrD3uTn1gew6J6ukUhy8i1q6eeehc2RHDwPeWSy5kQO0ye7jzxktheMrczrYrp1OatanV6HpUH36OaskTRA4i3aI-USNuDUZ3NshAFM6fpDGNFBxH=w1200-h800""]",https://www.google.com/maps/place/Ouzo+Thodoris/data=!4m7!3m6!1s0x13579284cc5a64e1:0x45991565599520b3!8m2!3d40.5230652!4d22.2024042!16s%2Fg%2F11c5s9993m!19sChIJ4WRazISSVxMRsyCVWWUVmUU?authuser=0&hl=en&rclk=1,2025-09-06T11:57:59.317395,,,,,,,,
Ap' alloy,Add missing information,Greek restaurant,4.7,12,"Patriarchou Ioakim 5, Veria 591 32, Greece",Veria,+30 2331 020199,,,40.5212483,22.2036305,,"[""https://lh3.googleusercontent.com/gps-cs-s/AC9h4noos4SSWNkLQoON2ny_-ADhXZ5nALvnmBPIi_rLNQsEtyiEIWkUkvmkhEMlWh9ZfeQxip2_W4QfRHLWCCERut14-SyBs-g4LptGeh2589Yy95xOcdmzzPdisGs6sTbmy66Cdq7M=w1200-h800"", ""https://lh3.googleusercontent.com/gps-cs-s/AC9h4nrFUNJHcgXjtPMthmtzhFmEp2mW6WI1tX4xSnNypODoTDCpL3DRabI2wW817qgsGKImEyCz6DVnXc8ALYSxbyYagkkd76pT71SGBJsVbnKb9pKDXHt2tcaKSpKMiWvWm0WnDBrk1iROd2g=w1200-h800"", ""https://lh3.googleusercontent.com/gps-cs-s/AC9h4nqpFZyA-jQLACpZH4B7N7pvfqRfFtU5SkChw2Qp3P_hKyGprfLjxGOKBQgmZh5Ren8aYzkd9moECVWRfgEQmMqhKtvVz5fP3u7K9FbHvypzLHJHiD4893WIwT4ZuZm5E_l7NKNoXA=w1200-h800"", ""https://lh3.googleusercontent.com/gps-cs-s/AC9h4nqq3IeeJIKF1AUmf38w1KSqjjr6p0r3TdoKfWva1nIT5jXHj2qOyIqGDBHDQ0lETy9MIlBwnRUHGxsBC_Rkn-p0qKY72ttQ3jaNblh1XAyv0jlynay4B-IY6eTTVI34orAoEA7kQA=w1200-h800"", ""https://lh3.googleusercontent.com/gps-cs-s/AC9h4noiwI9JnqgENS1jPMasyLCFzDUtLKbH51kLgWjUn5S8jYz-XW2F6_yo7V1-AoNLeZqqqZOxolLPaUqut8pUQuP1UTM1EXX3UgzWL6iSHy7eTwS3bRwtt31uu3jdqYKPTk72gMKzD7lsibZ6=w1200-h800"", ""https://lh3.googleusercontent.com/gps-cs-s/AC9h4nq5Fong8fQ_yWZmoaOLnlIH0joI1l0QAOKVi8hfnBGFJb-RqoyHb9V_D8_JGo2l4ePM-bmeT1SBB9ER4fuUUHa61KdGYC8MQ3kbHqjw8KBLI_6ymOwi8SiW8wrMpGB_V_va86jBuQ=w1200-h800"", ""https://lh3.googleusercontent.com/gps-cs-s/AC9h4no7N5qfQgVSaUYw530rTh2g6Qunku9FtADuWSLsmVWJSkPfdMlEtZbt6xD7xmUzt1wUsKwZi7lUkKQ15TJnVWF5oLyJKncm-uTECwuq2_P4QgMZvEnY8zXmgI3LYoPOmMF-PtNg=w1200-h800"", ""https://lh3.googleusercontent.com/gps-cs-s/AC9h4no05tW5N2msH3bS-83UybzcnZf0URUjhjDo4lzpyOdjVzKRNaoMoO8_QoeIu9Ff1SYUTz5-96hPpyklma-ew-W_RPp7v1oFc6GpHaf3ERrCqWLBCTp0z9Z6OyLApX9yINYglw9_rw=w1200-h800"", ""https://lh3.googleusercontent.com/gps-cs-s/AC9h4noCkMjh_vZK98uODFVTLQgqhZ7_W18IBcPkkPXluJrLKy23I8v_5BgqDcV1xoxA8Rn_3z8pz9uDQQMT-a2_sjzvjp7vW9IuDUTn1NVA_bqw48WSEicrfELa7BK5-6Y0u6btk3JRhw=w1200-h800"", ""https://lh3.googleusercontent.com/gps-cs-s/AC9h4nryvDvgN6nZTPRoEiPhKcm1mD2AdyIDc5hpFmpdmnEh8yelMWHx3qVy_bcUkrGkakUPGkZxWw_VoHNtFdK025hGcvwLkCaYxfr0XZ09DzaYMtwLJ8vR7IqumDKOOx6AqTwBGb9K=w1200-h800""]",https://www.google.com/maps/place/%CE%91%CF%80%27+%CE%B1%CE%BB%CE%BB%CE%BF%CF%8D/data=!4m7!3m6!1s0x1357929c9faaabc1:0x1c292bcb654a87d9!8m2!3d40.5212483!4d22.2036305!16s%2Fg%2F11g69_0jj9!19sChIJwauqn5ySVxMR2YdKZcsrKRw?authuser=0&hl=en&rclk=1,2025-09-06T11:58:16.028244,Saturday: 2 pm–12 am; Sunday: 2 pm–12 am; Monday: 2 pm–12 am; Tuesday: 2 pm–12 am; Wednesday: 2 pm–12 am; Thursday: 2 pm–12 am; Friday: 2 pm–12 am,,,,,,,
Nea Barbouta Restaurant,Νέα Μπαρμπούτα,Restaurant,4.5,760,"Tripotamoy 1, Veria 591 32, Greece",Veria,+30 2331 022420,,,40.5211038,22.1978401,,"[""https://lh3.googleusercontent.com/p/AF1QipNfyJxKyZlU63YP6AQOctZ3qMcmvAFEqWHx0bu-=w1200-h800"", ""https://lh3.googleusercontent.com/gps-cs-s/AC9h4nrLAtx2jvansi1zqCx1Bw0vT8aES6KvQG28vjfkfb_ZJZrXVEo50jcKOvEtqTDWzy9awPp1RCccza2ihGePEsvqlZWb9AYZsNAkPG7kETir2KCWdhyiemElJkTJa9j_kLDne_oipQ=w1200-h800"", ""https://lh3.googleusercontent.com/gps-cs-s/AC9h4nreUzxGeScdBDaXSv341yIsHts5KNYAtugHIDD-zFptbf_GdeOTdihL6tvJvWUy6AalgVtzqgJB-4WXxxZrmjSvtcrzNC0F4Ygk3-VsjyOwTGEjLIBkPgsYuoP6KVyE2BpFV5V5=w1200-h800"", ""https://lh3.googleusercontent.com/gps-cs-s/AC9h4noFVWevnix-eKiR0xy-xsBJnI1DT0amUupB4-eKTV2sCtVb8Rzs1HENy5l7JI1EzToMjuUzhQNAttL7Jhdfa17sMsG2rGNhIIOWWE1pCfPBs5kMxvLusfsNBlgrmAFC61LBYjTm=w1200-h800"", ""https://lh3.googleusercontent.com/gps-cs-s/AC9h4nrLclzkUmGpqHmc2T0zBRl8O-Sf0wnyylwlLT5NI1xlvxiiWXBrKcE8bwo8VRFs8H7rDRCpdBfj2AMtw_uOtpMfmARtgxz1Cj-bfOMsSiILT3vz2-UnYM1fippDmpnrgIRHWHxnOgiH3J5O=w1200-h800"", ""https://lh3.googleusercontent.com/gps-cs-s/AC9h4nqECSEnEJLV7EKO_fefFA-RN_0ERl6HuNDsFm0DQeksuIHBatT9YcJmarG8cDwMR0bYfBzCmF9u88Gi6vMEOni_WczxG9gz92vVqSCOrY_W8kcCNC18y0kzkkokfKLRJF6JGshsb_jwrGqB=w1200-h800"", ""https://lh3.googleusercontent.com/p/AF1QipPHojMMW1j8tIAQhHsRXhlVURBOCfmqA2QRYgba=w1200-h800"", ""https://lh3.googleusercontent.com/gps-cs-s/AC9h4nonCjT_irexXlx-YGpQpQUGJks1fxNaFb2oIGrMLfL80CTIQA93PhiqoLY31LEEDbXYucZk3Oxe5D5ORPqUc_u46cbW3bHew1e-qzyVSJbdJO19Bvx_9zvTO9fSBXaSy4c2EwM=w1200-h800"", ""https://lh3.googleusercontent.com/gps-cs-s/AC9h4nqyz2l_u95mbHv8ey6kpV6WuiXI8fGwIs7MGimff7jpswuRfbhlNdSt4lXqzE4AP5yrDQRah2wFYpIAcBewUAGkn2pO7BDrCIvxKmuDF4ONzXpCj2MyKA177f8mV-BMc688jlketg=w1200-h800"", ""https://lh3.googleusercontent.com/p/AF1QipMe28S5c4tdY9EocpPpyoIA3HQukwONi2daOd14=w1200-h800""]",https://www.google.com/maps/place/Nea+Barbouta+Restaurant/data=!4m7!3m6!1s0x13579283c1da71a1:0xc7bfa4c78bc423c0!8m2!3d40.5211038!4d22.1978401!16s%2Fg%2F11g9q6_ftj!19sChIJoXHawYOSVxMRwCPEi8ekv8c?authuser=0&hl=en&rclk=1,2025-09-06T11:58:33.182061,Saturday: 10 am–12 am; Sunday: 10 am–12 am; Monday: 10 am–12 am; Tuesday: 10 am–12 am; Wednesday: 10 am–12 am; Thursday: 10 am–12 am; Friday: 10 am–12 am,,,,,,,
Stop for lunch,Στάση Για Φαγητό,Restaurant,4.5,286,"Odos Nosokomeioy, Veria 591 32, Greece",Veria,+30 2331 070846,,,40.501966,22.221924,"[""https://m.facebook.com/stasigiafagito/?locale2=el_GR""]","[""https://lh3.googleusercontent.com/gps-cs-s/AC9h4nrf2yPjO6o3vH1roBSBcbmQL2QwlDiuVH0tgsaR-cdkQFYwu6vTH5jB21XczE8INB8XEacK8Zt3lrL1HyBj7EIcKKGHxfvNob4gWnF_U2T7p2jcbulmp8VLfKLEJQjoF3GhE99j=w1200-h800"", ""https://lh3.googleusercontent.com/gps-cs-s/AC9h4npXe_RT_FfLUu8DV48KeYONjq5IyhlurrOTQcMjA3jSbHMxKlYf61E7C8IMv3UYnqt9FMyIyEB7wavhmxI_ZDTqA5NM_SavM2DA9SdCpArZrK0Y0assr7c-rOvLnmzLJYSrviDs=w1200-h800"", ""https://lh3.googleusercontent.com/gps-cs-s/AC9h4nqIRopqDyyTTC57JjH9MhTthDe8ZDXshu7z03VlFyhfWG2W6xXM0Jmk3kp0230xJHwzU2Mij8csXpxc6BMKlQT5JYeeaqk7gs862A_3aNBegBtILSN83tIbNN-8TrIjmyp9vu45=w1200-h800"", ""https://lh3.googleusercontent.com/gps-cs-s/AC9h4nrjhQaFfpCcA5YUBl-8ldKMEM0Gm3BflRI42CmT4refQlBl9Wbc8r_ASUOR1eW6YDMOEmS-K3LyWiN9LwdEo58QvbMBV8KIBEYWZcB02CkH-DiA_eCRVXFHdnR-cP-RYiwoWA=w1200-h800"", ""https://lh3.googleusercontent.com/gps-cs-s/AC9h4nriBpOT0PjJWllvsIq80C4aQY2BwS_wMuROVtR1LlvLxeVTbZ6YNTr9iFHYCi-28ZsJf_4Kzv3a3JElTyqFQSvFBCkkyHGtYkhz7VFafpDynw4DmcsEzpNb17UcLcFSIf349vuwHFHLhiTo=w1200-h800"", ""https://lh3.googleusercontent.com/gps-cs-s/AC9h4no17QIJkZ3s3gh9445raSIp9WXSfZVAm9I3gD9lLnSz3OmY6MFVQizf-n5v-0f8_xpOIWluA3WFOnrgSIGi83ZMgOvy3hckKxwpSeZonflGbAjX9__zszt_43ngJ-ErhQdGD1V3jQZt_7Fy=w1200-h800"", ""https://lh3.googleusercontent.com/gps-cs-s/AC9h4nq9cEKYSC-Kc9KuIz30y8pLQUw4erWcgeA1WFx7P7hM02ZOMouY0mplCbE7YbJ_GolSJFwdug-SiZET5eP8Txth8w5cm_I099skwgaibZEMV7l2o1iH3PDJunE9EMecYIp-x8m5tA=w1200-h800"", ""https://lh3.googleusercontent.com/gps-cs-s/AC9h4nrNNmi7zlzQNDjCLk3OPi4YNmo6PpUG9eDzwattCXFicJV8_nRRb245q4Qtml52wWLKZe8zsfor3VNaE5XuBxGJC4DM_JeJdEosuL-za7atbBbQVS6EBulWSray63SHpbkg72O1zrgqwGs=w1200-h800"", ""https://lh3.googleusercontent.com/gps-cs-s/AC9h4nrnL5KYZzfdGhuwSseNEey4bjrkdUpRrOFlb_okbvkp7dudPPiHFSRv2KAZChM_iK4Gv8mJ3-LjJgR4CnAnKsUys88vz_asVRUf-XgO7GXdEhqf6MS84dvH9Q6Ub6OW7Xkje1wZ=w1200-h800"", ""https://lh3.googleusercontent.com/gps-cs-s/AC9h4npRvlEszBBJceE6PiFDt8y0nBijDm35234Z0Np83fV-CIa2jlmwakro_JVhTxLCrZhzwrzSzFsMOZKtxudstdpS4dlRsTXUStquscccN6SemUQcmRi9UF6yw2dvRg5ArpMCIV05=w1200-h800""]",https://www.google.com/maps/place/Stop+for+lunch/data=!4m7!3m6!1s0x13578d44be5603af:0xa35f539dd19ac9c1!8m2!3d40.501966!4d22.221924!16s%2Fg%2F11df82bs78!19sChIJrwNWvkSNVxMRwcma0Z1TX6M?authuser=0&hl=en&rclk=1,2025-09-06T11:58:50.720524,Saturday: 1 pm–12 am; Sunday: 1 pm–12 am; Monday: 1 pm–12 am; Tuesday: 1 pm–12 am; Wednesday: 1 pm–12 am; Thursday: 1 pm–12 am; Friday: 1 pm–12 am,,,https://m.facebook.com/stasigiafagito/?locale2=el_GR,,,,
the Meraki (Interesting),Το Μεράκι / Мерак,Chophouse restaurant,4.8,128,"El. Venizelou 78, Veria 591 31, Greece",Veria,+30 2331 070235,g.co,,40.5287809,22.201843,,"[""https://lh3.googleusercontent.com/gps-cs-s/AC9h4nq5VRMwL6l3-L_6DkP5WNf--qxaJ7tAKD6WNJaCtoplhEzJR1j2SJato4pbI7dzQ_-olUxMIhh0jnpsIi5lZ2VAZ0eJjEg9sMKIRUiz_rIQAm030M5w1dHxj3siHvCEkMJwKTb2=w1200-h800"", ""https://lh3.googleusercontent.com/gps-cs-s/AC9h4npQHX25oFM2HhgLQcP-ITbAbWthmHIMmXAmVdZnBS1C3bWK87Gce3Tupru7sEzWzD16-mm1aFzJff2rSoZRLjO4vDVjPCGLJKViiwLI-QO4gaq5hN92ADzumutfKFcG6FFC38aZuFJ1CDXD=w1200-h800"", ""https://lh3.googleusercontent.com/gps-cs-s/AC9h4npSPrENaISTors81oo4IPwxhft99NQoSpSRQPrGz-FmHTfZ3XwAaQrVr_rktX1aCG8PkVG62uw2WwuNv6BbOHLnd9wmbIu-qZ73rIlQjechky8_FC74oOFc0VLQw_1Q02eB7vBA7w=w1200-h800"", ""https://lh3.googleusercontent.com/gps-cs-s/AC9h4np0E1P1RVywC2mzJOKTNGGZCljnCbPab3RHMx2pZRFd8A8BewzmlXmCw0OqbhUjcRAKtV7_hCE9LZbpGzZ8rkxwHCsFXRILC25uyGN4SQX6OnVJ87PTtlBBNS5JW9PAZzuYV94j6g=w1200-h800"", ""https://lh3.googleusercontent.com/gps-cs-s/AC9h4nrPIbB9kixenEd7zf4Vr0g1AkiXxqVFgQrt8QbBAqfTcGbekLcpKyiB7RWcFNyJz3sxuEIB37QBd4JUPVa9q_lgFWqJbgEpe16GI0V7QjW-WVrN7XyGIyYtBJRBgiZ9v2vIeABX0cHonVI=w1200-h800"", ""https://lh3.googleusercontent.com/p/AF1QipN4vrbdZEKDf7SKyb2FDc_raMXAuPQuwbZpRNB2=w1200-h800"", ""https://lh3.googleusercontent.com/p/AF1QipPLSugtQRfqrKgyb18CeZUoxBD_2e1wrCArpkuc=w1200-h800"", ""https://lh3.googleusercontent.com/a-/ALV-UjWTOyWSHTQgihv7Z0szvk06GepuWyxzTynGGsiwSdSXQTxzzHHG=w1200-h800"", ""https://lh3.googleusercontent.com/a/ACg8ocKoS0whjioaW2oJDei3TG6snUpE7-iTwBoBsrP8nz0eEeTkCg=w1200-h800"", ""https://lh3.googleusercontent.com/a-/ALV-UjVlB23WN8sqPep0Hwn4ZPD5GZd26pwxI-YzdtzH1KacCFEQXh7X=w1200-h800""]",https://www.google.com/maps/place/the+Meraki+%28Interesting%29/data=!4m7!3m6!1s0x1357928fcd4572dd:0xd52939c5999ad997!8m2!3d40.5287809!4d22.201843!16s%2Fg%2F11g81dxhsf!19sChIJ3XJFzY-SVxMRl9mamcU5KdU?authuser=0&hl=en&rclk=1,2025-09-06T11:59:07.294299,,,,,,,,
“POLYChOROS ELIA” Stergios Ziampoylis,Popular times,Restaurant,4.4,505,"Elia Park, Veria 591 32, Greece",Veria,+30 2331 064000,elia-veria.gr,info@elia-veria.gr,40.5229961,22.2079286,,"[""https://lh3.googleusercontent.com/p/AF1QipMF40HNlmstYi0oN4gDXsCuW1IFaolxuitbRJdM=w1200-h800"", ""https://lh3.googleusercontent.com/gps-cs-s/AC9h4npGDPPi0BzsA91VvbJFKJwK5tVkhddXEZ7XoQtFybSMDY6gmQ-PJR34jf-stwohoQFhr1BvAOo-RZ9L96MjMEcaFUYLxIOxmQF9Sx3ywozz64Jx6LeEfkXEQvETj0WABbvhjJE7aQ=w1200-h800"", ""https://lh3.googleusercontent.com/gps-cs-s/AC9h4npNpkVhO1kXrRPZzPPY6bGrixXBPv1LAb9xHx_LYAl0NnOrWMDh8b_Vg0bk0Da6E72WUCCQKRE4DlGkvmDmDhQKvHUanXhPMtnMlxE9Yt2cMP3AwF2Kp7TXspqF_uhMurT_R5Ux=w1200-h800"", ""https://lh3.googleusercontent.com/gps-cs-s/AC9h4npF95pB7EFFvn9KKH5hbLiBCWCHkwScaelFRXDGV8vVURFTtcvCz0f7ktODtW7z7PfWFyo45rQjT_ywHH07U7tKpIErvuzX2ixYzl9K3ZhmRN6ikPepsZxibdfgRqagTjuXubeP=w1200-h800"", ""https://lh3.googleusercontent.com/gps-cs-s/AC9h4nrykbpzvfFAngNiIGGONTE0bu5VvREIWiKiB83wH8Y1JPOvScOWniu8fzTsgf2NFAKKzK-HilE9uhbFPWjAHXec5TUbZmtE_BlbLC9UwYv3y6zqNqTz21Cea467gcE00nYbFf2ihdEwrXc=w1200-h800"", ""https://lh3.googleusercontent.com/gps-cs-s/AC9h4npVKvDfu5z6qtcoWfqlNlN7LgsLgqs8V39EXnsg0HXOgVKIIDtq5MYGolq8714Cn73Kjitcrz2ediaP8w3Yc9N7qolIp714yeoiMyXRGKwd2C8g-m3ny110DAKiJQHrtayn9ZR0nA=w1200-h800"", ""https://lh3.googleusercontent.com/p/AF1QipMD_GcDCUt2S7Q71KDYymDgp0hGUrqIyLmI4yR0=w1200-h800"", ""https://lh3.googleusercontent.com/gps-cs-s/AC9h4nqDuquj5LR4AQrvdM-MaytEgvRZAotoTS_i7CxIBapDm9LvebgsZk2XUeQ2IFsg3GGqZRvfc-ZQcP-K6PUFhJlxltqxQHRM1_3kLUzAbNIp21ZmebgN3e9q6vNoLkE-WXPyLzf2tmkE1IUc=w1200-h800"", ""https://lh3.googleusercontent.com/p/AF1QipO0EGEmQLmkRSPsCjsi9EPmerp07HsUjt01Z0p1=w1200-h800"", ""https://lh3.googleusercontent.com/gps-cs-s/AC9h4nrtb14sX7oYe1V5-PuKLajdY4jJG5o1RBJJlUuyKVrEnkGkscKustTmCV7AaqyiV4jLOI5Y7nuYWVu4WConHNFm-9grK19pytFUeBITRnIV8bazNqe88sMAbXfWFwct259Lm57oJQ=w1200-h800""]",https://www.google.com/maps/place/%E2%80%9C%CE%A0%CE%9F%CE%9B%CE%A5%CE%A7%CE%A9%CE%A1%CE%9F%CE%A3+%CE%95%CE%9B%CE%99%CE%91%E2%80%9D+%CE%A3%CF%84%CE%AD%CF%81%CE%B3%CE%B9%CE%BF%CF%82+%CE%96%CE%B9%CE%B1%CE%BC%CF%80%CE%BF%CF%8D%CE%BB%CE%B7%CF%82/data=!4m7!3m6!1s0x1357931aea49299d:0xcb9bcdef03143c37!8m2!3d40.5229961!4d22.2079286!16s%2Fg%2F11gxnrj1dc!19sChIJnSlJ6hqTVxMRNzwUA-_Nm8s?authuser=0&hl=en&rclk=1,2025-09-06T11:59:24.756931,Saturday: Open 24 hours; Sunday: Open 24 hours; Monday: Open 24 hours; Tuesday: Open 24 hours; Wednesday: Open 24 hours; Thursday: Open 24 hours; Friday: Open 24 hours,,info@elia-veria.gr,,,,,
Platanos apo to 1956,Updates from customers,Restaurant,4.8,372,"Egnatia 2-4, Veria 591 32, Greece",Veria,+30 2331 022286,,,40.5215838,22.2072152,"[""https://www.facebook.com/%CE%A4%CE%B1%CE%B2%CE%AD%CF%81%CE%BD%CE%B1-%CE%A0%CE%BB%CE%AC%CF%84%CE%B1%CE%BD%CE%BF%CF%82-1421725228131927/""]","[""https://lh3.googleusercontent.com/p/AF1QipPLAVZi3JBEhJDHiU7WQ-XBZxtfhBFhpOzDBGtA=w1200-h800"", ""https://lh3.googleusercontent.com/p/AF1QipOrBNUk27_1BMwc0mLqJpFYRHb0DkjyvYnsOelk=w1200-h800"", ""https://lh3.googleusercontent.com/gps-cs-s/AC9h4nqJFtbrGwLrpiV9ZjIK4I0qom5_JqSonA4gyqoMOZxD2bmcapGOn56cO10TQq_A-5FQDOoFjoRqg2rVMRHw1X-SzOblJeOxDeYqq-z-DzOzuN2Be0M7Z9GwSUDMbQQGve4F8Nqbcw=w1200-h800"", ""https://lh3.googleusercontent.com/gps-cs-s/AC9h4nqcpTsyilenf8dIV5sgDyGgYqI-IVri6xjAPUKBTWNrQUW_YZsbqgiB3YcgXoqhVuqLgvJVIl4OLA1YgSVeLOy1Y3uuNiKu4qcxcxZii3Psg2lZtDXK_noRfmtzmREQOa1Pvnyc=w1200-h800"", ""https://lh3.googleusercontent.com/gps-cs-s/AC9h4np8ndAXWpN9OTdt5c5CENtIO6QPQnbfMgjlgy0kFvym5521LXz34J0kcwWo5mnjvEEOyC5LPhVtLDXhPLoebdLavqrnbjvn5M7qqPSf58v6W8kKtol5vmBVlpiLtTbz0VqtEb-hyHkRrdE=w1200-h800"", ""https://lh3.googleusercontent.com/gps-cs-s/AC9h4nqLvaPxf_qHuEbcn0iHVDgfbm1sYtDtnXSIZgmZKGU3ea46B6Ci5NljppcoMd3-syVnnSU81UQdsO39lDBU2oprYgztgwWN0oJrrCVm4T0Rizot9cr6cPiig_GIYGU2tWEwxjuIRQ=w1200-h800"", ""https://lh3.googleusercontent.com/gps-cs-s/AC9h4npYhYA3UpmSmNmfMgs-anh7iq-HWgNKL6GYEwp7BK7gV--o2hzQGBcvMv2F9oGdWw0Jvy_80O8ByJ3KvKTcFvMYDjnffCteoXiCRUejZ8g9v6rQsIzwNhYVKqN8xKd8qgZNxqtu=w1200-h800"", ""https://lh3.googleusercontent.com/gps-cs-s/AC9h4nrA7c0ZyHB2aYH12K1Iv_DlEvaAPnwZHvwtH413JbiVVz0J5Ap8QM8YXGDOGijhmCCRXViYe4v1H0q3Oqor5FYF8FCL506Xu-fGCTWlKmpkyrmPzU_tqpc17CYT9yH8dkIQBtM=w1200-h800"", ""https://lh3.googleusercontent.com/p/AF1QipNeTQGXMxzx3iKd3ldjW1ZmB18Or5USxePf97UY=w1200-h800"", ""https://lh3.googleusercontent.com/gps-cs-s/AC9h4nokIt_UZ8zLAgigFyyTryhbFjs0LjlPYEAKvDwe5zxbWyuKBFEnoF4mJo8aJ7QMXixTxcKN-uFeVl5RZ-Oj8mvaFLCW8F4Go_DhdkjzskA4TephHbNVIFO25SIXgCEbRlfduSaoOw=w1200-h800""]",https://www.google.com/maps/place/%CE%A0%CE%BB%CE%AC%CF%84%CE%B1%CE%BD%CE%BF%CF%82+%CE%B1%CF%80%CF%8C+%CF%84%CE%BF+1956/data=!4m7!3m6!1s0x1357929bc01e81db:0x2ed43be0a066de6a!8m2!3d40.5215838!4d22.2072152!16s%2Fg%2F11c1wpyw_w!19sChIJ24EewJuSVxMRat5moOA71C4?authuser=0&hl=en&rclk=1,2025-09-06T11:59:38.789387,,,,https://www.facebook.com/%CE%A4%CE%B1%CE%B2%CE%AD%CF%81%CE%BD%CE%B1-%CE%A0%CE%BB%CE%AC%CF%84%CE%B1%CE%BD%CE%BF%CF%82-1421725228131927/,,,,
Angelicon Meze,Αγγελικόν Μεζεδοπωλείον,Restaurant,4.6,407,"Aggelon 21, Agiou Dimitriou 4, Veria 591 32, Greece",Veria,+30 693 278 7893,agelikon.gr,,40.5223261,22.2042908,,"[""https://lh3.googleusercontent.com/gps-cs-s/AC9h4npnD4AOj-HljFAy4LoK6F9jwPgQ6PIDEPfp83QNbHWIIig70vIRxCdvXBH8YiQyIttjc9ukHBGdxIV-TbeedOxVw9EWP9enzHYPtyJlL4J-mOKdYM2q1bQxb_jGttkDe4ytHYI6FA=w1200-h800"", ""https://lh3.googleusercontent.com/gps-cs-s/AC9h4npAzrGFnx-SDgLIOAsefPa4V9uPNu6PMFGw89mBB05ZWsFdp_fBnu0hCus5Ziaj5BfdP7e3CzzJL5T94wd_rP5pgU_iiZ41IsJICFEokvYmACF1kaWtAJmBCFlql6ZzHqn-iG4nFA=w1200-h800"", ""https://lh3.googleusercontent.com/gps-cs-s/AC9h4nrOJC-nl4gbiId9sH9FfyidMjF6TDTuhoIdVX4bN_xQ97Q7e6CdI86GvX7pYQdj9xG8wxc5NtJBUQoQLsVBQENldfCpJjt0grBkeS5A2Ee9wLckMMdEm2vGn7VOQSZf_41TXU0d=w1200-h800"", ""https://lh3.googleusercontent.com/gps-cs-s/AC9h4nqGy4Q8_frDCAC7ipvPtfqAcAB2JJZ9nd5diyNME10Qdul-hglQY7WaPZHHXJsJRAFJAjk4J2XFH3w6Es3rr_CMtc4pVvn1TaKxPfdFJl8lIMMmur6q_3y_evvJROKtcsA7iZPlGw=w1200-h800"", ""https://lh3.googleusercontent.com/gps-cs-s/AC9h4nrTvZYyXbLcuVQhcfA9rfNyBePtkLU34MMr8HoNgWibK8_bvr65DkS6jLL-D4GILylLeIVCSTALpib4c0UwptWXFsULTayXChv9CxT4MDGuOP9I9QvcPK5v5C_Ak8JWeXYMazc8wA=w1200-h800"", ""https://lh3.googleusercontent.com/gps-cs-s/AC9h4npZLC9bpf7BkyYUk0-x9fajrsc53ZfKZV4-Zxj6s4H9er28TzOBHhjDFjNQdOzvMjRdoX8ZNm7ydsX9F9hfFTvt2sB5Ys-EiuWLzbU-qc0wGUdzler2_HHA4U-TYCEGBHZSicW7iQ=w1200-h800"", ""https://lh3.googleusercontent.com/gps-cs-s/AC9h4nond-wAcDwsPsCvavjTSXUviUS-wDFyhkGvmf2Z8TiG33QWkWZHWdEfbkTwivpvoiJzOmwj8D_ipwTLuKMIuLx2HCMsXUMbfL_sSjImb_XIsYio2NCjYHI-NV7nkOPp8C16crG0=w1200-h800"", ""https://lh3.googleusercontent.com/gps-cs-s/AC9h4npVME5N_On5B9H2t4KtgYjn_wy94cVJ1WCKtfAK3vVZRUu6TBlRmf5jXiq2mwtfwNUr2trOjM8iE8y1N_MX85T0F2o3trRL4ZUk6IvkvL_sn462yTRzBWFSw-aE1UlU_ZqQoYg=w1200-h800"", ""https://lh3.googleusercontent.com/a-/ALV-UjUwGeASVoLTaSIQmv1HhiE-vr9iOT3dhoJwf486kZ7OYM4peAI=w1200-h800"", ""https://lh3.googleusercontent.com/a-/ALV-UjWB_1zC_3muICetmKRltwpO4CpHllMaCd_1VBJwTMD0ymmbFHyX=w1200-h800""]",https://www.google.com/maps/place/Angelicon+Meze/data=!4m7!3m6!1s0x1357929b14d9138b:0xa36bcf310ff89093!8m2!3d40.5223261!4d22.2042908!16s%2Fg%2F11d_7v99k4!19sChIJixPZFJuSVxMRk5D4DzHPa6M?authuser=0&hl=en&rclk=1,2025-09-06T11:59:55.238301,Saturday: 11 am–11:30 pm; Sunday: 11 am–11:30 pm; Monday: 11 am–5 pm; Tuesday: 11 am–5 pm; Wednesday: 11 am–11:30 pm; Thursday: 11 am–11:30 pm; Friday: 11 am–11:30 pm,,,,,,,
Olive Italian Bar Restaurant,Updates from customers,Italian restaurant,4.2,253,"Elias 13, Veria 591 32, Greece",Veria,+30 2331 304530,olive-restaurant.gr,info@olive-restaurant.gr,40.5234888,22.2069638,,"[""https://lh3.googleusercontent.com/gps-cs-s/AC9h4nrFc9a5A2mx72f_GeWKOWaiwE7fJ_uhuYHUcuQyqHVrgrXvNf23cDsXuq2pv6T9aSjBuET-GkrHwgYXRRwNbI5VvxSDCTjwIyBwPcGQN6iik3NEiYt0N-Ud8jc-tYU4SfgLS9ZfZg=w1200-h800"", ""https://lh3.googleusercontent.com/gps-cs-s/AC9h4noq2h1TZqoUKqY1DTbkgRcNFBZSkE01fhKYX8bik9Ci_QZN6IVbeaWFAvYtcs4D_R8-DvEYyqr-CpY8nlUX1FOIeUHLrteaM5S97QyiTiinQx1phYSWLaNHtwptJh6xX4ucQpY=w1200-h800"", ""https://lh3.googleusercontent.com/gps-cs-s/AC9h4nrrJpqVIzgfwduApplrrMaWlFGw5KUlwXtYqLWIe-DS2NixMEa0RNkd5stmEs1UQTh_jW6bPND9mSFaEw2p37Ai93L05RV-H59aPorGOB_S8O_M8LUDWjFz_yz0s5L6UgCWgLXuWA=w1200-h800"", ""https://lh3.googleusercontent.com/gps-cs-s/AC9h4noN22A-DWqVDQzhMogbAD84TpOQnIA-wgK_bWp0Mr43_xBEVexHQIrTP_p3ayM-xG8Jq68QiB4pEvgnbWfibu9Yy6pSMV-2r5Q8pQhPgPPx-Qr8TSQ9TuWkWQmLbkYIImKzN94j=w1200-h800"", ""https://lh3.googleusercontent.com/gps-cs-s/AC9h4no2Vslc5gJ1M5AIVSkdaJrC5hPoPf7lxG8fsoJfJNwbiX0DnQM577QAgxndpPJHY7L1LPcRAkpBOB6QsZNAaqnt4yPQwACK9Z9X_ATOY2qXCoINQfm3N2qHFaTp2X9KBgt7ADES=w1200-h800"", ""https://lh3.googleusercontent.com/gps-cs-s/AC9h4nohz3YOCR5frqu4uwGYBqWPtf73_-_LjAdWmFr8T-rz7EmbbTucTB-jEwZDCKBJz0gMJtJbB0h55BXXuLY-i-L4mXLjGSZ7WVgLWLkHgJCH2tS82i-h1Qdo5TP0KmzlCsToWtkp=w1200-h800"", ""https://lh3.googleusercontent.com/gps-cs-s/AC9h4npC5DYinEyqw7PAbW-ZTzOqVV5GffSjEdZ7eVeVqALVfrzL5L6YzlL88FW3z3xtMzt4gAGQ_0xEB8A4CdyP75UUcZT2Vs6lzS5ciK8tVa02l-YoAKhooUKDPZywMmIwiG6Q7jzn=w1200-h800"", ""https://lh3.googleusercontent.com/a-/ALV-UjU1VaPnmm2CR2hy1BRuEsaBb0jhsU93zzBCXFq42T8Hus0xboEJ8g=w1200-h800"", ""https://lh3.googleusercontent.com/a/ACg8ocIkZdtbM1i-xbA7fGd_lRZpaag6T6vK7ZnUi3FwUG_fN_Cnhw=w1200-h800"", ""https://lh3.googleusercontent.com/a-/ALV-UjWu8oi7oILP3rDT2Th55HzI_3AnKW4W47_lIBijlIEvlv4h0Jbx=w1200-h800""]",https://www.google.com/maps/place/Olive+Italian+Bar+Restaurant/data=!4m7!3m6!1s0x1357937a993ad303:0x336355ae7088b56e!8m2!3d40.5234888!4d22.2069638!16s%2Fg%2F11p670kxwz!19sChIJA9M6mXqTVxMRbrWIcK5VYzM?authuser=0&hl=en&rclk=1,2025-09-06T12:00:11.451780,Saturday: 9 am–12 am; Sunday: 9 am–12 am; Monday: 5 pm–1 am; Tuesday: 5 pm–1 am; Wednesday: 5 pm–1 am; Thursday: 5 pm–1 am; Friday: 5 pm–1 am,,info@olive-restaurant.gr,,,,,
“Mama Peinao” Intzevidis Argyrios,Menu and highlights,Restaurant,4.6,135,"Antoniou Kamara 2, Veria 591 00, Greece",Veria,+30 2331 022006,mama-peinaw.gr,info@mama-peinaw.gr,40.5232634,22.2031482,,"[""https://lh3.googleusercontent.com/p/AF1QipOFpfJPYdi9vTodDaXbjU7RA9bsPL8D3JhO_Fhv=w1200-h800"", ""https://lh3.googleusercontent.com/p/AF1QipMLfuCxtx_czb3nAbx6Zj8fYkVx4A9ByrT-5hE0=w1200-h800"", ""https://lh3.googleusercontent.com/p/AF1QipOhJ-Mmr6SYbYhwXWTyZWPLEF_OB5HCjnO92b0Q=w1200-h800"", ""https://lh3.googleusercontent.com/gps-cs-s/AC9h4nqKRUklaCQ3yhZ6ywSr_EDBZreBVFrtmHCMBk15SanlD2ZaIlZZJTJjuFPHplWDBVwrSxRKARlsRTw3MVZohC6AS3UOU4W9l0CCgQUNdL_4ENxPr3sceVFJ9bKqMD9aLCuz1jU18Q=w1200-h800"", ""https://lh3.googleusercontent.com/p/AF1QipNvmOkXHpCzcaCJsAJbWGYmgkRmijbpzvkZe-zY=w1200-h800"", ""https://lh3.googleusercontent.com/p/AF1QipOLKhaIztuVNtOlr75HciGDc5aDZOIILYcEEe4_=w1200-h800"", ""https://lh3.googleusercontent.com/p/AF1QipPGg9KjCiH26MY_W9UDbGJyqYMQ2qTvhqER_Xd4=w1200-h800"", ""https://lh3.googleusercontent.com/a/ACg8ocIShK2hSK0MJ6UFgF4uskickjXYCeg7cKtfbaQaFhOfiAwRVg=w1200-h800"", ""https://lh3.googleusercontent.com/a/ACg8ocJOk49uZYKm1MZq8vvzRGUlRaS_MJl87sjUB3zxo0oYxoicB-I=w1200-h800"", ""https://lh3.googleusercontent.com/a-/ALV-UjVX22v6oG7AFtEYV-vEHOnYhxXNY6wySytb6c4MrWmqqw6_7vxO1A=w1200-h800""]",https://www.google.com/maps/place/%E2%80%9C%CE%9C%CE%B1%CE%BC%CE%AC+%CE%A0%CE%B5%CE%B9%CE%BD%CE%AC%CF%89%E2%80%9D+%CE%99%CE%BD%CF%84%CE%B6%CE%B5%CE%B2%CE%AF%CE%B4%CE%B7%CF%82+%CE%91%CF%81%CE%B3%CF%8D%CF%81%CE%B9%CE%BF%CF%82/data=!4m7!3m6!1s0x1357929ab4f4c5ff:0x409d03dba649f8f2!8m2!3d40.5232634!4d22.2031482!16s%2Fg%2F11b7jkmq8m!19sChIJ_8X0tJqSVxMR8vhJptsDnUA?authuser=0&hl=en&rclk=1,2025-09-06T12:00:25.623326,,,info@mama-peinaw.gr,https://facebook.com/mamapeinaw,,,,
PSITOPOLEIO FOYFOY,Menu,Chophouse restaurant,5.0,13,"Iras 2, Veria 591 31, Greece",Veria,+30 2331 306974,foufouveroia.eu,foufouveroia@gmail.com,40.5265722,22.2044257,,"[""https://lh3.googleusercontent.com/gps-cs-s/AC9h4nru9MT97SqyOVShKWb6O_vs_CS9lnMibhBFOxTgrEc07tKMe0tm3BiVg9MP-0yfo3NgK3Bm3T_O6xg_B4xotPQJfBbEoVq9NXNo-MRPTTIkKbtSyMdEpZprW9qIPLaduOrbqueyzg=w1200-h800"", ""https://lh3.googleusercontent.com/p/AF1QipOM5NpUwWKVwWmRWkvIW9OrQWVcSpHTIHQsjQO7=w1200-h800"", ""https://lh3.googleusercontent.com/p/AF1QipP6IlVoERHE4wqOpO8lrL9_X8x01FuXBOKcvPLP=w1200-h800"", ""https://lh3.googleusercontent.com/p/AF1QipPgH4TMbik1qHBO2WwGjGMd0P3TZG0n6LiIkUlq=w1200-h800"", ""https://lh3.googleusercontent.com/p/AF1QipM8Hs3JyOy3kTaqODdrUb5f8Q2kBRV86hGEexJx=w1200-h800"", ""https://lh3.googleusercontent.com/p/AF1QipPR-CciuaYnY9nRuCWc1h3Ngf7lvGwM5t8icW3W=w1200-h800"", ""https://lh3.googleusercontent.com/p/AF1QipNsKA3I_MfQmeobrNW6GvLVuKv6A_ABblacBNMW=w1200-h800"", ""https://lh3.googleusercontent.com/p/AF1QipOdA-IuuHvVdSYiMRjg8PjiZxB9TBINlINWr8a7=w1200-h800"", ""https://lh3.googleusercontent.com/a-/ALV-UjXQhFEtsHKkf4uW-0U39NSSMY2xv5E_SfhtezExF5jWjfPN7Zc=w1200-h800"", ""https://lh3.googleusercontent.com/a/ACg8ocKAGVWXFT-LVDRgEAcKWNaMorQLUoGKi_XK1DRzUBt8-zsxsA=w1200-h800""]",https://www.google.com/maps/place/%CE%A8%CE%97%CE%A4%CE%9F%CE%A0%CE%A9%CE%9B%CE%95%CE%99%CE%9F+%CE%A6%CE%9F%CE%A5%CE%A6%CE%9F%CE%A5/data=!4m7!3m6!1s0x1357938867e8fd0d:0x5b5b1fbcec7cfe49!8m2!3d40.5265722!4d22.2044257!16s%2Fg%2F11wg7t5dcm!19sChIJDf3oZ4iTVxMRSf587LwfW1s?authuser=0&hl=en&rclk=1,2025-09-06T12:00:44.653440,Saturday: 11 am–5 pm; Sunday: 11 am–5 pm; Monday: 11 am–5 pm; Tuesday: 11 am–5 pm; Wednesday: Closed; Thursday: 11 am–5 pm; Friday: 11 am–5 pm,,foufouveroia@gmail.com,https://facebook.com/profile.php,https://instagram.com/foufou.veroia,https://youtube.com/@FoufouVeroia,https://twitter.com/https://x.com/foufouveroia,
Tavernaki «M' agkali»,Menu highlights,Carvery,4.8,162,"Mitrofanoys, Kentrikis 96, Veria 591 32, Greece",Veria,+30 2331 181301,magaliveria.gr,webmaster@magaliveria.gr,40.524312,22.2029472,,"[""https://lh3.googleusercontent.com/p/AF1QipNZahQVXgPw3iVWGPyAEvYM13oQR43xP6V2pH94=w1200-h800"", ""https://lh3.googleusercontent.com/gps-cs-s/AC9h4nr86GIydSihdGMUlm8gjyUlWtNnz7S2CyoM-OcxjylmnVYNf7Tc7CQDUlzFyEmMIY5KwU5DQ0zOzOthboMLtVcE5P-yWLzkCGKUY0nxgbQYai4XgFc_qBq6svNVzeMXjcaShC1UMA=w1200-h800"", ""https://lh3.googleusercontent.com/gps-cs-s/AC9h4nrehJVxON4EDfIpbuxrvslZw9LzQrHMkdNGnfZHUfdmDHcAvsi6Sfz77pPPY_piM4PwbHxUNEK8DTaBt5g0INj2tu41Mt_UfX9Y6-TZ8whSwFlKCROgsaIHE9ahqmOXIWAy_6oNcQ=w1200-h800"", ""https://lh3.googleusercontent.com/gps-cs-s/AC9h4np4AX479f_d5kIdRCFJUtFAZsLzY_b_FxbKIy2u0061l64Xtt59RTW0VtM44IYB7iNNkQO2I99bZ1T0MbkMlbA3-zqNkhCAWoQpzy0yviaCKt7J8fmzN-cBC9Q8DdbV7v_HZNDc=w1200-h800"", ""https://lh3.googleusercontent.com/gps-cs-s/AC9h4nqHD16xEccDvv1aXW3LxQHVDT3cmtjLNqoINpR9N0Zr1w8lWWqecfLfe6TpvAMVWF1MUap-dOdkqxYNL8kZE3_hruqhnCjJf3_6D3Dl5TiMvCwlNdOd1bNxApVBFNC8wQFZO-L-=w1200-h800"", ""https://lh3.googleusercontent.com/gps-cs-s/AC9h4nrNdsFDHwUXt2IiMBRWqzsfGGMFTXgPcErmOGPB7MRSiW8M_l2512RMl2ERV50Z0y8em1Gu2BVi40IUG6nkAtWeSgMlQTQVYgT2ez2-c_rdRScLcIFMO84tx_PMWj8YxMQ9a1js=w1200-h800"", ""https://lh3.googleusercontent.com/p/AF1QipNgzjnfBp7yMfX1WqglQ1A1imnTFnUDVClpbad5=w1200-h800"", ""https://lh3.googleusercontent.com/p/AF1QipM3t1o_3O5fbIQg5DlX7kU3pcdehcCREym7c3CO=w1200-h800"", ""https://lh3.googleusercontent.com/gps-cs-s/AC9h4nrTeQJVqzXmfDQV6SVQzewADHiCr-lA3hKQYF-yTzMiMNm3sYPvlb3W4oOKs7H1ma5xwlIhJAjJEKkaHWr5DVAiez2n3XWDjKjp-ycGEF11CBAzXkp9zX-ufhsHgqdnvylVygOr2g=w1200-h800"", ""https://lh3.googleusercontent.com/p/AF1QipNcOQdkMM5xCj6U4IQCJOchip2sYEgor0PCAQEX=w1200-h800""]",https://www.google.com/maps/place/%CE%A4%CE%B1%CE%B2%CE%B5%CF%81%CE%BD%CE%AC%CE%BA%CE%B9+%C2%AB%CE%9C%27+%CE%B1%CE%B3%CE%BA%CE%AC%CE%BB%CE%B7%C2%BB/data=!4m7!3m6!1s0x135793d39efda6bf:0xa4e06712156c904f!8m2!3d40.524312!4d22.2029472!16s%2Fg%2F11tk340ftp!19sChIJv6b9ntOTVxMRT5BsFRJn4KQ?authuser=0&hl=en&rclk=1,2025-09-06T12:01:00.707105,"Saturday: 1–11:30 pm; Sunday: Closed; Monday: 11:30 am–4 pm
7–11:30 pm; Tuesday: 11:30 am–4 pm
7–11:30 pm; Wednesday: 11:30 am–4 pm
7–11:30 pm; Thursday: 11:30 am–4 pm
7–11:30 pm; Friday: 1–11:30 pm",,webmaster@magaliveria.gr,https://facebook.com/profile.php,,,,
PERI OREXEOS,Add missing information,Restaurant,4.9,75,"Mitropoleos 10, Veria 591 32, Greece",Veria,+30 2331 181082,,,40.5204087,22.201158,,"[""https://lh3.googleusercontent.com/gps-cs-s/AC9h4nqBopk0egUdEsQpVX3tpyRU_nSL8szwdo6iYHNkdT3jt2MF3t9IPSJ_33K6FxmVxFozTbgNRXcprr17QeEhm92JSGuJDAWsB1pFaZV7jmTxpPzZrUXwNvPdxlb09dklX1AejA=w1200-h800"", ""https://lh3.googleusercontent.com/gps-cs-s/AC9h4nqFfQQCAGYSmJXVpDlTOQgF3RCzcCJiU3om_kShysyj2GnQBuF1wtKJcivqg94A9m8VORBVCsAn9MXYgSzeTfkr4ospF8yzlm-1lTcoV20W3a16cpszs3eAXEciUiuWpcZ_kMBl=w1200-h800"", ""https://lh3.googleusercontent.com/gps-cs-s/AC9h4noW8FGGX6uWEtbrnTY4F45FaUh1Z9yWbz7zuVKaVQ6f7paSKygZbS1N5TJG9Sw-aFcWmZdvans-ZOBRtFotlaCiEHPE2Ew70F7CwvcrQJX_G_HBA3zt3RcOVqz4ewgQBlAZG_pV=w1200-h800"", ""https://lh3.googleusercontent.com/gps-cs-s/AC9h4noipkqIipCpbw2k8JOAefrOwx8i1olwjZUty7ClQq28yAuYHHI0str4aj49usav1R-95mLVz48Asd2IxTRrdhtMJEa0SIyPo-sQLOgjRmLWzpLVDB4_P6C-ultRrzrvlytTdcuE8w=w1200-h800"", ""https://lh3.googleusercontent.com/gps-cs-s/AC9h4noXRnafaC9qBPCOWqZQd-TlR9ZveO5APiKgV-9rgZadvwXqm0A7ppXdeGIgSsqL1DuRDNzHkMEysPEu2yVwm_kz-xz0RDq7KYh3iQiBh1hTvBn80FUTSOfKYQGTn8vOH9o9Guiviw=w1200-h800"", ""https://lh3.googleusercontent.com/a-/ALV-UjU8lG2jAXBt3jhGlEu0SxMiiMHvaRibHOOvbYCrE0fnFShiw67V=w1200-h800"", ""https://lh3.googleusercontent.com/a/ACg8ocIJ7T8wqbbFN10YtyoDY_1P_mpLkjBQ-NmH9RmjHKTcwdS8hg=w1200-h800"", ""https://lh3.googleusercontent.com/a-/ALV-UjWajJ73VAuH-1GLqdjfBALQkH631g3zy0WoQBs71I3GVyfETYv9=w1200-h800"", ""https://lh3.googleusercontent.com/gps-cs-s/AC9h4nqXHG7jIRGVMjJKnaRjHm8R6-JhKFIh3dK8DwDKyoEIcDyVMdeD3b8LTexMKkzvz7PC0wloSPfVkds0051khs4s0V1gjQbdOE6FpZxFiGXu1oWhjLehvVaXC6s2nCTDYYWK1UiJ1Q=w1200-h800"", ""https://lh3.googleusercontent.com/gps-cs-s/AC9h4nrLTnmO_5uAgv9cROiV68Iqs0YIjY4PhZd2qeFyEeRes6KLrhfDSBPQsr0KIciSlU5fkmUXkKYf06S-BWvm7MmAt-l3nXvr95hpTb2E1R9lrKDUMQB4BLlLgilzQoou_2Sdrcg=w1200-h800""]",https://www.google.com/maps/place/%CE%A0%CE%95%CE%A1%CE%99+%CE%9F%CE%A1%CE%95%CE%9E%CE%95%CE%A9%CE%A3/data=!4m7!3m6!1s0x13579389a434eb87:0x13bd27e2d5be748b!8m2!3d40.5204087!4d22.201158!16s%2Fg%2F11fwh0xy48!19sChIJh-s0pImTVxMRi3S-1eInvRM?authuser=0&hl=en&rclk=1,2025-09-06T12:01:14.994319,Saturday: 10 am–6 pm; Sunday: Closed; Monday: 10 am–6 pm; Tuesday: 10 am–6 pm; Wednesday: 10 am–6 pm; Thursday: 10 am–6 pm; Friday: 10 am–6 pm,,,,,,,
“The DALTONS pub” Cantina Street Food International,Updates from customers,Restaurant,4.9,103,"Kontogeorgaki 2, Veria 591 32, Greece",Veria,+30 2331 065001,,,40.5232239,22.2048293,"[""https://www.facebook.com/Cantina-Street-Food-International-878761355649340/?__tn__=kC-R&eid=ARCQ7u4x2HPqLEEng1lQtcluVvguhCseFFngQiglrdiAJoCzZEBxcISB7LgpXd6qhEca7rhQX16IddgU&hc_ref=ARRbIkdMtVHt5M4P0F3-cI02E_jXRv1minowsAzQl2B1uelh214P9h95AklRFTNiozw&fref=tag""]","[""https://lh3.googleusercontent.com/gps-cs-s/AC9h4nogXf66qHKLr19M2k3o1pu6VXg3Rcq2jm9EnEJrnli60f7S-BWCm92W0QchDfw_HNUo2qPASO8F2jPTh_0zRnHXrY5OeaWnQ2IMbWeoqoIQjXkjWIv3cQ8ZzD0KSAgSQ8GReu4o=w1200-h800"", ""https://lh3.googleusercontent.com/gps-cs-s/AC9h4noDQIreyIAWu30kKTgOoWJjU8eaAAkNa8zkH4b1kzRXgEuIrL5gSXY3YcPnA3D7x-VdyYuyN7lqTaUGNpRBrlN1tNFHa1iGRNcAfBpPOxxTW5rzOXitNqXaSyMEb6pqfQVW5RMp=w1200-h800"", ""https://lh3.googleusercontent.com/gps-cs-s/AC9h4noW9jUVAng8pyXzOqWXp5LIX_qPyjVXkpzba9L_bg9zThgnER63BP5orShd6HQDNEOdZJ72hVNXV0WIvQkDP5zcZ87Bl2WE38PJdK8w72IRvZ56RIkXWAmEJBtvWWZ7WhpHceg=w1200-h800"", ""https://lh3.googleusercontent.com/gps-cs-s/AC9h4npK2BAzlg0LGLyopTKME5xLsXjVuJsuwkIZoml-UpFoYKcVKqjVmEHiPa9EcHzv47Nq2QbGdPwVB6AF7SOV-jBzXBT_hlUEliSzdBL9rzNlCYz4eVSMAwxAppJDHaf6lqo7g_5Gcw=w1200-h800"", ""https://lh3.googleusercontent.com/gps-cs-s/AC9h4npbE1tZiAA7eIxlW0oa_OeTKDn217aGqpl0Hb9QxOr5cNWK3ni584B-AcoLck_CllF32-NoBC--XVkdbiOaBg83AXZ1VHtm_BQ20y1LkuD-8Chp3C0w5KqZ5FMjTnMw3Xa6aaI4dA=w1200-h800"", ""https://lh3.googleusercontent.com/gps-cs-s/AC9h4noced0wB-IJSR8iOKQYXiySsT7NIOdda6a1TIeACQOnV78mGwGBKa11Mfv7o3ZTuN0xDAXyGnCDgoYQlMQYyE8neJvMs_xVRMmmVszRxNaL2WsfBvw8DwpR5r9EGiogwagHm5HD=w1200-h800"", ""https://lh3.googleusercontent.com/gps-cs-s/AC9h4noR3Rv0ujvF2Igcbp2Gl0T8UCkUMMUDOY-Mwec6DnwIWr-Er5cBE8zCHGYbyIYtmvJC69mnJQv7gYRoLGtZHW6Adg49szC2-ElzgkZ6YGaUOibwVVnJSd5QxeWxKabto72PO_Xp=w1200-h800"", ""https://lh3.googleusercontent.com/a-/ALV-UjWrqcyvv0f0pJgqq8fy-rfvdnVDHs7OfKTxtYVfEaWnqglTmS6_=w1200-h800"", ""https://lh3.googleusercontent.com/a/ACg8ocKnPVhan-W3R04vVFcKLaRutZVkW_uWUxAkkPD7hE57xh5Dnw=w1200-h800"", ""https://lh3.googleusercontent.com/a/ACg8ocI19zcdBuQzGJz2eJxV4Jq8eCgCAagkyTEFCxmd4mlGvlEIJA=w1200-h800""]",https://www.google.com/maps/place/%E2%80%9CThe+DALTONS+pub%E2%80%9D+Cantina+Street+Food+International/data=!4m7!3m6!1s0x135793e9a1f85c43:0xb2d6d9fe70669f0e!8m2!3d40.5232239!4d22.2048293!16s%2Fg%2F11g_r5sfwd!19sChIJQ1z4oemTVxMRDp9mcP7Z1rI?authuser=0&hl=en&rclk=1,2025-09-06T12:01:30.294528,Saturday: 2 pm–12 am; Sunday: 2 pm–12 am; Monday: 2 pm–12 am; Tuesday: 2 pm–12 am; Wednesday: 2 pm–12 am; Thursday: 2 pm–12 am; Friday: 2 pm–12 am,,,https://www.facebook.com/Cantina-Street-Food-International-878761355649340/?__tn__=kC-R&eid=ARCQ7u4x2HPqLEEng1lQtcluVvguhCseFFngQiglrdiAJoCzZEBxcISB7LgpXd6qhEca7rhQX16IddgU&hc_ref=ARRbIkdMtVHt5M4P0F3-cI02E_jXRv1minowsAzQl2B1uelh214P9h95AklRFTNiozw&fref=tag,,,,
Oi Spesialistes,Popular times,Chophouse restaurant,4.9,407,"Stadiou 31, Veria 591 32, Greece",Veria,+30 2331 181100,specialistes.eu,,40.5338796,22.2011299,,"[""https://lh3.googleusercontent.com/gps-proxy/ALd4DhGtMAsyt3lpTTR69DZmlYvK_lfYsRGusz4p2lp4LQzJsy_L8hvQMHzK-O_T8gANrD70GPE0lAneS40fBspQHr5l3NqRlPzljP7CYTCvrTMbbADJynUmImGUuzJ6eCUCgQ9AhtG2S3hKCGUGiR9KfXjsdDntA9Ncn8WbL43UkF7LGiw4R380PGQ=w1200-h800"", ""https://lh3.googleusercontent.com/p/AF1QipMOWdFA8w9AOm_pwF7wVYxh-0Z0h1tWbfLD1s-x=w1200-h800"", ""https://lh3.googleusercontent.com/gps-cs-s/AC9h4norkvAARhSCZgNBLhLL6_p5qt3Z-uUerSVCR4bu1kheV-BdDEipIZebFFyb4ZNUzEcbUgCtZHk0ebsj_U3VdyJQJyG7aIXqi0zx5WywMoFP-ihqpmVijgROO4nWfQbiEKtzyrz4=w1200-h800"", ""https://lh3.googleusercontent.com/gps-cs-s/AC9h4npSFWp2lpPre_sMrGTnxOasUwSJsdhjjR4Fa_nVLD_qvzafeIcb0rVtaEZGjZTxMZWQmY2UhZzRjFvxk2zutgOGpGnwNdHPTH0RwHUll4-HY3XqbFtleYronohsqwidbEPBMNcRrg=w1200-h800"", ""https://lh3.googleusercontent.com/gps-cs-s/AC9h4nrkpEjb9LAux1RSvcnsX1pbOqKRzvShYzjl3OZOih6jPHhXM4Y_GNqeNGt4-yFIpa6wS0x8vHtGIwD_F53KHqs73y6rtTdb4-zEFS1TaQKwNszvyntEV0y3tSwNcWLgtWF-jebA=w1200-h800"", ""https://lh3.googleusercontent.com/gps-cs-s/AC9h4nqn-JGvc74yknqOYOvFK4apjbNA5IQuAxsI3YGrzV15PVw0nph1Zk8Q4C9l5Tho46fPwGpPjfrTfiGGy6p_QDTd9MJEmPAP2DdsFzYoaS_RREL1qSOlNG0lAw7xgWXNhPaC0YAY=w1200-h800"", ""https://lh3.googleusercontent.com/a/ACg8ocIQWJRbYtKvobaw_3MFXdJmarFt-PVsQxIBrren-6Oh733xig=w1200-h800"", ""https://lh3.googleusercontent.com/a-/ALV-UjV0UMmlNe-QHvn7WPLaVOW0SdP9BRfxvr3VjGV38cOjMANC1x_S=w1200-h800"", ""https://lh3.googleusercontent.com/a-/ALV-UjVR3hUGA4qGO1mohiV7NOavnL1nlrLtiee2ARjyJN3p657NRmcudg=w1200-h800"", ""https://lh3.googleusercontent.com/p/AF1QipOWeaOKyY41otEqvMhi1aZmevdWGZN4iL7S_nn_=w1200-h800""]",https://www.google.com/maps/place/%CE%9F%CE%B9+%CE%A3%CF%80%CE%B5%CF%83%CE%B9%CE%B1%CE%BB%CE%AF%CF%83%CF%84%CE%B5%CF%82/data=!4m7!3m6!1s0x13579328e1adae4f:0x3c2369bfdc5e8aa2!8m2!3d40.5338796!4d22.2011299!16s%2Fg%2F11vdfhpj1t!19sChIJT66t4SiTVxMRoope3L9pIzw?authuser=0&hl=en&rclk=1,2025-09-06T12:01:47.182665,Saturday: 12:05 pm–12 am; Sunday: 12:05 pm–12 am; Monday: Closed; Tuesday: 12 pm–12 am; Wednesday: 12:05 pm–12 am; Thursday: 12:05 pm–12 am; Friday: 12:05 pm–12 am,,,,,,,
Soyzi tros!,Updates from customers,Restaurant,4.8,353,"Paster 12, Veria 591 32, Greece",Veria,+30 2331 123300,,,40.523844,22.2059162,"[""https://www.facebook.com/profile.php?id=61553435561221""]","[""https://lh3.googleusercontent.com/gps-cs-s/AC9h4npBImWw62mfzOdZqBGeOInQrD3uTn1gew6J6ukUhy8i1q6eeehc2RHDwPeWSy5kQO0ye7jzxktheMrczrYrp1OatanV6HpUH36OaskTRA4i3aI-USNuDUZ3NshAFM6fpDGNFBxH=w1200-h800"", ""https://lh3.googleusercontent.com/gps-cs-s/AC9h4nqV1pvf9R9jlh_v86XaFaIDCicPk59659ZNyKhvrZIsVB1fkNNghlpL6mpICRkg7pYjbnv3dusYbdRn5_Gj1c5GKD-a5ikukRNqrixhO5Lyra2d9E0jbgTrXLjhdIrkwJcIQXEh=w1200-h800"", ""https://lh3.googleusercontent.com/gps-cs-s/AC9h4nofJyBNURD1h_6EzuMFtOaaNWCcIbP-E_pJWTvMiwOWBcVHkYvfBTGEqdhuzIj8Wv9TE7mmCEYegOXD9bJR3qMz2_oMl9TAshAhJZqkO3VjdeBXsgfNXDTgE33byGmSOwcQ1FEA=w1200-h800"", ""https://lh3.googleusercontent.com/gps-cs-s/AC9h4no3BohU9Z8nDJXB4qrjKxMIckj5egCayhmFaKNTf-aH7oluVC-4Btbin0RJKgg2kI0EqDzyvZwYEQ86LIR011x5X0kKOqPtfoMBGBh6c5FbNmSr_c2QuVF_Gcv0vTVHPS4GdMcQ=w1200-h800"", ""https://lh3.googleusercontent.com/gps-cs-s/AC9h4npnxdfKD5vs5hOMYHfpqzQ2_ehaVJzxb9scto-OEAUUdJ7zccLGYWZJy5EUKyyKA_vQU5v8F8PLIodEvcewjOowP_pv85Jnzc61Hq-Lz_SAQdfZc9RtV-yedaq5qUKfWNZVZr-v0DiZG0x_=w1200-h800"", ""https://lh3.googleusercontent.com/gps-cs-s/AC9h4npqqZ71Z9kQSSyn5Va39tD88CHCTX78Oku_1Aj223U-j5tcEIRSF9fPvUbZvuWdv4oQG53MC2zKI1Bu5-U4e7k93eccKxu90_bFeTOXnZ083BpFoFTZu82bjzCeWXv4ae3TmbYn=w1200-h800"", ""https://lh3.googleusercontent.com/gps-cs-s/AC9h4noVQOjy3_fdwvKqVIPMlKUOfQSGUMOzD2vGQcWf04B9vdYjQtm-R1siYZMBXC-Z8Iyr_11TaIsNq4bcXgQkmJmuqcMKrB6aaSkyv72slkaTWQ_KyPQJgOuzWnVogZx2t0NP3UMNQQ=w1200-h800"", ""https://lh3.googleusercontent.com/gps-cs-s/AC9h4nobuzK8jFwvYStQXdNw6plRgJT6df-DqdhmNxBMw4IC_L5xrQjtqkyS1nrQWRInjM7od-GYG5ZKibxQOrvAFgPQ9sEir5VxrQhfbSJMpsliw_uw8H2Og6Lp8Csc-gAJDjesOoA2=w1200-h800"", ""https://lh3.googleusercontent.com/gps-cs-s/AC9h4nos8wKf4itN9Qpcl62fqkFJY9qcnBFChIVHusQzDQfjnyvKrRLNXg5WI4yl7OgSePKEaOiRIImUZ73KjdbdqAA0ChevulYlqsN4eFkQ2TkQype-yOjdExfAUSJOTl4DOLtjX52U=w1200-h800"", ""https://lh3.googleusercontent.com/a-/ALV-UjXMoCw6xPHVzgyyUqNraPcU4hfSzVAMwWDhNtz7ZN6ymA_IEoTt=w1200-h800""]",https://www.google.com/maps/place/%CE%A3%CE%BF%CF%8D%CE%B6%CE%B7+%CF%84%CF%81%CF%8E%CF%82!/data=!4m7!3m6!1s0x1357936d598d722f:0x8d48723565f71be1!8m2!3d40.523844!4d22.2059162!16s%2Fg%2F11vhk5hc0j!19sChIJL3KNWW2TVxMR4Rv3ZTVySI0?authuser=0&hl=en&rclk=1,2025-09-06T12:02:03.197110,Saturday: 12 pm–1 am; Sunday: 12 pm–12 am; Monday: 12 am–1 pm; Tuesday: 12 pm–1 am; Wednesday: 12 pm–1 am; Thursday: 12 pm–1 am; Friday: 12 pm–1 am,,,https://www.facebook.com/profile.php?id=61553435561221,,,,
“Michael“ Jacovidis,“Ο Μιχάλης” Ιακωβίδης,Chophouse restaurant,4.9,41,"M. Alexandroy, Philippou 29, Veria 591 31, Greece",Veria,+30 2331 027727,,,40.5248476,22.2025698,,"[""https://lh3.googleusercontent.com/gps-cs-s/AC9h4nrlts9Koo3n6pQvYA3WsxLUaq_Ktyxyc8xSRidYMMqs7Ee6ZqoAVgVtlx_H7pXYmZsWxzZ-3o5nu85OnibZ-0KnIWUtwhGXUdehMiNshIAXxNlKXPjEL0rxT1BA05Q-0zyt2BQ=w1200-h800"", ""https://lh3.googleusercontent.com/gps-cs-s/AC9h4nrWeIwX9ggpZDnD2n2Ydf_mFSRv2mn46mFIY3-0H80lcJIrgdoC9NGpUyvcOHvpWk8dLk8k5zPAIpxM7B5q3yc6NBXr-4uAefXgOWBylLO-w3ZSRV_Xoopy__rRIjz8L3RDlzwQ=w1200-h800"", ""https://lh3.googleusercontent.com/gps-cs-s/AC9h4npTipCOJyie-Q63njcs6u8jmJCL_k6tVJh_EC6FyPA26QX9MbtqfYz1882pESbD74pLeuqTyJL5Oo1obRsWO4EzbjMQdZsPD2JNYtly3PrWyKpqWiNGGhkmEq1B2-H486RYKW2bRw=w1200-h800"", ""https://lh3.googleusercontent.com/a/ACg8ocKmbx6Zngj9GgaqKExcCUTJdk2qrC2BWRcbxmAyWRV1y9vjLtA=w1200-h800"", ""https://lh3.googleusercontent.com/a/ACg8ocKTPGpmYWHjgkP0rUCDNtxuuIlqwewbV0t75u2dcgrELVPhJw=w1200-h800"", ""https://lh3.googleusercontent.com/a/ACg8ocJ7XQYACHE7xNiFFVnRBS6O1Lpd2HwCaXlPYX0Rm7ynB9lZ1Q=w1200-h800"", ""https://lh3.googleusercontent.com/p/AF1QipOWeaOKyY41otEqvMhi1aZmevdWGZN4iL7S_nn_=w1200-h800"", ""https://lh3.googleusercontent.com/proxy/3N4s-itsm3NMyTmi64kZHazNriPuqq8pyClKjjV-Sl8tJBd8Eg2pnPjexEpSqmuNStrLqmiDtFhf3LOYObMD69YHUQnEjBCR53GMNz_rJcuZi1EiSGJ8MRT2zbkp4vLNC8jMV-j15WkqSHFeRjSD2LX9GLgmMA=w1200-h800"", ""https://lh3.googleusercontent.com/gps-cs-s/AC9h4nq4fyO20yOz2PoY3lphAtRGf0cyGv3z3kIJMa5BEEvbM5wG468eo6U1F5heL_K-_vKh9Je-9Ugsn3Skm-ChO9zYqZ-w2EiDtSZV8g5HJ688B3suhR7VWC5AzJmZtDugVhFCwec=w1200-h800"", ""https://lh3.googleusercontent.com/gps-cs-s/AC9h4nq357_rmr1HsJSxbTJGzefLuDrCg5FnjRNGV9Q3TU_Sd8VAnIMwsVKx90zAl0AIj-E42MD29w-DIMdifEE2YHZ5_l3UEh0J1UZjpspFk0z92ORXl_3jb1GfK9gTtYfihrEboghmhg=w1200-h800""]",https://www.google.com/maps/place/%E2%80%9CMichael%E2%80%9C+Jacovidis/data=!4m7!3m6!1s0x13579394286a4c69:0xeb74dea2d1462ed0!8m2!3d40.5248476!4d22.2025698!16s%2Fg%2F11g0l4sj93!19sChIJaUxqKJSTVxMR0C5G0aLedOs?authuser=0&hl=en&rclk=1,2025-09-06T12:02:40.610236,Saturday: 10 am–3 pm; Sunday: 10 am–3 pm; Monday: Closed; Tuesday: 10 am–3 pm; Wednesday: 10 am–3 pm; Thursday: 10 am–3 pm; Friday: 10 am–3 pm,,,,,,,
Volcano / Вулкан,Popular times,Gyro restaurant,4.3,559,"Pierion 55, Veria 591 32, Greece",Veria,+30 2331 023600,,,40.5156382,22.2065005,"[""https://m.facebook.com/fanisfoodveroia/?locale2=el_GR""]","[""https://lh3.googleusercontent.com/gps-cs-s/AC9h4nqAmLjGrjNL9BrePIMKC9pi_DOf9fnLH1a8rE8fZIum0B7t3eL9xyYAzB07vR2rAft3rMXs06nfF4w8W080fON09McIvD2lAO502eppSSJS3VFVDl5DAUyKYqeUH4ftrpZVyhf7zQ=w1200-h800"", ""https://lh3.googleusercontent.com/gps-cs-s/AC9h4nqRby0qQvFF0oV7pKejs0uhs8TLPHP7GK1RQRFOrjxbsKw_-DZF_hqG3Lm0HQ2anpU9nvuy4sqQHAEuJ1VM5YBloaaZRj16qxMO_FoMMU9-Gso2GCQfGF2bfD7moCkN_qOwxA75ghmxcyi8=w1200-h800"", ""https://lh3.googleusercontent.com/gps-cs-s/AC9h4nohS1PKyhbotwUkjtD9dZHR_ggJ_AGXzuMBVyRLc2YjK8RJNEChDFCq1-OdocXgahOEy1U7GtGPdF-IbiZcmi6WdV2RNr2koXmXfRoyH3UEPMsoRql8fAVz4AXqEE31Yip4ZYXV=w1200-h800"", ""https://lh3.googleusercontent.com/gps-cs-s/AC9h4nrotaFDF9WjjDelJ4EdaAEnr2bNIC9rLlyBzj8jV94QZKh20_mhFp7oGRFhgskDuCjQVEVR7sypruHC1y_i1ka_sCJt3UL1DJafJBAyJ51EJJh8irIMjRBCI-XRhIVwvny8cV7H=w1200-h800"", ""https://lh3.googleusercontent.com/gps-cs-s/AC9h4nokPqtrkFDyOXqLaTWIP3xLIeP5YrTTDfbdu8U_9CKD4yv5XPdpRyUAzttU2tqMBp2FmjpyYb1shHAUiwqeIoXJ4SQ87jG810gpx0jJu179r5dXiV1FvoQurq4_VDfJtRHpDtUNlw=w1200-h800"", ""https://lh3.googleusercontent.com/p/AF1QipOniC6RjxVJJXBvh9kcfIGCO5QeW0z3n8ZZ8buj=w1200-h800"", ""https://lh3.googleusercontent.com/gps-cs-s/AC9h4nrWiASED4U9YwhedyHeDIy3sKFsW8PYEaVNs051s8bhIfv8c-t57jPoHdLzEvhSUN6Wc7hVxyc6aDHBNgHeXptmUYSr6LW0IqDoHxBNnX7c470eAQRR0fNA-DFnoqb-7qO_MuP2QA=w1200-h800"", ""https://lh3.googleusercontent.com/gps-cs-s/AC9h4nprnxAdaErwVjVTX9IQLMRMv2LeokJAqJKeHyxd9v5F3Ts9ZzJBWUSlOUo4s2VcEXnnkrOMBRzaWwnlxoRYdOCH3c9C0VOmInGM2mpK1IDBFXwKTiwnqz57Was7Obz2egpttCpm=w1200-h800"", ""https://lh3.googleusercontent.com/p/AF1QipPMGZxMmjClZVUn0Fr32tDlcirQYcPmFFyUK5lT=w1200-h800"", ""https://lh3.googleusercontent.com/a/ACg8ocIkZdtbM1i-xbA7fGd_lRZpaag6T6vK7ZnUi3FwUG_fN_Cnhw=w1200-h800""]",https://www.google.com/maps/place/Volcano+%2F+%D0%92%D1%83%D0%BB%D0%BA%D0%B0%D0%BD/data=!4m7!3m6!1s0x13578d6277a8a095:0x90488a7ca6125492!8m2!3d40.5156382!4d22.2065005!16s%2Fg%2F11bzrq02cl!19sChIJlaCod2KNVxMRklQSpnyKSJA?authuser=0&hl=en&rclk=1,2025-09-06T12:02:58.899682,Saturday: 12 pm–12 am; Sunday: 12 pm–12 am; Monday: Closed; Tuesday: 12 pm–12 am; Wednesday: 12 pm–12 am; Thursday: 12 pm–12 am; Friday: 12 pm–12 am,,,https://m.facebook.com/fanisfoodveroia/?locale2=el_GR,,,,
Chalépi,Χαλέπι,Restaurant,4.6,273,"Philippou 11, Veria 591 32, Greece",Veria,+30 2331 300864,,,40.5241438,22.2026722,"[""https://instagram.com/xalepi_veria?igshid=MzNlNGNkZWQ4Mg==""]","[""https://lh3.googleusercontent.com/gps-cs-s/AC9h4nrjpA0zgS_T2nYNzIuknr_FlJU04lUzqFxYDIsF8cSaLiXtRjkgCNVuC7o2whjq25WWRi5vrv8jYCMrkMb85gYOxYhmWxEM_X7-FEksxtSVay5VcmooJs3H8fKoMbiMjhGgXRzS=w1200-h800"", ""https://lh3.googleusercontent.com/gps-cs-s/AC9h4np5Ow6QngrIaQkazmlne02kZxodcx20SjYPIr8Y_c2f0Ss48s0DepANqh2O6HCPAcUandcYScmEYd5Nh6kRq08ZdC7jDoEhA6U5sT_p0P4UhGmD9dY91wWWFj3Sk8ZSrcawxztk=w1200-h800"", ""https://lh3.googleusercontent.com/gps-cs-s/AC9h4nreteVze0crnAAamVcKOD1PQhVIekQ2Rp381NtKq5eGUPR0j3Ts6vbdv1PFYY58i3TJQ5MoZeAAp-kIK6-B9KVfwuh1tV61fZNqylkbBLqp6ljq4ijetK8DR-EsdlVhC2tcFlw=w1200-h800"", ""https://lh3.googleusercontent.com/gps-cs-s/AC9h4noipCm4Fj7ayrMkX610Im-JQHHX8tLq7MQGSWkyzv2UoVKDTouxwGQZSUvo8a7Us28Zx4Ff4u2mtgjOFns4VEUglf8jP2D6YaxnRkfUNtYXNUnsfaKVRFWgnPtvHKc7VD0K34iIDQ=w1200-h800"", ""https://lh3.googleusercontent.com/gps-cs-s/AC9h4nqvLzYvMUG6Vy1dPdkQIajgPiHGtFlFJK9WNJ5mF0T6oRs9ykr-ReDZvm5rtCtihM_gUe8oonc9Lx37frhY69dHWV-c1Ad9KvTWh0fq3rVt8xO65H88FNT65UxWKinZzlzAJQ3vLLZsoEE=w1200-h800"", ""https://lh3.googleusercontent.com/gps-cs-s/AC9h4nr2I1q6H75vU9N1GBnAUQAOuZHnkGht115ysrl50wlJ54Ck3fAePVhzSE78QA5LADAQoKPxWJSIfA8K-xs8LAcxvb8Mmes1JClDaizt_2tYSQRisiFFhiEXEFsMsOm9Jr3apCf8=w1200-h800"", ""https://lh3.googleusercontent.com/p/AF1QipNi51bn4TVo8xH15qz4Aa5OLySlnuzIkPhjDDAc=w1200-h800"", ""https://lh3.googleusercontent.com/gps-cs-s/AC9h4no2btnxdvjad8v7O6W3WR_nZt4rSmRpQBBwGTzRW-Rpp5va6_s7JNbWVbOWKgSw_fxCWnNJJ-b5kjhOMqAhO2Kbl9KEbvmhXai1BsjhwIDtHLMAPycjvwa071lcTs9EBIdKp3fYPDYiL3RZ=w1200-h800"", ""https://lh3.googleusercontent.com/p/AF1QipPCYlRUK9HaCpQKI7XpYkaj23jJkvEe9Dkz9VMT=w1200-h800"", ""https://lh3.googleusercontent.com/a-/ALV-UjW2V-njycJFxRIxH5J4VhiYBhfPtxPmRxR29pc68BotywG8iCh7=w1200-h800""]",https://www.google.com/maps/place/Chal%C3%A9pi/data=!4m7!3m6!1s0x135793b3a63fd29f:0xd456a392ec864875!8m2!3d40.5241438!4d22.2026722!16s%2Fg%2F11sv75p71t!19sChIJn9I_prOTVxMRdUiG7JKjVtQ?authuser=0&hl=en&rclk=1,2025-09-06T12:03:17.064899,Saturday: 1–11:30 pm; Sunday: 1–6 pm; Monday: Closed; Tuesday: 1–11 pm; Wednesday: 1–11 pm; Thursday: 1–11 pm; Friday: 1–11:30 pm,,,,https://instagram.com/xalepi_veria?igshid=MzNlNGNkZWQ4Mg==,,,
Aroma Polis Veroia,Popular times,Restaurant,4.4,542,"EO Alexandrias Kozanis, Veria 591 32, Greece",Veria,+30 2331 021118,aromapolisveria.gr,,40.5049141,22.2211263,,"[""https://lh3.googleusercontent.com/p/AF1QipN5ZPk3ZCsea1q71c7i5_7MImOkF9xTVCoC0TXT=w1200-h800"", ""https://lh3.googleusercontent.com/gps-cs-s/AC9h4nqVUOQxu-cvBVXSP_wU1dcNGdZukzujzHz7-265uR4KTpL5N3o7L0NXhpWMDVKvPTBbQMo3Jor5aVMGu9zh3lFW3uGZjPbSq0B5g8Mae7he6K3mFpt__Jp36WvorGlcALhltn3R5A=w1200-h800"", ""https://lh3.googleusercontent.com/gps-cs-s/AC9h4noFqyepOggAkq0jKzOJhiHFpCs1AUZtJRwzcmO0pInuR7OgkcAomKXq8FNmbLdoXk_XCU8AOrl6PW8XhRE3rGfmyiXRwX7VeeC6K9jJfU9gDTYUygwEwBMLRe_En8i5lf7Tj0RR=w1200-h800"", ""https://lh3.googleusercontent.com/gps-cs-s/AC9h4npUfOu9wA-46fmmfqVuCrH96UoZtWMhiyiClU38-RShH_e9qQfbpL1JysjWnHOXvwhhwW31MH6zxsrRsh9BAnqD0SoK6PUSq0fJoKmIM1mFv0xeBommGVaUeJBi-vJqz-IXVrS9=w1200-h800"", ""https://lh3.googleusercontent.com/gps-cs-s/AC9h4np7pyezLcnBknyv8yiDAk1cH5ta4l1HGQCHRf764ggPt_B7CbdXt3j0uZTl5wnE_p3oprHHxPmsNX96q1sTtdrAlFIV4tBAgIW7NrjfpRYamHMLVJMb8_UcDal8yJYWXJ6hLrD-CwmQDGn7=w1200-h800"", ""https://lh3.googleusercontent.com/gps-cs-s/AC9h4nqogWsR9P477P0JUj-qdzKexvT_AGBbrLPvHElccXnou8Vpi_F2wQ0MRfhA8sQTHu8vnRCaCSyrPmwC2c3jUKFFuGIO3EJvNvvwZ5M5WyxmgxEPEcPlKdzwQiu237zh0rI1pE-1=w1200-h800"", ""https://lh3.googleusercontent.com/p/AF1QipPKNEuuBqTpsN7wRHAyCs7abt-Nf9oCjACdt0vf=w1200-h800"", ""https://lh3.googleusercontent.com/p/AF1QipODcqMHo82Dg8vYSF1pUsvGJV5GCpoScON6e6kT=w1200-h800"", ""https://lh3.googleusercontent.com/p/AF1QipPuBI44EcnKi46vb5bxQcL8-8ux64JtJxcPbVhv=w1200-h800"", ""https://lh3.googleusercontent.com/p/AF1QipO21pyDjaiTrdO6doa1bDeZ-blx0JnRgabixG3h=w1200-h800""]",https://www.google.com/maps/place/%CE%86%CF%81%CF%89%CE%BC%CE%B1+%CE%A0%CF%8C%CE%BB%CE%B7%CF%82+%CE%92%CE%AD%CF%81%CE%BF%CE%B9%CE%B1/data=!4m7!3m6!1s0x13578d0d3faaaba9:0x19f03b09f1fcb16e!8m2!3d40.5049141!4d22.2211263!16s%2Fg%2F11hzxrwfk2!19sChIJqauqPw2NVxMRbrH88Qk78Bk?authuser=0&hl=en&rclk=1,2025-09-06T12:03:32.744866,Saturday: 9 am–12 am; Sunday: 9 am–12 am; Monday: 9 am–12 am; Tuesday: 9 am–12 am; Wednesday: 9 am–12 am; Thursday: 9 am–12 am; Friday: 9 am–12 am,,,,,,,
Agleouras,Αγλεουρας,Gyro restaurant,4.9,784,"Mark. Mpotsari 4, Veria 591 32, Greece",Veria,+30 2331 505232,,,40.5167482,22.2025085,,"[""https://lh3.googleusercontent.com/gps-cs-s/AC9h4np4dcRjELMsoPnVs1TBIw6RuwRGJ95KjlfH1qX1CBWHEyNSOkBd39vlCeXBf-tad5FdSx3kmXYE01hWLLyi7BoVWIBYJWCMhOk4iExBj9V6PZSQGIN82jqOR_7D4Ph6mIRVHtPqPA=w1200-h800"", ""https://lh3.googleusercontent.com/gps-cs-s/AC9h4noGL0o3JrU12Iieu5cxsiaajyiAOK7FZCB-nVdEt82vGr5BMEEveKmsrajYWAUEPhFCLtSlJZW-QARQaR3F32s4CLRpZ-Y6PHPUyrSfarTcqQ1Vzv8z3ORnKj3HydElyfeUE2Kh=w1200-h800"", ""https://lh3.googleusercontent.com/gps-cs-s/AC9h4noN1XTJ26bMX4_Uw_Pk-H96iKwT1IHbac5QUI_YuM8hPCL5N1pMOYg_9G5fURckf7DD5aMrwJq41oDn2uPmtmEHb-WwqLcstIhh58KXOcCEq7O9ZcOSqyp5d2w0Afk4LXS8zB-gLkKp9dY=w1200-h800"", ""https://lh3.googleusercontent.com/gps-cs-s/AC9h4nrGpMc3Y9pzqqvi9y3EEyY-vLZBr7f7SC_x2kUnZD1lpOgIapj9zwH8ybnw8Ff6_HaQn8Eom4rqmIqhycEX6Eo0k9bnn8fW9QgU_14be68X1OY2UkYAV7Vr8oNtGg-suJTrR9k4=w1200-h800"", ""https://lh3.googleusercontent.com/gps-cs-s/AC9h4nqbjfpvXdSEpfJAqIJfGzl5e_ON3WuqswypzzzUgmTrrnj-5cTWSMhr0GLOA09pcZxDtAHnQUpw3I85rgk6ascGz2cA4s35992MQgbmEZNMUCI_w9z7ocsFFN-bRm2Rg-L2_o2xKQ=w1200-h800"", ""https://lh3.googleusercontent.com/gps-cs-s/AC9h4npqV1nlZ1b96Skcgd1Bdyf1z_yNLRXfw7iKFQQLfZfIaKvuX2xmnWN3FKuHcNfWkL9W4xhuJfB6UxsJCYM_40mYw1epP09BPlWb6371-FM5inGGodVdX5vkpBw6shbOV95DQ73UFQ=w1200-h800"", ""https://lh3.googleusercontent.com/p/AF1QipPxtkxlD77JVl87txJqMq0n7xC2JkJ2fxY6m0ee=w1200-h800"", ""https://lh3.googleusercontent.com/a-/ALV-UjUokvCQfMhidzXaCAQkN6OPeQHugmVVHw5t72zHH3zUpbi1l-UD=w1200-h800"", ""https://lh3.googleusercontent.com/a-/ALV-UjU8oairQf2uW7zLhEOF7EdDuIzLkIlNrDla3EmTH6PA_C5-XANk=w1200-h800"", ""https://lh3.googleusercontent.com/a-/ALV-UjUDWU6axZFMEm_GGWI3ZETb3z1QdIMaNFC0qBj8Nq0ObNpQJdN1=w1200-h800""]",https://www.google.com/maps/place/Agleouras/data=!4m7!3m6!1s0x13579282ab205589:0xe30aad3adb4c7840!8m2!3d40.5167482!4d22.2025085!16s%2Fg%2F11g8w13yxc!19sChIJiVUgq4KSVxMRQHhM2zqtCuM?authuser=0&hl=en&rclk=1,2025-09-06T12:03:46.436937,Saturday: 12 pm–12 am; Sunday: 12 pm–12 am; Monday: 12 pm–12 am; Tuesday: 12 pm–12 am; Wednesday: 12 pm–12 am; Thursday: 12 pm–12 am; Friday: 12 pm–12 am,,,,,,,
Ksereis Pou,Ξέρεις Που,Restaurant,4.7,343,"Pierion 70, Veria 591 32, Greece",Veria,+30 2331 023500,4ty.gr,,40.5160809,22.2060748,,"[""https://lh3.googleusercontent.com/gps-cs-s/AC9h4nrLTnmO_5uAgv9cROiV68Iqs0YIjY4PhZd2qeFyEeRes6KLrhfDSBPQsr0KIciSlU5fkmUXkKYf06S-BWvm7MmAt-l3nXvr95hpTb2E1R9lrKDUMQB4BLlLgilzQoou_2Sdrcg=w1200-h800"", ""https://lh3.googleusercontent.com/p/AF1QipMb8RORyaj3pPkOI45XDX-4zjLucFOsfvY-Ojrf=w1200-h800"", ""https://lh3.googleusercontent.com/gps-cs-s/AC9h4nrkZj7zSuUJ5pLjTDe2Zs8FOeZNznooNdEPgVmUfASVURjzXtWpRQA49hLjo910oRLxdac3mdpWx1LPKVkdKWWYWt1pqDdm5Dq1lsULhC6dOnGVsJ6PosgxqVWFzxbkSrQXnK1xCQ=w1200-h800"", ""https://lh3.googleusercontent.com/gps-cs-s/AC9h4nqVKdssq8omTgOO2NViNKxRWYatvg1PsRpXBC4nha6cQC0sJ4qtbIAprpJ_F_gBMzqJtaZSI4R24-AhEgIGUykNPU0WudDsj9Exi9NyMT2gHl654PK2UNQ-Bawnk0gfaN0tFAzK=w1200-h800"", ""https://lh3.googleusercontent.com/gps-cs-s/AC9h4np5Dznj6su54Zmi-tULOWzIpVR7WD1lHNP4qREQZ75gasxJxmhEmr7RgNtE_kg_M2NCzEJ4JIJASr8ohyLtp_UDfpMKWn7W7KsqjAtWjULTmhwO5hxxyDVfo9IF0WIBI6KvANpUUkx3lys5=w1200-h800"", ""https://lh3.googleusercontent.com/gps-cs-s/AC9h4nomIsHhyOfKFO8k5_nCxbmoQjvKJ0Q1lf5FPgY1u3B7vqmhaXtep4E0Zf8kyDq6HQ9IBtdzbn2R774A52_AboafTzp4swa3pN-pgOmp5hGB04s2Sp8GMY434XbKoGjTl5aPvmQX_oHtxbdH=w1200-h800"", ""https://lh3.googleusercontent.com/gps-cs-s/AC9h4nqx05fLA3fGxj1-NoHwD1x8vn0Z0nkd11Jl_cL1geB4IOCeHKW3MArg5DZPFXVN1vlWH7zgzoB4ETX0m1m_1HIffcHdlPJnmRcN3dV1ZPujHepkeqY9Xsp0KomOPHbzkLuMjRfy=w1200-h800"", ""https://lh3.googleusercontent.com/gps-cs-s/AC9h4np8Xuy2eQeMZTKA2EH0Bsk5mwyu6z_B7ovgo8IfShGd0BOUHXw8leqMIQH1mu7jEgZljuhyoDgLlVRLnrDi3G-Q2hWVEv6PxOe-KSLv4uf55o8-O1ncb3YwxnFLBBHaC8hwD63k=w1200-h800"", ""https://lh3.googleusercontent.com/p/AF1QipMUNroMJbBlNnVLt3geyfEV7fQttoxWD_x0RfeT=w1200-h800"", ""https://lh3.googleusercontent.com/a-/ALV-UjWQ6kmpL9Wps81HVbs9ahDeuSeLb-u7xBzHEhpQx5yMq9nRwVZ-=w1200-h800""]",https://www.google.com/maps/place/Ksereis+Pou/data=!4m7!3m6!1s0x1357929d869fb099:0x7f2759c454848620!8m2!3d40.5160809!4d22.2060748!16s%2Fg%2F11g8wf01nq!19sChIJmbCfhp2SVxMRIIaEVMRZJ38?authuser=0&hl=en&rclk=1,2025-09-06T12:04:03.071732,Saturday: 12 pm–12 am; Sunday: 12 am–7 pm; Monday: Closed; Tuesday: 12 pm–12 am; Wednesday: 12 pm–12 am; Thursday: 12 pm–12 am; Friday: 12 pm–12 am,,,https://facebook.com/hlektronikosodigos4ty,,https://youtube.com/user/4tygr,https://twitter.com/4tygr,
To tavernaki tis kerasias,Add missing information,Grill,4.7,120,"Tsaldari 31, Veria 591 32, Greece",Veria,+30 2331 020666,,,40.5238894,22.2034516,,"[""https://lh3.googleusercontent.com/p/AF1QipMS58lGMRAh1p2CLC1pyMeMxePiG5q5m1ZHKgu3=w1200-h800"", ""https://lh3.googleusercontent.com/gps-cs-s/AC9h4nqM57NhqQlgggyTfkNUjFxjOhwy_Hfr2Mf89F2eWo_cJMnfL_afo4hs2JW8g05mQtmTqpsJ_CNces0A6ixekSjBcZ3CSqO6jUtsUwX256Rk-TfGcK0q0O-5YrruaxdGeLefJwgOVc5XILU=w1200-h800"", ""https://lh3.googleusercontent.com/p/AF1QipM8nk_oOvVGPTgfKRv_b23wX2iICFMBO50ANvO6=w1200-h800"", ""https://lh3.googleusercontent.com/p/AF1QipOhZ83NuAoHupIw4DdZHnjyPhFRxaZ9FEU3lkWl=w1200-h800"", ""https://lh3.googleusercontent.com/a-/ALV-UjUL2O7mti45uDLuaBJdzO8V08cWKc0jGvRUnOGqaX5hfV4CEROb=w1200-h800"", ""https://lh3.googleusercontent.com/a/ACg8ocILP44x69y_0V7t40zsqchbw7olWBlr5q78pJC5p76T9fk8tA=w1200-h800"", ""https://lh3.googleusercontent.com/a/ACg8ocIguWIeV6_cnhTZUrE1YUqW1AEccZLkZ0f0NAb-dTNAT4P6ZQ=w1200-h800"", ""https://lh3.googleusercontent.com/gps-cs-s/AC9h4nrvgcFLjxo1cy-A-Ah0ZXf6CZebqtNgEEqV1Lhc1rqXgp4XvgZLFlALCk2fe2LYo67imSBTmpNchO-t9n5iFC9dEyrVLAm9BXKZIL4Ksz5fli8DWwXqwzVBxngJwWQFpCGVrx8=w1200-h800"", ""https://lh3.googleusercontent.com/gps-cs-s/AC9h4nqz7Uv5ZpBrE2tvGB9XWwTMuuHw4TadM45VKiEP8ri39qtDp7TCVXwnuU6HV8z2fQ0shfRaukeYhVkup08JkHwMYPCZd449NSilvJ3q0qZf-HWDmDkAWVcgUfq5rsZEAHu7ZfXh=w1200-h800"", ""https://lh3.googleusercontent.com/proxy/3N4s-itsm3NMyTmi64kZHazNriPuqq8pyClKjjV-Sl8tJBd8Eg2pnPjexEpSqmuNStrLqmiDtFhf3LOYObMD69YHUQnEjBCR53GMNz_rJcuZi1EiSGJ8MRT2zbkp4vLNC8jMV-j15WkqSHFeRjSD2LX9GLgmMA=w1200-h800""]",https://www.google.com/maps/place/To+tavernaki+tis+kerasias/data=!4m7!3m6!1s0x135793cb1ed00fa7:0x5370f72a05ba6ae8!8m2!3d40.5238894!4d22.2034516!16s%2Fg%2F11vyxpmkrz!19sChIJpw_QHsuTVxMR6Gq6BSr3cFM?authuser=0&hl=en&rclk=1,2025-09-06T12:04:19.871634,Saturday: 12 pm–12 am; Sunday: 12 pm–12 am; Monday: Closed; Tuesday: 12 pm–12 am; Wednesday: 12 pm–12 am; Thursday: 12 pm–12 am; Friday: 12 pm–12 am,,,,,,,
Remvi Veria Steak House,Menu and highlights,Restaurant,4.7,271,"3o chlm, Veria 591 32, Greece",Veria,+30 697 184 5595,remviveria.gr,,40.4996039,22.2273701,,"[""https://lh3.googleusercontent.com/p/AF1QipNxDqQXBTaWrVFPTcqHAaIR8WEMQ7Ei9Av6cgRS=w1200-h800"", ""https://lh3.googleusercontent.com/gps-cs-s/AC9h4nq0dgQFE4wO2tAOz4YfAi4JJtPd6n2hLa4II5gdM76mSNmE2vNa9Sxdlc5HM9biI7x9mAgPlAULoL-R8k7lbp8fWvhd1XaETJ9Aq8ml42ZEhBJt3_QJMeHqZXFFRppTrxTKxW39=w1200-h800"", ""https://lh3.googleusercontent.com/p/AF1QipMyMzeETb1oOOWTb27eFhNCWLCiZAp6fhI9UCTk=w1200-h800"", ""https://lh3.googleusercontent.com/p/AF1QipPKIpK164B9akTxPSOZkLYxT3eRYofQwwqLiGX7=w1200-h800"", ""https://lh3.googleusercontent.com/p/AF1QipNnuNCVdL99UCxcDxJTCan3rqTw-CCTjWljzVkT=w1200-h800"", ""https://lh3.googleusercontent.com/p/AF1QipPlVxkAQC8unwInaQiAZ_qlYFrbPMdYO8sTMW_K=w1200-h800"", ""https://lh3.googleusercontent.com/p/AF1QipM8Kky6A-pjUFyrihL1f3sUbfor3L9uIT7sl9eM=w1200-h800"", ""https://lh3.googleusercontent.com/p/AF1QipPTO7pw0uMVc-m84jIWTmIIuB--aSz-xnqZ6cEK=w1200-h800"", ""https://lh3.googleusercontent.com/p/AF1QipOD-0lf17qtTwUJvL0vqoTsiyI7_0OesqbQ8Vce=w1200-h800"", ""https://lh3.googleusercontent.com/a-/ALV-UjX_ugUIIG-FzKR1VyPxof2x4qKTXZsZdmX9k-sjr7KBF6756No=w1200-h800""]",https://www.google.com/maps/place/Remvi+Veria+Steak+House/data=!4m7!3m6!1s0x13578d7e424dd5b9:0x94c20d5c4eea1ad1!8m2!3d40.4996039!4d22.2273701!16s%2Fg%2F11y30ztp1d!19sChIJudVNQn6NVxMR0RrqTlwNwpQ?authuser=0&hl=en&rclk=1,2025-09-06T12:04:39.434358,Saturday: 12:30 pm–12 am; Sunday: 12:30–7 pm; Monday: Closed; Tuesday: Closed; Wednesday: Closed; Thursday: Closed; Friday: 12:30 pm–12 am,,,,,,,
O Kostas,Popular times,Chophouse restaurant,4.9,23,"Iras 9, Veria 591 32, Greece",Veria,+30 2331 060470,,,40.5266917,22.2052497,,"[""https://lh3.googleusercontent.com/gps-cs-s/AC9h4nq4fyO20yOz2PoY3lphAtRGf0cyGv3z3kIJMa5BEEvbM5wG468eo6U1F5heL_K-_vKh9Je-9Ugsn3Skm-ChO9zYqZ-w2EiDtSZV8g5HJ688B3suhR7VWC5AzJmZtDugVhFCwec=w1200-h800"", ""https://lh3.googleusercontent.com/gps-cs-s/AC9h4npVsGY5v70vXlFra95MNKC12o24MM5A3WkTewb7KXZBnoxO02UCOykjGKODHkwuMLIg3vD5pVV4lMJ6zPonQYTy5topOfzgvdZakEjHTiOMkmYaRGjYE_JDGQKfMxgPdeU6GsiqsA=w1200-h800"", ""https://lh3.googleusercontent.com/a-/ALV-UjUoNGr_6Mj0A1PaexPtY4RvylRlEOCGjcrelltKxJtJ_-O0kngJ=w1200-h800"", ""https://lh3.googleusercontent.com/a-/ALV-UjV2hk0bl5Nbqh6jBtWKMOV4HAHZrxtJS45O4r95fqblbTOvPmKWRw=w1200-h800"", ""https://lh3.googleusercontent.com/a-/ALV-UjUJlcuJ7n3WVc4OXaIdHNrdEDEGh8JmVEe_hpDkbK7Hr1RjuNt2LA=w1200-h800"", ""https://lh3.googleusercontent.com/p/AF1QipNp9E-H2MRijcNvTUXHjhwQEgAwG6uqCm_frPeZ=w1200-h800"", ""https://lh3.googleusercontent.com/gps-cs-s/AC9h4nq357_rmr1HsJSxbTJGzefLuDrCg5FnjRNGV9Q3TU_Sd8VAnIMwsVKx90zAl0AIj-E42MD29w-DIMdifEE2YHZ5_l3UEh0J1UZjpspFk0z92ORXl_3jb1GfK9gTtYfihrEboghmhg=w1200-h800"", ""https://lh3.googleusercontent.com/gps-cs-s/AC9h4nq_1NSUZbC0ZxIy1ubHY71EWnmdldlreZZ0uLfUiIoWB4hocbxxUAYZCkVNMFkiaWQbPXwDqXVMz9dWYdnOrZem0Lg9zfwc9xHOAEc2G8gSvtt_GOxSnsS1fPrOsld8DbltN3P6=w1200-h800"", ""https://lh3.googleusercontent.com/gps-cs-s/AC9h4noCgW01xozOgJ3Z8eYVFadRg0HwEXcD0aLhbYsKlTlc1W1fCshifBecoK3SiFU178hfcSjTQk2Xkecx4EFJMwUyAts8O8Tv_HrsyXjGoE90L3nr04yV3ivyrmywPHswO-SyPY9d=w1200-h800"", ""https://lh3.googleusercontent.com/gps-cs-s/AC9h4nrlts9Koo3n6pQvYA3WsxLUaq_Ktyxyc8xSRidYMMqs7Ee6ZqoAVgVtlx_H7pXYmZsWxzZ-3o5nu85OnibZ-0KnIWUtwhGXUdehMiNshIAXxNlKXPjEL0rxT1BA05Q-0zyt2BQ=w1200-h800""]",https://www.google.com/maps/place/%CE%9F+%CE%9A%CF%8E%CF%83%CF%84%CE%B1%CF%82/data=!4m7!3m6!1s0x13579361c2d0d201:0xaa72cd6bb2e6c45e!8m2!3d40.5266917!4d22.2052497!16s%2Fg%2F11q_02_d1k!19sChIJAdLQwmGTVxMRXsTmsmvNcqo?authuser=0&hl=en&rclk=1,2025-09-06T12:04:56.265021,Saturday: 9 am–11 pm; Sunday: Closed; Monday: 9 am–11 pm; Tuesday: 9 am–11 pm; Wednesday: 9 am–11 pm; Thursday: 9 am–11 pm; Friday: 9 am–11 pm,,,,,,,
San Allote,Add missing information,Restaurant,4.9,68,"Mitropoleos 22, Veria 591 32, Greece",Veria,+30 2331 023555,,,40.5212518,22.2022242,,"[""https://lh3.googleusercontent.com/gps-cs-s/AC9h4nqSaNcbNyJOoCL7qAvgC6D6jRo4xpOaQveA_mKw0mNVXVL9Wj1O3mH3i4SBcc6lPzlWrlLuVziNceiHUvbyggfHFTWNSqEL0BlRGWEir99r0r7zWz7fR6UHma7nW-uUPcUEKfNo=w1200-h800"", ""https://lh3.googleusercontent.com/p/AF1QipO6k8rrB2gBVvxV9AiXH6xU5-j8XZRDowWPYpJn=w1200-h800"", ""https://lh3.googleusercontent.com/gps-cs-s/AC9h4npKmag7I1mkeNiP5vdcxnDsSiyvcyXNC-zdy3T_wEWSqcmqy_JAGQekrHGC36fEMCA09-MMwdcndcoYU7qQfAFLkbXaGLDJJVC-hBGm-RdYhyRV5nRAtOJxOMnTm4FC0tfpqBh2=w1200-h800"", ""https://lh3.googleusercontent.com/gps-cs-s/AC9h4npRqYuC-L0UIfXtM3kyWx72O09KOoRV1338nGrMRueR32CZR-yoH2aFwf79P0WCyCiiDRQeFbJwcg_khrvX6qENxI3J7wvw1bO729BBQ5XzQFWzFbA9MO-oa3RsIhAkiwtVMX-F=w1200-h800"", ""https://lh3.googleusercontent.com/p/AF1QipOk_qYgXtbrLpnhy-RFsS-SMPkoPUxCk0eqXQeT=w1200-h800"", ""https://lh3.googleusercontent.com/gps-cs-s/AC9h4npZYQMazl73MhVC1TvJEND-7e7diyu8UrglOjSmcUB_3OAd_6NHLpwGVNQhIn_NBMlff5NZIxHWsdSfv5X21I_-uwJuXR0skLoEHRccVcolnLfRmZfuJahiYJm3jnTf17UVTQF9=w1200-h800"", ""https://lh3.googleusercontent.com/p/AF1QipND3iyBjG6vPiu89iTj4_VLUnuUq_gdUvrQYBXT=w1200-h800"", ""https://lh3.googleusercontent.com/a/ACg8ocJ42ZzbjjiVZUsMqOF6tZilqP8_Z3OmapdTYYtSn3A3Ik4y4w=w1200-h800"", ""https://lh3.googleusercontent.com/a-/ALV-UjUyiY46dl1jgqizdZvE15FobjmsA4XTDcErc7QXvX6cVz-TX3P7=w1200-h800"", ""https://lh3.googleusercontent.com/a-/ALV-UjWsXdiN6RkZ2wlFHrMCl0HHHi9d76sHnFI0dxcVFP0v2wB8VkbpPA=w1200-h800""]",https://www.google.com/maps/place/%CE%A3%CE%B1%CE%BD+%CE%86%CE%BB%CE%BB%CE%BF%CF%84%CE%B5/data=!4m7!3m6!1s0x135793bdd57cb27d:0x9e198025595ac896!8m2!3d40.5212518!4d22.2022242!16s%2Fg%2F11f5v079kq!19sChIJfbJ81b2TVxMRlshaWSWAGZ4?authuser=0&hl=en&rclk=1,2025-09-06T12:05:10.427064,Saturday: 8:30 am–11 pm; Sunday: Closed; Monday: 8:30 am–5 pm; Tuesday: 8:30 am–5 pm; Wednesday: 8:30 am–5 pm; Thursday: 8:30 am–10 pm; Friday: 8:30 am–10 pm,,,,,,,
MPREZE Sygchrono Mageireio,Add missing information,Restaurant,5.0,21,"Iras 6, Veria 591 32, Greece",Veria,+30 2331 401788,,,40.5265625,22.2046414,,"[""https://lh3.googleusercontent.com/gps-cs-s/AC9h4nqXHG7jIRGVMjJKnaRjHm8R6-JhKFIh3dK8DwDKyoEIcDyVMdeD3b8LTexMKkzvz7PC0wloSPfVkds0051khs4s0V1gjQbdOE6FpZxFiGXu1oWhjLehvVaXC6s2nCTDYYWK1UiJ1Q=w1200-h800"", ""https://lh3.googleusercontent.com/gps-cs-s/AC9h4nrdEU2bymKe2Hwck6MUwCku5N8jrwBio3RkPHD6ql9-QG46MQu05QzvfA-0LmbiCpwyelpyUa9GrsIPkkG8RB7mrYkT8bqb6oSsIwGXAb19K10sbKzJy-V_Ynk4VbosrCZ0f_g=w1200-h800"", ""https://lh3.googleusercontent.com/gps-cs-s/AC9h4noeCk1uIe2CrNxbc7tv7DM27Ra0R3-HzKneKmhFkrOgl26ZKc06uSIDQOHmEd-qkvDfQxepCX5Gy9x1gZeBHDjq3FDXUETBChIjSuENYv0c8BTwXVtTxEK21wmN-AWnHkI13a36=w1200-h800"", ""https://lh3.googleusercontent.com/gps-cs-s/AC9h4noe8jpItD2FAhB1kU0gmX48-idolcc0pfPwo4X1ygpsQt-ypzyImAKQC6PNTI_AXuV6exfAYl66fF_Qq3RDkyu2wzTA_CLd3MiSQTv1SUauMpyvZw067iAbbRCSdvqyUyZyzWBD=w1200-h800"", ""https://lh3.googleusercontent.com/gps-cs-s/AC9h4noJrrR3-ikv7VhMbHTDRl-wXpIRWXRnjqdDLQ4ZPfVwKsF_bNMetyqHSOhVzRVtiqstUMiForOMkSxOs-O0JNE4SSK0QGntJdPzphvyYSqPtpRaaBjg7RJ9SnR2a_jIUNKrqq7E=w1200-h800"", ""https://lh3.googleusercontent.com/a-/ALV-UjWENrWb2O_wKD5prRgbtTmpTfaWC-K1St0B-4taGe1i3CK-K0Q9rw=w1200-h800"", ""https://lh3.googleusercontent.com/a/ACg8ocIU7RyVemQqa6gxQ1QhDaxnaqXrGTiKj5HBTEb0E6dNjQ3aoA=w1200-h800"", ""https://lh3.googleusercontent.com/a/ACg8ocJ-qzVcpbcLTBDY-uDxMWSzDtHXoBA4GjRtaIETKOk60MN6ZqRH=w1200-h800"", ""https://lh3.googleusercontent.com/gps-cs-s/AC9h4nqBopk0egUdEsQpVX3tpyRU_nSL8szwdo6iYHNkdT3jt2MF3t9IPSJ_33K6FxmVxFozTbgNRXcprr17QeEhm92JSGuJDAWsB1pFaZV7jmTxpPzZrUXwNvPdxlb09dklX1AejA=w1200-h800"", ""https://lh3.googleusercontent.com/p/AF1QipOFpfJPYdi9vTodDaXbjU7RA9bsPL8D3JhO_Fhv=w1200-h800""]",https://www.google.com/maps/place/%CE%9C%CE%A0%CE%A1%CE%95%CE%96%CE%95+%CE%A3%CF%8D%CE%B3%CF%87%CF%81%CE%BF%CE%BD%CE%BF+%CE%9C%CE%B1%CE%B3%CE%B5%CE%B9%CF%81%CE%B5%CE%AF%CE%BF/data=!4m7!3m6!1s0x135793fff51e3d8d:0x4b301d6261a67d65!8m2!3d40.5265625!4d22.2046414!16s%2Fg%2F11l338hr1n!19sChIJjT0e9f-TVxMRZX2mYWIdMEs?authuser=0&hl=en&rclk=1,2025-09-06T12:05:28.659632,Saturday: 6 am–5 pm; Sunday: 6 am–5 pm; Monday: 6 am–5 pm; Tuesday: 6 am–5 pm; Wednesday: 6 am–5 pm; Thursday: 6 am–5 pm; Friday: 6 am–5 pm,,,,,,,
O Stathmos tis Peinas,Add missing information,Fast food restaurant,4.8,20,"Veroias-Thessalonikis 3o chlm, Sidirodromikos Stathmos VEROIAS, Veria 591 32, Greece",Veria,+30 698 660 9646,,,40.5375806,22.2163159,,"[""https://lh3.googleusercontent.com/gps-cs-s/AC9h4noQF9cyL_2My6EyxJBx06aDcu4SkWprkTd6lqlsDK8ihEExpHyKPkOC2-m8WwN1pOg676YgrLIKiSz8Cw7aU9CDsQck_HDqiYnwwQ1et7G9N9b09LC0Z__05ZJYNIIs04aj4bNP=w1200-h800"", ""https://lh3.googleusercontent.com/p/AF1QipM-VUpaU2ABgOrbHA4RPTzoZpBwnCvVpwmP4MKm=w1200-h800"", ""https://lh3.googleusercontent.com/p/AF1QipMTFZYHDze3O4rdjbf9qRsLNy5yOVBgeTcZEVWb=w1200-h800"", ""https://lh3.googleusercontent.com/p/AF1QipNhm4jirny5borARZ5Tox8Wj1XF6aEkY1qafMIJ=w1200-h800"", ""https://lh3.googleusercontent.com/p/AF1QipMIcmwv18mpi6iV7EwulCIvm12-0omLHXKJAi0V=w1200-h800"", ""https://lh3.googleusercontent.com/p/AF1QipO92-gfRiKaDN0SPQXXWeAk9uueYQMMwaRciOpf=w1200-h800"", ""https://lh3.googleusercontent.com/p/AF1QipOV_gcLKKvQMCJvY3mgRtLOE9L8cqjF9oX7l3eX=w1200-h800"", ""https://lh3.googleusercontent.com/a/ACg8ocLi_4_kCnqLYWSrSspo3qB7Tk8ji-HGuzqujj42M4BZ8tSvHQ=w1200-h800"", ""https://lh3.googleusercontent.com/a-/ALV-UjWO7x08y2edIZvOqXl7fWRkD-oDnDLkkEwRXlZtq__tZvCCsFI=w1200-h800"", ""https://lh3.googleusercontent.com/a-/ALV-UjWhR4g90ccp-kuyjxkqKdof-22ihmdBKng0MEgdPDd-A-GU3saP=w1200-h800""]",https://www.google.com/maps/place/%CE%9F+%CE%A3%CF%84%CE%B1%CE%B8%CE%BC%CF%8C%CF%82+%CF%84%CE%B7%CF%82+%CE%A0%CE%B5%CE%AF%CE%BD%CE%B1%CF%82/data=!4m7!3m6!1s0x135793f298197d15:0xd67aa1625a312fa6!8m2!3d40.5375806!4d22.2163159!16s%2Fg%2F11spwys_hp!19sChIJFX0ZmPKTVxMRpi8xWmKhetY?authuser=0&hl=en&rclk=1,2025-09-06T12:05:47.848756,Saturday: 10 am–5 pm; Sunday: Closed; Monday: 10 am–5 pm; Tuesday: 10 am–5 pm; Wednesday: 10 am–5 pm; Thursday: 10 am–5 pm; Friday: 10 am–5 pm,,,,,,,
The PLATANOS,Ο Πλάτανος,Small plates restaurant,4.5,315,"Kentrikis 39, Veria 591 32, Greece",Veria,+30 2331 028668,,,40.5226375,22.2017917,,"[""https://lh3.googleusercontent.com/gps-cs-s/AC9h4npg5okZcc4xQ01aNTM0A4ccpgSfnrxhflmkaw1wWtI060JpTRTLm_YN5bmECft1i5mPik9JBRx05JF6-3fgqYS8fq5JENe_gmHEW722yVVnWPKWQR8HZ_njnPomUbCWlTo0xjbw=w1200-h800"", ""https://lh3.googleusercontent.com/gps-cs-s/AC9h4npI7GM_-tt-Bvk5qe_D-qQFxxXOYUim8-s2r_jBggiFRg3sn8pNiNQbmq29n-5rIlQy6uuZqDSSnBjjQWzChRa9RPPW5gi6RuGJ7wfMDrBgizco-qG1voa1Jp6jZkSKVGS1FtByDbas-9A=w1200-h800"", ""https://lh3.googleusercontent.com/gps-cs-s/AC9h4nqTdfT5WJ0v7TTtnGYRKoX0ceF63IN3exxxU8gYYCQvC0EymU1b35Fu0pn-4mVGpjK9P7M7RKZ8IxHAl8f_Gx4q0_jLlOQfvDZW_2Hcju6UVYLYolE9iwfLoGYiGPSiK8emXFU=w1200-h800"", ""https://lh3.googleusercontent.com/gps-cs-s/AC9h4nrFM0TBOTMVePnT-hzfic7jVOPdeRDKRaMdc-vIcfDmqLMbvxHo2C2OEXEsbkGIXnl_HJC-muxO5YkIOueOIDAvQb-JM9mb03FWLNUrVSLwASr1qibaCQryBXwI0HcXRlxCKq4Ttw=w1200-h800"", ""https://lh3.googleusercontent.com/p/AF1QipNTHC13YsANzen5kEIhWT5ZbIENlZqO7R1_8OS1=w1200-h800"", ""https://lh3.googleusercontent.com/gps-cs-s/AC9h4nrDwPXhhuBAN-x4Z651ZF9jPg6LRXQnAHyh2fnIv77BjpEpeT4RHjRX-RKVhIpyLXjo4G_TT57Uc3ObItmXGrGQ0sbgkww7ntB9A2jnvKtHCkDbwEUwIYMdf-Sc3myWknvd84NK=w1200-h800"", ""https://lh3.googleusercontent.com/p/AF1QipNmAJYhbbDC3wEeQXHNENPzjv9kHivhFxQfrfpl=w1200-h800"", ""https://lh3.googleusercontent.com/a-/ALV-UjUjmrv-lTBRy0HZ18YOhsyICf-Y7whMAhLridRACc0ssGKDLJvb=w1200-h800"", ""https://lh3.googleusercontent.com/a/ACg8ocIW4PUMUWC_Lggw3HEaPIrgUJhCnN71s8ooVZkdohDVVdRZ7A=w1200-h800"", ""https://lh3.googleusercontent.com/a-/ALV-UjU62FbVoQtBX4-qFvttt3RTnjGWTSIaXrLzDZ2ij0Xyu32d7Anf=w1200-h800""]",https://www.google.com/maps/place/The+PLATANOS/data=!4m7!3m6!1s0x13579284b815746d:0x203abb29b920b9c3!8m2!3d40.5226375!4d22.2017917!16s%2Fg%2F11g81f1k0l!19sChIJbXQVuISSVxMRw7kguSm7OiA?authuser=0&hl=en&rclk=1,2025-09-06T12:06:04.292693,Saturday: 10 am–12 am; Sunday: 10 am–12 am; Monday: Closed; Tuesday: 10 am–12 am; Wednesday: 10 am–12 am; Thursday: 10 am–12 am; Friday: 10 am–12 am,,,,,,,
Kantina Volkos,Menu highlights,Grill,4.8,76,"Ifestou 22, Veria 591 00, Greece",Veria,+30 697 834 7120,,,40.5146812,22.2126064,"[""https://www.facebook.com/kantinavwlkos/""]","[""https://lh3.googleusercontent.com/gps-cs-s/AC9h4nrqvgmMQYmPqNThW69sUt3y0LRVV7QOUuJaJhSzmk2jjlD82sMNla6E9sWplKv8uuwwcBoJX6C8Q7LjQnNdfoxEKRBZYYUWOL_w9YyQucQgB5qu8QNp03VoUF2NZyyoaVHqfPM-=w1200-h800"", ""https://lh3.googleusercontent.com/gps-cs-s/AC9h4nq_m_d8R-KCifJAzkzfJvNBm4NbgOg5nUFpMj5SUTozxa-wo_sUjFDw8gXie4cAh9DdNZnrR_cygSFwSuDfWfHrM487X05ywXHqDpe4pPTblhZ8gZsymtqFMY8WZbx0tRLGkq7ltQ=w1200-h800"", ""https://lh3.googleusercontent.com/gps-cs-s/AC9h4no_vdw3vzaEZWhall4Y-fb9MfzRCYgjxqbbdCE_Ll8Go3J1XEJEVIyB-S7qbn0VKO3n5r7awBez6JLq_d3gyyFBjcFHSoSixZPgr0f6amsQafEHpAl1ERpGf0oQ_Y2FXzXAxl48=w1200-h800"", ""https://lh3.googleusercontent.com/gps-cs-s/AC9h4nqCy3m0dx1SseLJaAsl1Y3q-FngvmhWf-bUBJ25fmzxyluEkfbJBq0JqEggg55_OZeZDnyHTSxSvZQAbMar0C407Hh0a1Jt3CKuZ4OCEnFaLTDwpwST3CdIZYn2EjFsPV8uy0qs=w1200-h800"", ""https://lh3.googleusercontent.com/gps-cs-s/AC9h4nqqzlOyLmBnOcS4ENBkIkGDE60NkLydPaxzYmB21FsT74bVFNXpXcCtP8qW73RWXkheRgA5mFvOkTp5MWPMsEXxbFyU-TTy0W-a_lLMkVGDHYhIimbQqZnw0xwP0RyLNWQBwhkJ=w1200-h800"", ""https://lh3.googleusercontent.com/gps-cs-s/AC9h4nq_JYmk_u5cbTYaFlWHpUE53ScxEiA3P-uZCEbiJQV5SZzqIw6ucQws27bFDbnCOQP5snuH-oOOqfsHT0gcyp1mpJK1gmSw8pA-sh3PDLXS3FMBhr7nwVLozduBhJgZPnj70gjCMw=w1200-h800"", ""https://lh3.googleusercontent.com/p/AF1QipOrx5O7flgdqO6E5UnXmjSzOqCYzyZwFtmjm-dp=w1200-h800"", ""https://lh3.googleusercontent.com/a-/ALV-UjUrJOyab3na0HfGFyrl1cdVPmM8JubamXgZfyPwXHCSU_9zDitqXQ=w1200-h800"", ""https://lh3.googleusercontent.com/a-/ALV-UjU5OM659ds6p8DiJVuAxITcXITTktADvx8vfFiSGiRBFYz-0PE=w1200-h800"", ""https://lh3.googleusercontent.com/a-/ALV-UjUYh2R1xbN-UMRHwBXtI_HDIVweitbe1jx72KJFN2JReHoO5Yfh=w1200-h800""]",https://www.google.com/maps/place/%CE%9A%CE%B1%CE%BD%CF%84%CE%AF%CE%BD%CE%B1+%CE%92%CF%89%CE%BB%CE%BA%CE%BF%CF%82/data=!4m7!3m6!1s0x13578dbd74a43f3f:0xbdfb913fb8c0ae89!8m2!3d40.5146812!4d22.2126064!16s%2Fg%2F11fmpyw2y_!19sChIJPz-kdL2NVxMRia7AuD-R-70?authuser=0&hl=en&rclk=1,2025-09-06T12:06:23.363737,Saturday: Closed; Sunday: Closed; Monday: 9 am–5 pm; Tuesday: 9 am–5 pm; Wednesday: 9 am–5 pm; Thursday: 9 am–5 pm; Friday: 9 am–5 pm,,,https://www.facebook.com/kantinavwlkos/,,,,
Nterlikatessen,Add missing information,Chophouse restaurant,4.8,68,"Tsaldari 33, Veria 591 32, Greece",Veria,+30 2331 062920,,,40.5238403,22.2033512,,"[""https://lh3.googleusercontent.com/gps-cs-s/AC9h4nrvgcFLjxo1cy-A-Ah0ZXf6CZebqtNgEEqV1Lhc1rqXgp4XvgZLFlALCk2fe2LYo67imSBTmpNchO-t9n5iFC9dEyrVLAm9BXKZIL4Ksz5fli8DWwXqwzVBxngJwWQFpCGVrx8=w1200-h800"", ""https://lh3.googleusercontent.com/gps-cs-s/AC9h4nq3GFeYFu65JjjPttiG0nssQrVKd_dfDZR32NFnBf-P2ET_dF--IjGfxjoFb-HNnquwuIosXXvXmvLFxzEUseCRGB9vdnrUZ0jUbkyzsJkVLnB_ElN1wLmdWr54o4uDvqVV4RsU=w1200-h800"", ""https://lh3.googleusercontent.com/gps-cs-s/AC9h4noVSpvQPrx0QHigsNxQDxm26KAZ3ZcaF69OAuIzfJwpcwNLoAv75WLRjX0NJ1VZoztjXZj4QRSwh_8xEQbMB7t-QkuojzeyZduROqGGxvpZ_TO6H511qCzQSt5rbGI9nU9gPiQg=w1200-h800"", ""https://lh3.googleusercontent.com/gps-cs-s/AC9h4nrkI4GzgjUyG4NchYTGUWczxf7uCgZ2u9yaOoTLUntBXrrIe6QeCLBqe2AxfUHwALy-swSoD4jQ5ACPdKJ_paX0O0uw4zc1SuJQwdxU3x4249IOUW1XJMiKuJocCQ1Xh0mKGlEg5g=w1200-h800"", ""https://lh3.googleusercontent.com/p/AF1QipNwV2Py2rBavCOIJEXkfZ7DXb-9X0W312lhzHf0=w1200-h800"", ""https://lh3.googleusercontent.com/p/AF1QipM4RPs7IkSOS4zHtgAxJ2E-ex__EF0hVHhrjgX7=w1200-h800"", ""https://lh3.googleusercontent.com/gps-cs-s/AC9h4nrHG7489KoQLHE8_FUrcRJTUZxAQ_IXK0gYNZ3lkFTpMCrduBl_fcVk6NzjigAL17No4zrQ439SdVm38jlLgrwz-UOLKo6ye9Sv1iSgJQTqRTF8hIxpnQhQLun7Dol7iA--YxPpkg=w1200-h800"", ""https://lh3.googleusercontent.com/p/AF1QipM5J5_nA5Z88sIPNj9lkxnrjaWrRpFtRidhePH0=w1200-h800"", ""https://lh3.googleusercontent.com/a-/ALV-UjXDmIkCGpQ_Ix1ClYJNvQDvUA2eaWK03KBbANZPhMu5rXi-WMAk=w1200-h800"", ""https://lh3.googleusercontent.com/a/ACg8ocK5sbYybtL2x0Fl6C_S0gsDmhoJe3oohHsBVxOm7pDaVaC7og=w1200-h800""]",https://www.google.com/maps/place/%CE%9D%CF%84%CE%B5%CF%81%CE%BB%CE%B9katessen/data=!4m7!3m6!1s0x135793e8344d779f:0x5d9ed9d4e658d20c!8m2!3d40.5238403!4d22.2033512!16s%2Fg%2F11pcw_kz69!19sChIJn3dNNOiTVxMRDNJY5tTZnl0?authuser=0&hl=en&rclk=1,2025-09-06T12:06:43.259282,Saturday: 12–11 pm; Sunday: 12 pm–5 am; Monday: Closed; Tuesday: 12–11 pm; Wednesday: 12–11 pm; Thursday: 12–11 pm; Friday: 12–11 pm,,,,,,,
Kimama,Add missing information,Fast food restaurant,4.8,187,"El. Venizelou 40, Veria 591 32, Greece",Veria,+30 2331 062200,,,40.5262992,22.2037946,,"[""https://lh3.googleusercontent.com/p/AF1QipMJaH5PzZ1-2GPEJFLV6O7wvllDL0qY9XtX215b=w1200-h800"", ""https://lh3.googleusercontent.com/gps-cs-s/AC9h4noPEZln1EaP5hXxnv7rDK__2uH098HeJSns3QpF1ZzkAz1Kca-Lv4f3m3LNXyEHlgfN7SAUdHwellO4psBj2-jkNzOlfzcF7fnN6J6OuXLhl0rrshban2xvbFnO5yJyvxL0-F0=w1200-h800"", ""https://lh3.googleusercontent.com/p/AF1QipNgMVFf4TxIpsWtH1KrlV-mCO3TI-OValzaOcCB=w1200-h800"", ""https://lh3.googleusercontent.com/gps-cs-s/AC9h4nqLOSURR5FKqMjbBtAPoh8oeZSH8qxUpS2xsM3yCecZ321JByVgrH-ZMK-n_XCc-kna1k_YJAZEvuE8sray-eg4Uy6yUSua4F2CoJMc8EeQ99QOPqVQ1b9zO53Db71q-NRvtErK=w1200-h800"", ""https://lh3.googleusercontent.com/p/AF1QipOIfKv1mVnC3iKTJwSKmSDQMNmEfa83kMAszpHI=w1200-h800"", ""https://lh3.googleusercontent.com/gps-cs-s/AC9h4np8BZp5BO6t5Q_7VoBm8n0OBVrJCwaakgOt3BJjaxL_SX42QcLbMRfpws7WvGSETfxHc-K631cLUaNXzJBZ73ObwycVjtV1DKZG_g8OMd5r15Js8ye25K2Ih9a6njOEIXPHBX1r=w1200-h800"", ""https://lh3.googleusercontent.com/gps-cs-s/AC9h4nruCQgxfrTxBoiFGu_ElMYKA1WiE-_OyWTm29CrzaiGy2YBLWdKdbscoTv4NzgFLbjpJ8WznnpD4zHgKsW28O9CJmz1IHX-wtmM5hFpk5komr0M6OzxWARCqvdms_oQA_z0X14Ayg=w1200-h800"", ""https://lh3.googleusercontent.com/p/AF1QipMIOwbJ4fujGF8-pKm0JawPwZqwXR9vvKNhdwvT=w1200-h800"", ""https://lh3.googleusercontent.com/p/AF1QipMVtSg_iee_mN_IZ7cnvM_9SgaH1j62MyRTStl-=w1200-h800"", ""https://lh3.googleusercontent.com/a-/ALV-UjVAAUeE-b-Af2KlthsZUEFvk6K4RTqs9s-IHDyWPejGvmy2o-Wg=w1200-h800""]",https://www.google.com/maps/place/Kimama/data=!4m7!3m6!1s0x135793004509599f:0x90a3eb4a36122683!8m2!3d40.5262992!4d22.2037946!16s%2Fg%2F11lcgf8x54!19sChIJn1kJRQCTVxMRgyYSNkrro5A?authuser=0&hl=en&rclk=1,2025-09-06T12:06:58.059765,Saturday: 1–11:30 pm; Sunday: 1–11:30 pm; Monday: Closed; Tuesday: 1–11:30 pm; Wednesday: 1–11:30 pm; Thursday: 1–11:30 pm; Friday: 1–11:30 pm,,,,,,,
All time food,Popular times,Restaurant,4.1,421,"Elias 1, Veria 591 32, Greece",Veria,+30 2331 026444,,,40.5238698,22.2051837,"[""https://m.facebook.com/ALL-TIME-FOOD-365726480269675/""]","[""https://lh3.googleusercontent.com/p/AF1QipNrXFr22kfNj75ojA9mlV-8SW0oRGcNksbUojfi=w1200-h800"", ""https://lh3.googleusercontent.com/gps-cs-s/AC9h4nrbWcvkIsSIlnrthF_DZI5HT33GEqP_j8PCGsRYDApkIzxhBZ8Hv-C5NDhV08x1wy9V2m_NMwc6iPLMnWqYF6hv-p0Hyg2XRf5pK4_18cZcQbnPcjH_3GpHedml0gWZEcs5cWQ6rw=w1200-h800"", ""https://lh3.googleusercontent.com/gps-cs-s/AC9h4nquuCyLEOhfApnvU3y1vO8dg-uOyWbgH64PPF-PB_-_CJi_sSAUQvtYW5-Rlgn43ZdLUthDPEYkMsQ5Bb7ncQ3uWA8FVqR_9XytqEV3NzreNtgw8aVjkqyfwxfjP4c8EgXtU2xg=w1200-h800"", ""https://lh3.googleusercontent.com/gps-cs-s/AC9h4npbgZQ_Q7po2rU3Yw34bgfPmZFksxl19SgKssdnKKCeJCWvyAuNQ-u2eDaZq1jgt6jFyyRyXfpVxHDC5vhkfYXeOLPSxxk-kdLAT_7MvnuAu53OGz9CvKLSQJCZirj5gySlMgZh=w1200-h800"", ""https://lh3.googleusercontent.com/gps-cs-s/AC9h4noyctgm1WEhxUS3nUJ5R5zv5jKQh7wenktPHynNSzN3NcRJzyzVRQCRVPaDY2e5ihY_AMRMIwFWITTocibRwtTGijJlrnP9CpVMxb26hOZJkRHDBEpHpIZpvdEXp29g5wrQooqI=w1200-h800"", ""https://lh3.googleusercontent.com/gps-cs-s/AC9h4nr3EUethCLBf7W08R9okvZwq6iiFIaqjFoDwSt2CoLy66UU08aN_y6k7SywCa5IT6_zWY5DJGRk9jCkol5T20X_Q5aFqd1MUQhGozjdIP1kM6_HtCl4OuXqXAtGBG1peB5OKY43=w1200-h800"", ""https://lh3.googleusercontent.com/p/AF1QipM07Ko-0lNg8pIdadXwxW6Tgl26PfXwArt_j2io=w1200-h800"", ""https://lh3.googleusercontent.com/a-/ALV-UjXQmIoi0vMv13g5MGCQKgKM_bjkUPhWj98ov4r77lO7cdHms5ABow=w1200-h800"", ""https://lh3.googleusercontent.com/a-/ALV-UjXsrdcEjGN1OhAmTQC6gXrWinpMc9Ev-G_Hxzw8DL6OrnA93bL7=w1200-h800"", ""https://lh3.googleusercontent.com/a-/ALV-UjWHqvozGmuGlYBGlRT51YbG8RinZTggfn9E7E5ZjBNx2jVDnwQM=w1200-h800""]",https://www.google.com/maps/place/All+time+food/data=!4m7!3m6!1s0x1357929afbb5c0ad:0xbbd63362052739cc!8m2!3d40.5238698!4d22.2051837!16s%2Fg%2F11cl_hc8lr!19sChIJrcC1-5qSVxMRzDknBWIz1rs?authuser=0&hl=en&rclk=1,2025-09-06T12:07:13.684813,,,,https://m.facebook.com/ALL-TIME-FOOD-365726480269675/,,,,
Politeia Burger bar,Add missing information,Grill,4.7,32,"El. Venizelou 87, Veria 591 32, Greece",Veria,+30 2331 026642,,,40.5306136,22.1999889,,"[""https://lh3.googleusercontent.com/p/AF1QipMw5GwN7y4uLwFZJkM3-uZpvri_pbMuXp3RJfr4=w1200-h800"", ""https://lh3.googleusercontent.com/gps-cs-s/AC9h4nrIWMSg-k8_OHHYEF5FIuZ4EeINkcyjGBgJ1p_qBu3Nj_EsHcOFmjbfMwCxroRZVhjamrg36lHWuZyRzGetWNo4Q2wXscoWMMrpKpaRrWMKJMIVdV2Rgp2n8X_7MT7ZQEvQeB6K=w1200-h800"", ""https://lh3.googleusercontent.com/gps-cs-s/AC9h4npJBmq8ipyyclixuTlFJZ0kZLAjVzKYe3HNg8YQsU-HriyxRde_jy5uu5lIoEjRGLB9A3OlosxxI2GlV_FXp9driN3LGQZ1_J5fpvWVLLlaodhUZg9dysAX626F3r3IOLZ6YktQcg=w1200-h800"", ""https://lh3.googleusercontent.com/p/AF1QipOSSL74FXMkcfPneE2qN1LtOryixZfXN2VLGKBB=w1200-h800"", ""https://lh3.googleusercontent.com/gps-cs-s/AC9h4nr_hr5jUTSdBjPYKfn-f2-rm8c1MVcwa2illY8ZJvAVLd0v_kk9uqNeUfFsAPU8Sk3aImH9s0pBvyfaVal6Xwm6JjqU6uLKnzEttFYzkPTCdocs_KJDhsrkVJ0CdorWJQU-UskJ=w1200-h800"", ""https://lh3.googleusercontent.com/gps-cs-s/AC9h4nobYuf5ZEi8tA9p15rp0kda3KOIohBTde019yJI-m-qRIbDiYGiBjeqbnpI2QlZk48thbQJGyWmluEKPw-PYK6r6yDrJzJqXvOM6BEyVGquQNi6B--U34t1q1EUIX4bpgFapmRBHYGidYWI=w1200-h800"", ""https://lh3.googleusercontent.com/a-/ALV-UjUhynOVe5uEd3AE7urjJKj-Uy01DR3dHGQwNG09lOaeGdnIar4K=w1200-h800"", ""https://lh3.googleusercontent.com/a-/ALV-UjUv1_8VGzJLpauMCqTZAvROl7waiRU2jJnn0NDrn4hhWlosow4H=w1200-h800"", ""https://lh3.googleusercontent.com/a/ACg8ocKjnJjEulBGAaoZQp73ir8eW-UaaZOPCztUPMvjzO_1mkT18A=w1200-h800"", ""https://lh3.googleusercontent.com/gps-cs-s/AC9h4nrVQz8gJHBkBIsiAiyDdcz8igWpHInz_Y8AUZkD0eLd-QWX83bDn7avw7ivex3bW44jvVNWXKoMFHY4HrF4xi75_p7jg0HV6nAwj-QsV_pYioUdJJkpqnhAcySChuiP43RSq3BX=w1200-h800""]",https://www.google.com/maps/place/%CE%A0%CE%BF%CE%BB%CE%B9%CF%84%CE%B5%CE%AF%CE%B1+Burger+bar/data=!4m7!3m6!1s0x1357937d35df5745:0xd57c2aa9e340dd4d!8m2!3d40.5306136!4d22.1999889!16s%2Fg%2F11h2q16pnm!19sChIJRVffNX2TVxMRTd1A46kqfNU?authuser=0&hl=en&rclk=1,2025-09-06T12:07:25.869329,Saturday: 8 am–11:30 pm; Sunday: 8 am–11:30 pm; Monday: 6 am–11:30 pm; Tuesday: 6 am–2:30 pm; Wednesday: 6 am–11:30 pm; Thursday: 6 am–11:30 pm; Friday: 6 am–11:30 pm,,,,,,,
Taberna,ΤΑΒΕΡΝΑ,Restaurant,4.6,221,"Pierion 138, Veria 591 32, Greece",Veria,+30 2331 062842,,,40.5134604,22.2105615,,"[""https://lh3.googleusercontent.com/gps-cs-s/AC9h4nqRF3-AbGtv_XT1MsEn-ihncO4f2wijE_IKRHjANon2aR1wnbCzgZqqowW1S3lz4p0IC3-IfNU1ZHAYAwHVpAz4iSmVPt0nDH61uXP1F-8mEjpYAO_2OyaIdQgCOPhCgADJ_Xlbqg=w1200-h800"", ""https://lh3.googleusercontent.com/gps-cs-s/AC9h4nqPJlCV-L2HcOQyhNkWBSasS0MhxZsywX_ip2V-dp_N1og7VVmGgkOneeiTkL60gmBX0D7g0mEjWkL8xLu9U73LRdahbCpZ_A0jcL-bzLFDvTlnTHXqZsLjJh35aGxFRleB6cwn=w1200-h800"", ""https://lh3.googleusercontent.com/gps-cs-s/AC9h4nrgrkM_UGdcZ7Eqwgcl0NWtOkHMgB0ayJDCsRyOZnxI7aXQNsJFnlV3Q5zyFH45W5wTALTkmaPAnuc2uhqBP3V6CoP76hxzWvkjTE3MB0G-Xt2A724UZMIGWCXpbp7oB8kqT8L6=w1200-h800"", ""https://lh3.googleusercontent.com/gps-cs-s/AC9h4nrDda_2l3surTRsbQwrHgxWyaBrJhAitogs1-g600st--4fzyVnD6kgY7NPjQvuvMnUzH4uG6mIDuD6UqauhwCHOZDoBuBX7353y19b4ip-qCejHGPRx3miFF-bwl91wicCV22C=w1200-h800"", ""https://lh3.googleusercontent.com/gps-cs-s/AC9h4nqQwK8OdLPYVej780-1nI5igHttGdYzqaPX3xFIYTb9XMCEMeMEC_DWpFGp5MPsUyKowcosl6Yxx0fTETCNaos-D9skVJyVXsRADowvD72I_DaMf-J6211A0Ta7Mc2I5wtVJgL3pQ=w1200-h800"", ""https://lh3.googleusercontent.com/gps-cs-s/AC9h4nofqjG6S3H-wO7EoNnN0iAJM_XWRpHy_3EwGGGRSDgWSw7HSoPGQ6N_3HC8i8c_Say5T3DjcJEp5tZSKQC85LWGU-QSAsmVeoyzVBVYD66542Qktj8vj5DbyZhGDTc4zRtNuramOg=w1200-h800"", ""https://lh3.googleusercontent.com/a/ACg8ocJsAzmOm2ooPEMhhkuAYnBtj508tFJcfpJ_hGXubqO0km512A=w1200-h800"", ""https://lh3.googleusercontent.com/a-/ALV-UjUlVsz8fCF7gviBYnido7e32Fg9c2z56gsXLVInvlRG41EzWfo9=w1200-h800"", ""https://lh3.googleusercontent.com/a-/ALV-UjX4gTbD73N37WDC4eNAcW7oML6oe5VO6GRziibMpWnifDAEFiCF=w1200-h800"", ""https://lh3.googleusercontent.com/gps-cs-s/AC9h4nppjRG2QFA45C1BTFVYh03Mr0GDHjV7CCYbwpOuLyNFrunLuNKju7fmFsoCUB9ivcZ7BlOW0KYhMgQvW1dcb5SfWApWfw5DRj_xfST1nATzSqpgfLjMQ5cPmtMe6tLI1nJHoc7x=w1200-h800""]",https://www.google.com/maps/place/Taberna/data=!4m7!3m6!1s0x13578d61b9288249:0x2d6b793a645460d9!8m2!3d40.5134604!4d22.2105615!16s%2Fg%2F11f18hhcff!19sChIJSYIouWGNVxMR2WBUZDp5ay0?authuser=0&hl=en&rclk=1,2025-09-06T12:07:41.167641,,,,,,,,
"«PALIOS PANIKAS» Moyratidoy Patsatzidiko, KOSTOPOYLOS KONSTANTINOS",Add missing information,Soup restaurant,4.9,15,"Osiou Patapiou 16, Veria 591 32, Greece",Veria,+30 2331 073838,,,40.5267806,22.204318,,"[""https://lh3.googleusercontent.com/gps-cs-s/AC9h4noYPGnwY5b2ROqYl0F0eKuBtMind25yvIauHPuUUz1Nb2FI0KcMMlmOYaRJF2T8CPV6kBxjvupdI-FRYc8jKXNwIcKEqQgGyB0mJf2XQwGbGFTCLs3fMNN55YVK6B41RYChVKEw=w1200-h800"", ""https://lh3.googleusercontent.com/gps-cs-s/AC9h4nodFPLJsdWBgY18UaePq0sN5CYsvddfKt9B_5lwTivJN9OvUpWN2RutvHHnDCedwFanWlHoL4v-6Hzi1WsUa3bTw1dQReYQFBoCRLLp9szJ_p1v7ygSNnkLztDiJXFwVgkiconl=w1200-h800"", ""https://lh3.googleusercontent.com/gps-cs-s/AC9h4nrAPezxceOs_qx9CS8-gDLo_tMActi5lqCbIcrMA-U2s1buqCXb6ARGHIJZvG5j29So6MTfE4n6xQ6EwyxxBSBs7YfzkOGTp1zCuM5UsMQiVH8JKHzPvm4jTj9uN0jEC2pVHsHi=w1200-h800"", ""https://lh3.googleusercontent.com/gps-cs-s/AC9h4noj9DipX3v4MZIxfJxLeWd2BfiFqzpeyaVohsUMRMKDunxbFFtgoT7RWFNGvR4-_PX2kYX1MHsHHJ5R_qqHOCn-8vQQePxjkTistq1RRl_yNpqMNhzRbrxIdKfX6IJsMThJ-vI=w1200-h800"", ""https://lh3.googleusercontent.com/a/ACg8ocKvIe5TpY4uRpivJt3CnXqVceGBFqu6iipgETrOaHn0V5JAHw=w1200-h800"", ""https://lh3.googleusercontent.com/a-/ALV-UjWZYkKB-h5nsgLJnwSt8SnhU6R7Lv5IjDuOCh-liY8bUAEvG8Yv=w1200-h800"", ""https://lh3.googleusercontent.com/a-/ALV-UjWc956hiIf02-gabuuOd_OoIGA4gbdE58jmEIwv2kz9gUZeO-1v3A=w1200-h800"", ""https://lh3.googleusercontent.com/gps-cs-s/AC9h4nq-EgRi-0X8Jg7FZf8Y1C5EMA5PWyEHQ7CLm_leccllcXyKyWbzt9_c5OvnSlfrzK91opsldGT37MBYihM02zIphUDe5Z2ad-tulDF9Bd_3qAy9hlL8HqW2tKZrKq0ZrSBmd_GSPw=w1200-h800"", ""https://lh3.googleusercontent.com/p/AF1QipOFpfJPYdi9vTodDaXbjU7RA9bsPL8D3JhO_Fhv=w1200-h800"", ""https://lh3.googleusercontent.com/gps-cs-s/AC9h4nqBopk0egUdEsQpVX3tpyRU_nSL8szwdo6iYHNkdT3jt2MF3t9IPSJ_33K6FxmVxFozTbgNRXcprr17QeEhm92JSGuJDAWsB1pFaZV7jmTxpPzZrUXwNvPdxlb09dklX1AejA=w1200-h800""]","https://www.google.com/maps/place/%C2%AB%CE%A0%CE%91%CE%9B%CE%99%CE%9F%CE%A3+%CE%A0%CE%91%CE%9D%CE%99%CE%9A%CE%91%CE%A3%C2%BB+%CE%9C%CE%BF%CF%85%CF%81%CE%B1%CF%84%CE%AF%CE%B4%CE%BF%CF%85+%CE%A0%CE%B1%CF%84%CF%83%CE%B1%CF%84%CE%B6%CE%AF%CE%B4%CE%B9%CE%BA%CE%BF,+%CE%9A%CE%A9%CE%A3%CE%A4%CE%9F%CE%A0%CE%9F%CE%A5%CE%9B%CE%9F%CE%A3+%CE%9A%CE%A9%CE%9D%CE%A3%CE%A4%CE%91%CE%9D%CE%A4%CE%99%CE%9D%CE%9F%CE%A3/data=!4m7!3m6!1s0x135792906ba1cab1:0xaa4c0e1a3fcfb67!8m2!3d40.5267806!4d22.204318!16s%2Fg%2F11d_9dw616!19sChIJscqha5CSVxMRZ_v8o-HApAo?authuser=0&hl=en&rclk=1",2025-09-06T12:07:56.482755,Saturday: 6:30 am–2 pm; Sunday: Closed; Monday: 6:30 am–2 pm; Tuesday: 6:30 am–2 pm; Wednesday: 6:30 am–2 pm; Thursday: 6:30 am–2 pm; Friday: 6:30 am–2 pm,,,,,,,
Kryfi Ayli,Popular times,Restaurant,4.7,301,"Paster 12, Veria 591 32, Greece",Veria,+30 2331 068008,,,40.5238308,22.2057164,"[""https://www.facebook.com/krifiauli/about""]","[""https://lh3.googleusercontent.com/gps-cs-s/AC9h4nrenl6VzHVxq-dji6GZnWYUqDc2oYX29iMwhb5DM678Gi82iEX7SoqUS7W0dtnP8TIlQQjtImSRje_jaWuFq9EB-UUlS5pV5rptkwXZNkt4fdv903u8ZqTDWPJK4tNwUrCTNZNU=w1200-h800"", ""https://lh3.googleusercontent.com/gps-cs-s/AC9h4nrkVKLr5KMPVy__5wLHRPkkZz4q4o1xfOD29ZAsPe2nKpN-y_yHuxnbSLcV2ur_lHnkvazy6aIXDH4oS37LrB1eURQ1JNdKbplzRoVZKPqjFGy9oraImkICzE1Q9AclGgVkbXI1=w1200-h800"", ""https://lh3.googleusercontent.com/gps-cs-s/AC9h4npg67DZqPV_mxl-I3t08Joox8-CjxSmpjRDxUKEZe50RWrVcqAnI9caUGk1WsQLpi-P1YBjhn0prLi1S3dsfoBkZ8dFiclhfFkhfgHeYlZZcm9jgG3nTLIhHhdQ8LNT51GPZfOq=w1200-h800"", ""https://lh3.googleusercontent.com/gps-cs-s/AC9h4nppy5DIWwlQ2lGhxBXGjwrLOv7StvH35aJbDZQKgn-nikIR7jWXCIqb-_E4uWLG6x2KGj4lJzAWy1EQA7AjtKxegxzzh5mR02qnXH8ZdHcaUWDkOh3XyN5TNphp7robXwXRZIQA=w1200-h800"", ""https://lh3.googleusercontent.com/gps-cs-s/AC9h4nqTsbiPTLCtcP9DlYpqG-WKpsKMD6vQP1mnXlunxAnZSeEIzaD3xdt9SA8nz9yzKxJqICODVUQNlH8QFqSRJvixBa6DMo2ru-Au6uSZiqIpMQkZF5UC7pvNqtSM7cDhpUZnRhx79y0CgXta=w1200-h800"", ""https://lh3.googleusercontent.com/gps-cs-s/AC9h4npkCyMZ1kM7BmcT5kqqs-M_i4FjypPqSdbaeoy-Jdozhojx7P9GAtTGuMCffXbxsBZ4N83vo9ahRNVmQb0ZaGqvf04yRtRWx1_8pf9d65WPZwWeN6-8TkqLgqhjANEk4N1O4bGk=w1200-h800"", ""https://lh3.googleusercontent.com/gps-cs-s/AC9h4nrxY1aqbqxqCK8rcz-yZqHjhoE4JWr7Xf6QGXu_G4g3Oa-RyP8ZaeqxNdqCPJH033mcfzdG7kk_JV4OEzC-2GM4bi_jqDGOYKhMkwI2NXmOmJ-hZCmUCB6Lbv1TioBM86rJfB2O=w1200-h800"", ""https://lh3.googleusercontent.com/gps-cs-s/AC9h4nohQkFB7MAANPWofpbiTXruYd5MMAY0uNpdqj9lVRAnjYtlF47a45SiEgDze2p8L_9-Rl-29YGRzq7Mh5Y8ST_yK4b50ImgnYfsRv9Sq8PRRlN97A8gKAIWmzWAzm3hrc0LcEB1=w1200-h800"", ""https://lh3.googleusercontent.com/gps-cs-s/AC9h4no3VArECPOv0JogUuNCFi-Ae9YSo0rG1IhAhPAgXweP2sIY9-DtLSERgjjspzqwoJjfy105bkAXpXJRcTdQxmG9nxxHnEQAYPYsMlI7LJZiW1G4r58PK5F6c46oqBnZVIUVAAPg9Q=w1200-h800"", ""https://lh3.googleusercontent.com/a/ACg8ocKvIe5TpY4uRpivJt3CnXqVceGBFqu6iipgETrOaHn0V5JAHw=w1200-h800""]",https://www.google.com/maps/place/%CE%9A%CF%81%CF%85%CF%86%CE%AE+%CE%91%CF%85%CE%BB%CE%AE/data=!4m7!3m6!1s0x1357929a58256243:0x137360e32b5aaa48!8m2!3d40.5238308!4d22.2057164!16s%2Fg%2F11g6xssdz6!19sChIJQ2IlWJqSVxMRSKpaK-NgcxM?authuser=0&hl=en&rclk=1,2025-09-06T12:08:13.889603,Saturday: 12 pm–12 am; Sunday: 12 pm–12 am; Monday: 12 pm–12 am; Tuesday: Closed; Wednesday: 12 pm–12 am; Thursday: 12 pm–12 am; Friday: 12 pm–12 am,,,https://www.facebook.com/krifiauli/about,,,,
“Thraka“ Pitoylias Konstantinos,Add missing information,Chophouse restaurant,5.0,31,"Mitropoleos 19, Veria 591 32, Greece",Veria,+30 2331 064300,,,40.5210688,22.2015861,,"[""https://lh3.googleusercontent.com/gps-cs-s/AC9h4nrDYI7TOY4a6IRMPxVW6_6tvZ7U7aXoZP_K-L_8t1RYGFqmpbwAcJKvqFKsRmzQOji6ELtYoOfgc2cbTQxCjLFBkr1kNIBc7rbhtwLkME8h37IVQVJGxeDd-4nqRTV0nrVLLJrQRQ=w1200-h800"", ""https://lh3.googleusercontent.com/gps-cs-s/AC9h4nqPzAo3pPLyTufHHfbUqo_l6TZQ9gdT-y-VudsgRK83F5OEDRzd7vC57p3q-yCGXiO6-LkUoZbweKrPJCqU1KDG7HLXQV48QGvBNrsClj5cX7psNsqGOsxurHiaJdzwORnbauQ=w1200-h800"", ""https://lh3.googleusercontent.com/gps-cs-s/AC9h4nq-2QoZXpdrAVwHGqJIRZtpiLsgT5a27iNHuKwEcze8GfVHwInFcNBmmqlCwjPgtODjN8pkeKN_xYAkn3X_iJdlSyb22cp4ESfYRG2DAoBaeBuYYOnHFl_NGgL04BKBLL0bRHRi=w1200-h800"", ""https://lh3.googleusercontent.com/a-/ALV-UjVXCcOTfFyHjQL9zTboH_nZA40OGxMg8OAXhdp5ClSNQ5Hm_v1-=w1200-h800"", ""https://lh3.googleusercontent.com/a-/ALV-UjUz9KlVbFJyqWHRClCQCXyaLLuWGNPN9sNC-WLdK8QFVPHwEOa3=w1200-h800"", ""https://lh3.googleusercontent.com/a/ACg8ocJkKrf-bCdsUHavcPfohtSadsD-NXAeA8O4Jif0xZqu9xrpiA=w1200-h800"", ""https://lh3.googleusercontent.com/gps-cs-s/AC9h4nq_1NSUZbC0ZxIy1ubHY71EWnmdldlreZZ0uLfUiIoWB4hocbxxUAYZCkVNMFkiaWQbPXwDqXVMz9dWYdnOrZem0Lg9zfwc9xHOAEc2G8gSvtt_GOxSnsS1fPrOsld8DbltN3P6=w1200-h800"", ""https://lh3.googleusercontent.com/gps-cs-s/AC9h4noMvzm4DWc8NVI02TdRK4cmpb6b2XFU1lpualhpeBlq4f7O5b4F1nX_5C8dc7pZWVauG9fJrLkjyy-V7iqcnv0xtUEcD7_VwRWdVaU9hlvRCTFsdikoXYg0JCRJsKd7YiJn-zqrhg=w1200-h800"", ""https://lh3.googleusercontent.com/gps-cs-s/AC9h4nq4fyO20yOz2PoY3lphAtRGf0cyGv3z3kIJMa5BEEvbM5wG468eo6U1F5heL_K-_vKh9Je-9Ugsn3Skm-ChO9zYqZ-w2EiDtSZV8g5HJ688B3suhR7VWC5AzJmZtDugVhFCwec=w1200-h800"", ""https://lh3.googleusercontent.com/gps-cs-s/AC9h4nq357_rmr1HsJSxbTJGzefLuDrCg5FnjRNGV9Q3TU_Sd8VAnIMwsVKx90zAl0AIj-E42MD29w-DIMdifEE2YHZ5_l3UEh0J1UZjpspFk0z92ORXl_3jb1GfK9gTtYfihrEboghmhg=w1200-h800""]",https://www.google.com/maps/place/%E2%80%9C%CE%98%CF%81%CE%AC%CE%BA%CE%B1%E2%80%9C+%CE%A0%CE%B9%CF%84%CE%BF%CF%8D%CE%BB%CE%B9%CE%B1%CF%82+%CE%9A%CF%89%CE%BD%CF%83%CF%84%CE%B1%CE%BD%CF%84%CE%AF%CE%BD%CE%BF%CF%82/data=!4m7!3m6!1s0x135793933cc48c23:0x6064948dcb1e012a!8m2!3d40.5210688!4d22.2015861!16s%2Fg%2F11k9jbpc39!19sChIJI4zEPJOTVxMRKgEey42UZGA?authuser=0&hl=en&rclk=1,2025-09-06T12:08:26.589397,Saturday: 12:30–11:30 pm; Sunday: Closed; Monday: 12:30–11:30 pm; Tuesday: 12:30–11:30 pm; Wednesday: 12:30–11:30 pm; Thursday: 12:30–11:30 pm; Friday: 12:30–11:30 pm,,,,,,,
Balcony and Masna Restaurants,Menu highlights,Restaurant,4.8,77,"Elias, Veria 591 32, Greece",Veria,+30 2331 064000,elia-veria.gr,info@elia-veria.gr,40.5228949,22.2079285,,"[""https://lh3.googleusercontent.com/gps-cs-s/AC9h4noMPyL1TlwKwNLffgFRjMbsxPwmk9aiQ1duJJn5VLYkmRLnGovciDi2AEYqDoTf655T9kUPUpr7SKFCEjEbktAAUYPYEBJzeti0o0D78PW9V7jbaXJnXxxXF7VuKsRGVkz9rJ0=w1200-h800"", ""https://lh3.googleusercontent.com/p/AF1QipObTZcWtqjSQinzFqoDHyTRdzhSDZC0DGdRVhOU=w1200-h800"", ""https://lh3.googleusercontent.com/gps-cs-s/AC9h4nqc9LwvzkJSav8U8vLJTYQ4_0qRqk-iYkso5nfGJjPo7NHhVib4yzvBPlDTAsTHep-rG40U6r8L1K6G0VSlbTg0IWOBxgzzdvODPZHvqO9eg8oEqnbAFnU49TVw-O8SN-joBUs3=w1200-h800"", ""https://lh3.googleusercontent.com/gps-cs-s/AC9h4noBfbf65JbifYewCExi8F2N6e7qcdprJkjmJP9NOH86nuCaK_wwo7Ueb0WTkAAuO1LSLmnwvZVZqWYLomptjKzP1ioWuiEnNLOzGNF_IK0l9DIc9tUuK9Wg82I68qmoKtorbwEr3A=w1200-h800"", ""https://lh3.googleusercontent.com/p/AF1QipM1v1C4WPGIGLm0XStKBQvg66GdqtDSp3vaTogG=w1200-h800"", ""https://lh3.googleusercontent.com/gps-cs-s/AC9h4nolmfuUvgJoLQa9AT8fp6v08TKJoCLxxO5ZFVzS71tIYaZlhCx6Kih_VIoe4efYfZgvSMzag09lMzGejnpJIzWcneqgSZwYfSOtF0jydEvPiFQxxas4m07sRNKZtp7WFCJCqjcF=w1200-h800"", ""https://lh3.googleusercontent.com/gps-cs-s/AC9h4nqFfnwht-tzePSf-dVTUzSmT2v40Qhqn8VUIiKbAquPc0tIeHejrwMNvoiAFPamsXYGGHztsX7ZZeyupmU7yq5WOlIHGYe2tg_9S14i4XoJsrQSlloJZGkbURElStZ0YXks1Zhn=w1200-h800"", ""https://lh3.googleusercontent.com/p/AF1QipORoSjUV1N_Uu75sTb9Dx1rBMRQwRZ1_Gl4NFpW=w1200-h800"", ""https://lh3.googleusercontent.com/a/ACg8ocJp_ed3izvCrWEfBeqIdvZz-c1EjFr1TRaRjbXJ4xnUkFDvtA=w1200-h800"", ""https://lh3.googleusercontent.com/a/ACg8ocLJLkMksYN_wsyLGFaPYLZiPP3ECziUCTt3zgwscJHx1Dr3Hg=w1200-h800""]",https://www.google.com/maps/place/Balcony+and+Masna+Restaurants/data=!4m7!3m6!1s0x135793707065be61:0x2e98c26bc1b4ac2c!8m2!3d40.5228949!4d22.2079285!16s%2Fg%2F11h6s25fch!19sChIJYb5lcHCTVxMRLKy0wWvCmC4?authuser=0&hl=en&rclk=1,2025-09-06T12:08:41.652798,Saturday: 12 pm–12 am; Sunday: 12 pm–12 am; Monday: 12 pm–12 am; Tuesday: 12 pm–12 am; Wednesday: 12 pm–12 am; Thursday: 12 pm–12 am; Friday: 12 pm–12 am,,info@elia-veria.gr,,,,,
Duck,Add missing information,Fast food restaurant,4.7,42,"Kentrikis 67, Veria 591 32, Greece",Veria,+30 2331 181331,,,40.5234533,22.2028008,,"[""https://lh3.googleusercontent.com/p/AF1QipOXJ6TCHnTgL629PRB4HpxFIGrLjuH7IJyh10M6=w1200-h800"", ""https://lh3.googleusercontent.com/p/AF1QipP8w98LNJMLBgTDSJukvDHXz-lITKKRqlDTpJJO=w1200-h800"", ""https://lh3.googleusercontent.com/p/AF1QipOXYATM6JkTVfCUXHbRJ96G0n8U6FM0QzOq-nNc=w1200-h800"", ""https://lh3.googleusercontent.com/p/AF1QipNOSHyKBtH_uc8diiNIwNTLv9_PBW6-5og-ObAl=w1200-h800"", ""https://lh3.googleusercontent.com/gps-cs-s/AC9h4npghNbaPnOCvgVCtj5yFKX9kS15cFaAfyfk3zkec5eiM_56rpZoXxBurR3I-WaepJ3UkyWGP81ZPPgrVF_JZC5ibXNuPofwqeHXUTHQM7MoIVkN66K3J47xH2-q_C2QqQaTksMmsA=w1200-h800"", ""https://lh3.googleusercontent.com/p/AF1QipMXia_PetDLxwWBo-4cmAGNYipvXBivTSlF48rr=w1200-h800"", ""https://lh3.googleusercontent.com/a-/ALV-UjVOg_csSz_i7EsBmxeQGU7fSz1Lu07OHZZKwijYtcURy0J8qBeG=w1200-h800"", ""https://lh3.googleusercontent.com/a-/ALV-UjXDFQTPHf7IUVKGkiLoCaK9ZONpVlZlyK2PUmFmF4bpGv5jDWyG=w1200-h800"", ""https://lh3.googleusercontent.com/a/ACg8ocKfXWWivosogSHCATubr1QzX9aZejivtyD8K4osq6DO2a6Wfw=w1200-h800"", ""https://lh3.googleusercontent.com/gps-cs-s/AC9h4noMvzm4DWc8NVI02TdRK4cmpb6b2XFU1lpualhpeBlq4f7O5b4F1nX_5C8dc7pZWVauG9fJrLkjyy-V7iqcnv0xtUEcD7_VwRWdVaU9hlvRCTFsdikoXYg0JCRJsKd7YiJn-zqrhg=w1200-h800""]",https://www.google.com/maps/place/Duck/data=!4m7!3m6!1s0x13579347ce698f25:0x68936f0cdfbb9deb!8m2!3d40.5234533!4d22.2028008!16s%2Fg%2F11x2lrmwxl!19sChIJJY9pzkeTVxMR65273wxvk2g?authuser=0&hl=en&rclk=1,2025-09-06T12:08:55.871691,Saturday: 1:30 pm–1 am; Sunday: 1:30 pm–1 am; Monday: 1:30 pm–1 am; Tuesday: Closed; Wednesday: 1:30 pm–1 am; Thursday: 1:30 pm–1 am; Friday: 1:30 pm–1 am,,,,,,,
Guard Officers Club of Veria,Λέσχη Αξιωματικών Φρουράς Βέροιας,Restaurant,4.4,156,"Merarchias 1, Veria 591 32, Greece",Veria,+30 2331 061670,,,40.5209057,22.1999131,,"[""https://lh3.googleusercontent.com/gps-cs-s/AC9h4np8NZpFO17S6oX216oJiHenGhqV0rzljhV6D8fcC2FqIS-LWoEqc0hvU9sGSYYDevUXxj6b1vJGHzrZMWdYzcxlFld_iiOaURsl2gyUhGGRF-8R4613YIdzW1WcGrWiLpy1BZSp=w1200-h800"", ""https://lh3.googleusercontent.com/gps-cs-s/AC9h4nqrLyW8SmVUCjkunOau7FJzwKcj7WCGSbuK_cosqsadwieV6OIMcGmGUKqKTgFe55tPaRGYpSBc8WWgqtG2NC7OUvvEWDtTKRtqBD4KHL3xlWVXWc6NUOjVTpz4F9WV2hGaFM3n5A=w1200-h800"", ""https://lh3.googleusercontent.com/gps-cs-s/AC9h4nphzc7fIZa9eXPD9LDVDE2QqvVTcKsgYNxLGV1AzQqVrOsBYdUI2z8yZIRPwrqnogJJ4TDVf-BY4lX39XBGVR5QSfJ9EJ7Dxy_vRgnQ9W4DE7nUJFOa0fnAJmSBRlE9eLB1sTFXiA=w1200-h800"", ""https://lh3.googleusercontent.com/gps-cs-s/AC9h4nq1k0FIp_5CiPunKpffSYfIQ0b_wZK3iCj22mn7lI4Me60CJRMSExmulrQM8cJTX6yFzbvrdHqsh7jFUyqu8VSGYnILjBHEv79QaYVg9RhlIwbiVPSpcvnDQ8oBIfTu2npoqEQb=w1200-h800"", ""https://lh3.googleusercontent.com/gps-cs-s/AC9h4nr8-lNKH7ah1Uc5Uv606WCHZtWju6AuhHTEhi3y6_U4kygmX46-2-w_obcCzpKd2Yb3ptT6WG5VX7dgT7tx6qTM_KweqnG9oKMIFrsuz34BesVnLQ_5ClVoPnQYUi-mJIPK4sfi=w1200-h800"", ""https://lh3.googleusercontent.com/gps-cs-s/AC9h4nqAz5-NxPP3L0uR6r5hMbxVC5FYLAMhtSsHIFqoNid0y7KFNTdmnXWdvcTzmr7ixuewDQ2gJj1iZt1pY8DDbDmHHoKqx-zOA1sqNjkvy6aG9zDnBGzsh2uQtFcR2OLabHjomS68=w1200-h800"", ""https://lh3.googleusercontent.com/gps-cs-s/AC9h4nqwXgsje-XHlYCKG8ZsjYI1x_fYUOfBFUYwX07ZI2YEha8t8H1OTj1kflbZyEJ__4WtNRLpnoTy7PDAyejDtwgWyiau-4neQICiCG-5IBxzNGJjcuLyVzjS0fB3b7gYtpxzqNs6=w1200-h800"", ""https://lh3.googleusercontent.com/a-/ALV-UjVdZMJMU836J95uicPJnf8O6ofRi5OpseynCFiw5X2SR3dvsfs=w1200-h800"", ""https://lh3.googleusercontent.com/a-/ALV-UjUBGFHPOoJklrczqplCv-lbpwuKvsuqilkLK3Bvosz9pF7We0Roug=w1200-h800"", ""https://lh3.googleusercontent.com/a-/ALV-UjWkHmm7wxRNicY00kbQV22alOia668WFmmQiKoTNTPNh59JvLO1DQ=w1200-h800""]",https://www.google.com/maps/place/Guard+Officers+Club+of+Veria/data=!4m7!3m6!1s0x135792830cb4d763:0x4eb2c0759e87642!8m2!3d40.5209057!4d22.1999131!16s%2Fg%2F11dylylz4_!19sChIJY9e0DIOSVxMRQnboWQcs6wQ?authuser=0&hl=en&rclk=1,2025-09-06T12:09:11.230290,,,,,,,,
Manitári,Μανιτάρι,Fast food restaurant,4.3,381,"Ippokratoys 38, Mitropoleos 61, Veria 591 32, Greece",Veria,+30 2331 021566,,,40.5233106,22.2045161,,"[""https://lh3.googleusercontent.com/gps-cs-s/AC9h4nrUAp2tv7yn7y-W2xNQN0Rz81JlHXzPoXn-HlUdjPyqxyda9xxj9Q8W2gPRoU6m_YCmLCOBApsMG4Q7te9mmQRE0cjnBRhxRaoqO34T5LjhZ4piArTVrMwKOXoWcmojf6zk5PV-=w1200-h800"", ""https://lh3.googleusercontent.com/p/AF1QipMHsFTwWJtbjGMzU9NItcLoLEkWVJxhwdcyWRc_=w1200-h800"", ""https://lh3.googleusercontent.com/p/AF1QipPAatyhXj_KxW8LX_Wd73gU75i7stGVBbMHBTzY=w1200-h800"", ""https://lh3.googleusercontent.com/gps-cs-s/AC9h4nq9KbftJACDT27O5ZLP7zpmmpLXif0XuNPTb_qgFRmVP3FR0s8C0_hvB0_n_edYUjeYoR2nXgwq8f1WGevwn9YwY-CuhbTKnLEdTe7exBFhMl6GZ80Ga7roOIO3-715_r5iDzdF=w1200-h800"", ""https://lh3.googleusercontent.com/p/AF1QipOdkZlIC_4hc0DYjRQhaJFDc88EflSjBZgpqZkb=w1200-h800"", ""https://lh3.googleusercontent.com/gps-cs-s/AC9h4npI74pQRMLRm9GOZ6HJDPHDko3TKmHGyKHkkbRezy4SB0_Ncf0c9P89KqlObK7vN5VRPKJNPv0AveN8taYVLwBgDzlRS840dWdiV7Db8M8z2fb77U6Q6vEvnAgBrUDfnGTl7m66Bw=w1200-h800"", ""https://lh3.googleusercontent.com/p/AF1QipOBbjMotmU-KgKEwGkH695DOUYIUyYKlI7SSPSC=w1200-h800"", ""https://lh3.googleusercontent.com/p/AF1QipNu7xLlSfYZgnjJlN5FVTc_DLv-W6BOK5EWeAVh=w1200-h800"", ""https://lh3.googleusercontent.com/gps-cs-s/AC9h4nqCNr5HWFv6cfXigaWbSKHHHLjLL4WJbWApOdcpot-j7bjCeylndDKcJGamtRTDa2ho2t1yfps8i09doZR_vP-X9iceLUH27cmdJa8p9fAWc4xTs7iqytc87rKemb5qCeaskXuDAg=w1200-h800"", ""https://lh3.googleusercontent.com/p/AF1QipPVgKMif8Lr-OLODUxaMMV6S0mGPDUXkXT7FMem=w1200-h800""]",https://www.google.com/maps/place/Manit%C3%A1ri/data=!4m7!3m6!1s0x1357929b1dc7a357:0x3ec304689a7b579d!8m2!3d40.5233106!4d22.2045161!16s%2Fg%2F11c720y6_g!19sChIJV6PHHZuSVxMRnVd7mmgEwz4?authuser=0&hl=en&rclk=1,2025-09-06T12:09:28.936347,Saturday: Open 24 hours; Sunday: Closed; Monday: Open 24 hours; Tuesday: Open 24 hours; Wednesday: Open 24 hours; Thursday: Open 24 hours; Friday: Open 24 hours,,,,,,,
I gonia toy Gkas,Popular times,Chophouse restaurant,4.7,162,"Neas Ionias, Karaiskaki 30, Veria 591 32, Greece",Veria,+30 2331 063400,,,40.5172539,22.2002461,"[""https://www.facebook.com/%CE%97-%CE%B3%CF%89%CE%BD%CE%B9%CE%AC-%CF%84%CE%BF%CF%85-%CE%93%CE%BA%CE%B1%CF%82-1597035230508671/""]","[""https://lh3.googleusercontent.com/gps-cs-s/AC9h4nq357_rmr1HsJSxbTJGzefLuDrCg5FnjRNGV9Q3TU_Sd8VAnIMwsVKx90zAl0AIj-E42MD29w-DIMdifEE2YHZ5_l3UEh0J1UZjpspFk0z92ORXl_3jb1GfK9gTtYfihrEboghmhg=w1200-h800"", ""https://lh3.googleusercontent.com/gps-cs-s/AC9h4np4Ir4T46KqV-CIs3bn9AhnsVmB_bBNU4dX8DY5r2r-dKFrz_3IVSuC-r2JcvSlTVj7zdV7cB5YUxSOKxY9LdwP_guC-_Gn6aOpcG3LR_8vXpM3rgbCRJ6jQOPUVgJpvi19h4Rb=w1200-h800"", ""https://lh3.googleusercontent.com/gps-cs-s/AC9h4nrziXg-ny5nAM395SnDS70xNZOXHp4rym-0Zy2KveB4C4u19Kv6F3ZJbmoE5hELMcs6TZtZi4t3fAETE0OHDRZh4dIaVvB9g45490ySI2YAJuTIzD3g3WTbuovtB4Ega6z5VVYI=w1200-h800"", ""https://lh3.googleusercontent.com/gps-cs-s/AC9h4npM2FDkiy7ujBMhXNM5Vt0Agli5KWwHdHHXIH2tKflphKKLe7sX6xXiGRmpYMCVbDu7vdzxzz0Lk-1KepfjFumzTZDH8y0p45RcDTr9oWhcfojANbUqH9IQL-YoiFQtiHhg2eztsQ=w1200-h800"", ""https://lh3.googleusercontent.com/gps-cs-s/AC9h4npOn4j6r3_OmOIKOiSrx8lwytRGbmljpZERBgPJYdUWgQ-BYOivsTdPzwuJTioXdwhYMkOjL6RecMon7WubwaPtuzp2dfmJP-sb5H2AB2wGBumC-tWBahdKknmca20ylN674eTIjg=w1200-h800"", ""https://lh3.googleusercontent.com/gps-cs-s/AC9h4nqhaTJHnZ3DwJZa0Z_4Qymgmdon7KwH1OubhcnLnRsPpKiTFGP-F6zv-yk0Sqp7HZmDJObog1IZIqOihBA0NAoxahT9GEjrCH9ycVkwO5t4hMkry8VjLLsag9MShb7fuNm8qoVF=w1200-h800"", ""https://lh3.googleusercontent.com/a-/ALV-UjWEfUc9IYUHcbqDE_ROe_LIA2eVZ4jsOzSUHhVHipn_NmbLDofz=w1200-h800"", ""https://lh3.googleusercontent.com/a-/ALV-UjX0CO8as2PUBwHVU9Jm1lk4JY0_UTllkZJUmLsLp4jFNJXHwiLd=w1200-h800"", ""https://lh3.googleusercontent.com/a/ACg8ocIvt0x30Ff_cJGRMKbKiXmzvH_UMJ8BhGkx_rIdTbWr2BZkQA=w1200-h800"", ""https://lh3.googleusercontent.com/gps-cs-s/AC9h4nqLHlJ-duvwGGaMrCLPkRoPsNyngo7YzOo-QVDIwtx08hsdvTgvg1oKrATcBJgV6VGqYnAS3yPaca7ShrXHT6mczGjSSLXnM_Afm_RLPBXAIgzLoIQcve1D4jopJB21e9Va4tzL=w1200-h800""]",https://www.google.com/maps/place/%CE%97+%CE%B3%CF%89%CE%BD%CE%B9%CE%AC+%CF%84%CE%BF%CF%85+%CE%93%CE%BA%CE%B1%CF%82/data=!4m7!3m6!1s0x1357932ce240925b:0xa1cbf46e190619bc!8m2!3d40.5172539!4d22.2002461!16s%2Fg%2F11fjzbswdn!19sChIJW5JA4iyTVxMRvBkGGW70y6E?authuser=0&hl=en&rclk=1,2025-09-06T12:09:44.354938,Saturday: 12–11 pm; Sunday: 12–11 pm; Monday: Closed; Tuesday: 12–11 pm; Wednesday: 12–11 pm; Thursday: 12–11 pm; Friday: 12–11 pm,,,https://www.facebook.com/%CE%97-%CE%B3%CF%89%CE%BD%CE%B9%CE%AC-%CF%84%CE%BF%CF%85-%CE%93%CE%BA%CE%B1%CF%82-1597035230508671/,,,,
CANTINA BY KOYRKOY BRO,Add missing information,American restaurant,4.6,68,"Paster 13, Veria 591 32, Greece",Veria,+30 2331 021338,,,40.5228946,22.2056094,,"[""https://lh3.googleusercontent.com/gps-cs-s/AC9h4noMvzm4DWc8NVI02TdRK4cmpb6b2XFU1lpualhpeBlq4f7O5b4F1nX_5C8dc7pZWVauG9fJrLkjyy-V7iqcnv0xtUEcD7_VwRWdVaU9hlvRCTFsdikoXYg0JCRJsKd7YiJn-zqrhg=w1200-h800"", ""https://lh3.googleusercontent.com/p/AF1QipNFihZE77i7r9a99mVNU2rsbL26TU16UYtT63Dq=w1200-h800"", ""https://lh3.googleusercontent.com/gps-cs-s/AC9h4nrVetAe4CYIkLwzUDz-VEAEP7-oXRhPfuXCISGRJHwYXDdxhRpiJqcB0edphH1Wwlk6xWV7w6izMm_3xBDIR-CacPklNYaWinZvvcw1ZXv2m0i9CRAyGTd2xngZzvCy1HceMlej5A=w1200-h800"", ""https://lh3.googleusercontent.com/gps-cs-s/AC9h4nqIN_E6afnEpMxPH6UtBHeMbK24RGucjOkYKUG6CI94XSU_b4WuOb8ui6xVFR-bRd_sOoGl-CF7C4-1Y2bVn9sobV6nefH90wtQVzgS45kBUVtvxNWezXTmzaHOiqMvVUOzPFXCmg=w1200-h800"", ""https://lh3.googleusercontent.com/gps-cs-s/AC9h4nr1qrS2SKDHVg7sv5UtB8mLxfKq3QtkBTqNNKj6jfNLxeOCas3X9m1jyLkna_GhaYLVOLHlYPZdhA8Yxh8XGf57qT-ahLxhHMfgb5BHGh8fw0Q_qVuboK-Eufn6CmQMgnfYI__f=w1200-h800"", ""https://lh3.googleusercontent.com/p/AF1QipPMKe1Qk7kSixnN0LUjvdYgwYNbE5LLfE1W2zKy=w1200-h800"", ""https://lh3.googleusercontent.com/a/ACg8ocIN7BozFaebUeH7k87wUp6H8tK4COpDmNwp1m67QMGtsiBZ9Q=w1200-h800"", ""https://lh3.googleusercontent.com/a-/ALV-UjVXYfPl8Z4m69r9IPx4Ya60YtVTictej_V-7zDvpRErIHkamn8=w1200-h800"", ""https://lh3.googleusercontent.com/a-/ALV-UjWFy4o33boaxbXmjQONXCJPwZsXFFBMAvmHlAF3nkWx1ocvCdye=w1200-h800"", ""https://lh3.googleusercontent.com/p/AF1QipPr91VObKfpHQa1119n5eJLx19YUyCPYJjylhtX=w1200-h800""]",https://www.google.com/maps/place/CANTINA+BY+KOYRKOY+BRO/data=!4m7!3m6!1s0x13579388a2f5e0ff:0xe11ebd1e26dc1eaa!8m2!3d40.5228946!4d22.2056094!16s%2Fg%2F11krkqlr51!19sChIJ_-D1ooiTVxMRqh7cJh69HuE?authuser=0&hl=en&rclk=1,2025-09-06T12:10:02.721815,Saturday: 6 pm–2 am; Sunday: 6 pm–2 am; Monday: 6 pm–2 am; Tuesday: 6 pm–2 am; Wednesday: Closed; Thursday: 6 pm–2 am; Friday: 6 pm–2:30 am,,,,,,,
O Veggos - Fast Food,Add missing information,Fast food restaurant,4.7,190,"Pierion 200, Veria 591 32, Greece",Veria,+30 2331 024041,,,40.5098428,22.2167528,,"[""https://lh3.googleusercontent.com/gps-cs-s/AC9h4no09a9ekAH-UU3xYSu-05ttIko0F-3uDSJKH5K_3APtL6LwV7FdCNPC9QhPBcXI77u2y-hzRvJnn0uPe_0Y6nVTwvlfPL6B56QizV-bKxQCVATq1VcHhRzWbgKQpaxEWe0Gj1-v=w1200-h800"", ""https://lh3.googleusercontent.com/gps-cs-s/AC9h4nohnJp0YIhaALbVGQLXYg9a1jlBNwnRaXisLsyj2133lNusGO9rPGbhiJCz1NVaePk3oKHYM8Sspf8l8faW45eWoE2u44eAbBJwaIE_qYhcHQtTXGbLMFmOi5DkRebBdSXd8BkqLw=w1200-h800"", ""https://lh3.googleusercontent.com/gps-cs-s/AC9h4nqYsazIKylrJgCkksgCFBL567C0b25rqAlahTrjRPo9eYn8dtQwoX4B2KcKkm8f-t7_YrcOipCEH-s9ckufvCQfhzOakTScUoN345iApR8WJFkBLzhrP3VbVvQbpQKklucpBNkY=w1200-h800"", ""https://lh3.googleusercontent.com/gps-cs-s/AC9h4nopf9PiJm9tobCoM7qJbdmupRonUK7diY_8HL2qRTTQ9COUCt-6ZLvKTl-bdFWzG01RG6z7_2j8nlVddDRGfCp0kJmmX9UIS3OnfK-OMiGag2AuQ_tQXFMyNPPFCoItgyDp0jIq=w1200-h800"", ""https://lh3.googleusercontent.com/gps-cs-s/AC9h4nrNZ30x8Vb793bG0SZqYntGajsNbSEy2RWeTxs2eN2bPgS1qRSM6L65lmlwkJvQ-_KWNYnDHEo29vuk_mxI9NsbIxvqUx6Bo5A6-WFAbepBWvfE9_U-e6ovuOcKa-tdEYupOqXxLo7M19mU=w1200-h800"", ""https://lh3.googleusercontent.com/gps-cs-s/AC9h4nq3htTYrd43AeoveW78c63PMNSLY89x-XXl78uvS9RA5A7aQFBcr6S3v-dkl72f02sPj7TBXz3aZoco4bdg9C9ugIi9IFidUEn2czxNMSXNvKvjhO2wxTjlExHNVg7eyBlMeMyClg=w1200-h800"", ""https://lh3.googleusercontent.com/gps-cs-s/AC9h4nrJNzBezYl5fE2Vql4oXO_OWbJik2i7jAOjtyXF6Gbb8UY8UScVmZYCZWPlcrMAI9ZQswhIIq6MbC__N2x1YDPB2_dyHQ_6lpPOHS9HOOMSskqHNzn6lvky-jvdh8gX6krFJVww=w1200-h800"", ""https://lh3.googleusercontent.com/a/ACg8ocIWovkxj7LbFEtOyagbW4W-q2gE2UmKITpW7OXqrItFeXq8R4c=w1200-h800"", ""https://lh3.googleusercontent.com/a-/ALV-UjWRibM7PQbaXaX7GOJuzPU3rAkMr4_QMqwYS7zPEGprurZT-4u5=w1200-h800"", ""https://lh3.googleusercontent.com/a/ACg8ocKSiYPsSLVo5rsYtJBBXNzXoMwHVeRG2ONCghBW5p3ROGd8Dw=w1200-h800""]",https://www.google.com/maps/place/%CE%9F+%CE%92%CE%AD%CE%B3%CE%B3%CE%BF%CF%82+-+Fast+Food/data=!4m7!3m6!1s0x13578db4a316620b:0x68b66edc3f6f085c!8m2!3d40.5098428!4d22.2167528!16s%2Fg%2F11f9ymncqw!19sChIJC2IWo7SNVxMRXAhvP9xutmg?authuser=0&hl=en&rclk=1,2025-09-06T12:10:18.872747,Saturday: 10 am–12 am; Sunday: 10 am–12 am; Monday: 10 am–12 am; Tuesday: 10 am–12 am; Wednesday: 10 am–12 am; Thursday: 10 am–12 am; Friday: 10 am–12 am,,,,,,,
O GYROS TOY KOSMOY,Add missing information,Gyro restaurant,4.4,134,"El. Venizelou 54, Veria 591 32, Greece",Veria,+30 697 671 5184,,,40.5275365,22.2030795,,"[""https://lh3.googleusercontent.com/p/AF1QipPr91VObKfpHQa1119n5eJLx19YUyCPYJjylhtX=w1200-h800"", ""https://lh3.googleusercontent.com/p/AF1QipORJLHBWu5c8Ra4jVd9q2QSLMEZw2tvqXlIyO2X=w1200-h800"", ""https://lh3.googleusercontent.com/gps-cs-s/AC9h4npsjQdl3pVD4Lc33ksj-zIwRkwmnOJ-3iuY7EnV-ul8I76wEHMh5WuKF9Ly5WEcOgCNVgMxqwVNrkFBrCVVWwfC8Lm_EVISB6u0mQgV2VbHOAn7DMRpAXBXPfOAPQE9lBWODGWI=w1200-h800"", ""https://lh3.googleusercontent.com/gps-cs-s/AC9h4nqba6EJQCwPQ9uJXrFeVucDam4BXP-3g4zQYrwjnf-sX7NybkKMdu3_wuyQDhhAssNn_gi82Aayt44EKHGic5qmG9NwBoq2SGib14n64x2qSzRxq237QkekcEAF7ukPm1-jPqS0NA=w1200-h800"", ""https://lh3.googleusercontent.com/gps-cs-s/AC9h4nplJebBOW6FRWozyPnNREnYvq6zJLkrzcxuA-LUZ9zDKxDk8lphFG8EIzfpRnD-r0xJwRyo6jFzn9LWln6zAl36q-yyQ1anIAARPWu-3jiY-fjXK2vXYxukzUM05kbjI9nWp6BadzxIyeCf=w1200-h800"", ""https://lh3.googleusercontent.com/gps-cs-s/AC9h4nry8ohx4rVdhZ1_HxQAaSs58CqaHGhcoXDjgqRn1MZk9WV8dlBtvvXxvbrn-MkhV8OAAzyFPDmAXtJUvTJdYGbcQQ_DOqZ67gdJJqBVdNoZesQ-iE_gRnAMUlwODcnzoByryFx0TA=w1200-h800"", ""https://lh3.googleusercontent.com/gps-cs-s/AC9h4npceuu8wm5evmG3QIIfkL4M9SyzDKhGCNEw71Hq6p-YaYxldkkHpIqZR1FUHWiHmafP8WhJUjFWPxXQWJ8rh1O2kYpP0XQzHNhbblMo3qORJWKN3GEwDTlFY7MDDmCsbvTwUVBprn8uAoU=w1200-h800"", ""https://lh3.googleusercontent.com/gps-cs-s/AC9h4nqeJwHZGWMe5VeVNzWj_FQOYclLPNfMWhJemLEb3cWvsH6Np7QvheOPVzPJXPeZVVBWDG3gQ1PIg7wTFuVgfR3Wsf5A3iw8fQVursbunO0ohcpAUGiy-J7t46GUZKdPB5YK9Oy5cA=w1200-h800"", ""https://lh3.googleusercontent.com/gps-cs-s/AC9h4noaMsyLOn5qujh8LI0554LYxs25TrRQ0NAmZtp3-6vHOmDTpgIWm4waN1daoW8-EJEs-2QkPidsaMiEpTXevwIX6ZuaMJIZm0F16uAyyWLnnJFGQcEZl1N3ZBAGRgpCcz4mL5b_SBG4_Ce9=w1200-h800"", ""https://lh3.googleusercontent.com/p/AF1QipM5ERtiKM9PzC2eHyGDiL2-0I3saHgZLDgOs8Tv=w1200-h800""]",https://www.google.com/maps/place/%CE%9F+%CE%93%CE%A5%CE%A1%CE%9F%CE%A3+%CE%A4%CE%9F%CE%A5+%CE%9A%CE%9F%CE%A3%CE%9C%CE%9F%CE%A5/data=!4m7!3m6!1s0x13579350fd1ab23d:0xde957697865ab85a!8m2!3d40.5275365!4d22.2030795!16s%2Fg%2F11kj37x122!19sChIJPbIa_VCTVxMRWrhahpd2ld4?authuser=0&hl=en&rclk=1,2025-09-06T12:10:35.476315,"Saturday: 1 pm–12 am; Sunday: 1 pm–12 am; Monday: 12–11:30 am
1 pm–12 am; Tuesday: 1–11 pm; Wednesday: 1 pm–12 am; Thursday: 1 pm–12 am; Friday: 1 pm–12 am",,,,,,,
Gorilla,Menu highlights,Creperie,4.7,238,"Paster 13, Veria 591 32, Greece",Veria,+30 2331 500813,,,40.5228875,22.2055981,"[""https://www.facebook.com/Gorillacreperie/""]","[""https://lh3.googleusercontent.com/gps-cs-s/AC9h4npHNOtfBbHQJ-LbcBJVYT4jbK0b5BVrHqCd1PFZb_IKqNH8oqQmbCAutZqE-Dbumj9RKdr233QPUZGDajsMmbEP0GWOQREL7xmBYF0hvoOVB0pc2MclFpwEOvNmiu_ZAh1brYjKPA=w1200-h800"", ""https://lh3.googleusercontent.com/gps-cs-s/AC9h4nr1XFcLCy_1ZaNseCNNGgNoNWSTi-McJGB-RWymY6Evi6qTDyi5lM23GaA5dNsH2YxFDuh2ecEzeXhwFZqae0UgK47TIQB4cNbNrLmR4qKACv5k7IW2jEuqsXAVZVR7xPR-X1s=w1200-h800"", ""https://lh3.googleusercontent.com/gps-cs-s/AC9h4nrRMFK7eQ428X9Qh8-M0X4QBcwWqZnNRuLVfSsJQlY8Pxdrwj48H1ezz3G8UGorCXnjGssKXnfTjx4IdZjGNPFAT8mcfee-dHRZMPdgfJkt38o1u5tY7OhHdqvmojgshDWBQyK89w=w1200-h800"", ""https://lh3.googleusercontent.com/gps-cs-s/AC9h4no4vdvxMKURD_O8XuWSxiw-V6IsECT8cmP3ktNwmqEJws8YcfHAxeCefa11rkOv3TasFUJIeSZ7sfpODb2-U0FMKbUCT2WMpSBX6Uubu8FQZLt0zidLddLFIqAk7mj9j2bGerkbcw=w1200-h800"", ""https://lh3.googleusercontent.com/gps-cs-s/AC9h4nrOZNrEpq-ZUFkA_U9uVxv5ZYfQ2Q7QEJXVU9_pVnIeI6DPjPWiRguK5NYTCqUSylvGHWanD8n2ucVNQN5V4mYyvmXc5R4U1oh2gjw1jhHYSx6UIZPhR5Uon7u9Qv7KAPJv75ZyVKmR5Dw=w1200-h800"", ""https://lh3.googleusercontent.com/gps-cs-s/AC9h4noiDyMBhMmjqeTHBHr2sWZMx1d8PvXoeg3Ga45wY2-M0LtLzkc-CON5_3fPOA2Cv6YTQw_WKFDpm7qmctdmTYNNmAIdmhZgmaHL4wiaM---MZFiVbRvuLlFPxOJbt4V5pYGqSHQ=w1200-h800"", ""https://lh3.googleusercontent.com/gps-cs-s/AC9h4nrK1ZPxJtBLMmwcLRHToVrb0fUDLSBFiwUL6UUZcoDUCxIsPDMlw8Lm43Xeg2qM00LOLG5FvgaMv8S1WKWdYXm-yJkl2_j0GUOuFDGsl4vvk8eBPXwgnScMpvbL8jjByYG4vS0=w1200-h800"", ""https://lh3.googleusercontent.com/gps-cs-s/AC9h4noNsSTufyUDbbC0FQai69s_5aq1xheMzLFyTxt4u5hFhElhXN6LhaGJNICGybceJ90SaN8mw-nBHm2ROw5Qla0xEpHQex1ebLf4iBZuA6wfvbT3OtikTA8ujxIxgVMA8BewObpawQ=w1200-h800"", ""https://lh3.googleusercontent.com/gps-cs-s/AC9h4nofzk2b-ca6tltRowxQeV-CMs-WZSwFEer3pONNwI5-BEh7zLuN127o_wqWNnPJotMll4Q14yDAiUq_pnWf9fgg6HMJwhyjW-Pm9gxP5fHUa677tyVW9kqqks4_f-Ooym2GzYA=w1200-h800"", ""https://lh3.googleusercontent.com/gps-cs-s/AC9h4nqEJxfsy9TQTPprQS7VN2v-MRA7mJ5r0_dx_QaMlzP__GBIU6E_YNTxFyC5p11suAR9gCrzYMXve5_o-iMHOSU0Zlo0Ilj85ytT_TUo_5yTvRUmAFhaf_Bu2ZikOQjNt1nDKb12=w1200-h800""]",https://www.google.com/maps/place/Gorilla/data=!4m7!3m6!1s0x135793e7508411e3:0x3927bb288a60a333!8m2!3d40.5228875!4d22.2055981!16s%2Fg%2F11h0gzk0mt!19sChIJ4xGEUOeTVxMRM6Ngiii7Jzk?authuser=0&hl=en&rclk=1,2025-09-06T12:10:48.022369,,,,https://www.facebook.com/Gorillacreperie/,,,,
Deipno gia oloys,Dinner 4 All / Вечера за сите,Grill,4.6,135,"Moymogloy, Edessis 3, Veria 591 00, Greece",Veria,+30 2331 071352,,,40.5243025,22.2058532,,"[""https://lh3.googleusercontent.com/gps-cs-s/AC9h4nqxhrUwIL6n6JwU9jfPVxVA6dZ8n2eXw_8ihWLMBJAcxg5VNM8DUwAc8IPXisD-nGlkeGksi1DBgprtAbTBkkaAhWlNcHfHfdmAYe_CvhABTz_LlHqXe2UXZrBEaCKIgdo1dRLzBw=w1200-h800"", ""https://lh3.googleusercontent.com/gps-cs-s/AC9h4noP5ikCN2hr03UMIAhKfjt4XvV72rdE1-dss8uX61CLt_uO0p6aQfW483dp9z9w9Vo3pTc8h7EN6Wvvfnr_Qt1zu7n5BN_XYL8L1P3SKgifsWb67sE47s8JKuZpnh09OY4VFqTCqg=w1200-h800"", ""https://lh3.googleusercontent.com/gps-cs-s/AC9h4nrLlOmyWYjepc5uDQ8-A0-R_8-mHmX14-NpWdQm96U_M5jcI-4vQw2WLwVvpgSoeUEqGUtwF4hu3-nqBsqVFqR6Y8xOw5xZ73YxdaQq4Pc1YVJD8I5S0GjLP1NBh2VyL4dXyyIP4A=w1200-h800"", ""https://lh3.googleusercontent.com/gps-cs-s/AC9h4nqQeiLpVx5yi7Ifk7xZzlj44OqJeh18LeLXi-mD2mjFf-9gh0-0ESr1E1O8RZxWveveXQPmv7yPk_hUVXgH5XNnBVkkYkWpaUOvhyEF46JLsi4AfarYUi0Gx8zt2hg0ffM38KIM=w1200-h800"", ""https://lh3.googleusercontent.com/a/ACg8ocIShK2hSK0MJ6UFgF4uskickjXYCeg7cKtfbaQaFhOfiAwRVg=w1200-h800"", ""https://lh3.googleusercontent.com/a-/ALV-UjVORgCuFcM2mMYDm9uI7bWnmzJDXbAqPXuZTwdjG2v95fjJiMg=w1200-h800"", ""https://lh3.googleusercontent.com/a-/ALV-UjUiARiZaB6InHFxvFDwjXluekn8CdwDzwg4UTaFEte_iF2F4owE=w1200-h800"", ""https://lh3.googleusercontent.com/p/AF1QipNrXFr22kfNj75ojA9mlV-8SW0oRGcNksbUojfi=w1200-h800"", ""https://lh3.googleusercontent.com/gps-cs-s/AC9h4nogXf66qHKLr19M2k3o1pu6VXg3Rcq2jm9EnEJrnli60f7S-BWCm92W0QchDfw_HNUo2qPASO8F2jPTh_0zRnHXrY5OeaWnQ2IMbWeoqoIQjXkjWIv3cQ8ZzD0KSAgSQ8GReu4o=w1200-h800"", ""https://lh3.googleusercontent.com/p/AF1QipMJaH5PzZ1-2GPEJFLV6O7wvllDL0qY9XtX215b=w1200-h800""]",https://www.google.com/maps/place/%CE%94%CE%B5%CE%AF%CF%80%CE%BD%CE%BF+%CE%B3%CE%B9%CE%B1+%CF%8C%CE%BB%CE%BF%CF%85%CF%82/data=!4m7!3m6!1s0x1357936bfaf3b283:0x7429c96f2651306b!8m2!3d40.5243025!4d22.2058532!16s%2Fg%2F11h2_8bwzv!19sChIJg7Lz-muTVxMRazBRJm_JKXQ?authuser=0&hl=en&rclk=1,2025-09-06T12:11:01.140230,Saturday: 12:30 pm–12:30 am; Sunday: Closed; Monday: 12:30 pm–12:30 am; Tuesday: 12:30 pm–12:30 am; Wednesday: 12:30 pm–12:30 am; Thursday: 12:30 pm–12:30 am; Friday: 12:30 pm–12:30 am,,,,,,,
“Kotopoyla Light Melikiotis” Athanasiadoy Olga,Menu highlights,Chicken restaurant,4.5,211,"Iras 12, Veria 591 32, Greece",Veria,+30 2331 029209,,,40.5266328,22.2053835,"[""https://el-gr.facebook.com/kotopoulamelikioti/""]","[""https://lh3.googleusercontent.com/gps-cs-s/AC9h4noIcdGgidH9XcjYZrTAmqXwG0aDBabOu8M5ZL2h0W4ut-a27sEKptGUDemc7YOYPdK3bj85KU7SjvAZ7OZ1TF9Z6nbWLokZcccHkoEW6-jetXUtaLgi3U8AFvay2w0gQ7BfnWyR9A=w1200-h800"", ""https://lh3.googleusercontent.com/gps-cs-s/AC9h4npmCu41DSLBuF-fuB1HRiSTCW7cyVzabECLORBIVoxvoxw1YxN8sDZqCGjxKPvTlj_QMcUfECqH9THzuqgyHLUsrdTfQ6nyMtJN1Tuibky0EYRyq4Kq_MCO6wbdS_3OcKyQiPun0A=w1200-h800"", ""https://lh3.googleusercontent.com/gps-cs-s/AC9h4np00bkgn8qN6591myh11BO36_UzzRX25R703f74RAMw-EJmYVDYimCOdRgSsADlKVJHaKaPn3wHdosthiwi-LO7qfVuz341IZHK04YDtvP04pZUvlBmdSdfJAlhIOcWvWWlKr_i=w1200-h800"", ""https://lh3.googleusercontent.com/gps-cs-s/AC9h4np8cFwhCHDUxkYJgBskOsprGsnQm69uAPHltv92BtvM5U6nBgR1zTVZyJ3ZC7IiMq1PHyY-BVgP7RecGNi7GaPbj6KJJiCx3axp_kyls7ZtQvuuH17RT5NUmzWJO4wq5ImHolQ9=w1200-h800"", ""https://lh3.googleusercontent.com/p/AF1QipMydplfx4ibJpknvUoBRKzHxAD74hRIqnZA1ghq=w1200-h800"", ""https://lh3.googleusercontent.com/gps-cs-s/AC9h4nqC4AWTTxMTBOFP4KMAbmKF7u5RpYzWFr8JsBy9BC8ptp3M7-2OVX8STn5S8kxVfLkCbKKB3qAODBhBKysUVkfzAfmAzKtCtBS8VKgV8c5nZd8zGubSc-6rTivDukqAIXPkgzZ4lw=w1200-h800"", ""https://lh3.googleusercontent.com/p/AF1QipOFYgcVEWZC25JT_Mq3D9wJ8KVxfYfiPLes_vPD=w1200-h800"", ""https://lh3.googleusercontent.com/p/AF1QipOjrqTGDWr7G2B1ga7pxQLFpuqbPGw6v-ajpC-K=w1200-h800"", ""https://lh3.googleusercontent.com/a/ACg8ocK8_DnIu6OmXVE2LqIKSXOi95FWuzqicHMca4PQcWZ9g1YgatM=w1200-h800"", ""https://lh3.googleusercontent.com/a/ACg8ocL84VDXEcAvNjz5fzRnxDfeNbIx4YpP610al-52wbSbD2i5mA=w1200-h800""]",https://www.google.com/maps/place/%E2%80%9C%CE%9A%CE%BF%CF%84%CF%8C%CF%80%CE%BF%CF%85%CE%BB%CE%B1+Light+%CE%9C%CE%B5%CE%BB%CE%B9%CE%BA%CE%B9%CF%8E%CF%84%CE%B7%CF%82%E2%80%9D+%CE%91%CE%B8%CE%B1%CE%BD%CE%B1%CF%83%CE%B9%CE%AC%CE%B4%CE%BF%CF%85+%CE%8C%CE%BB%CE%B3%CE%B1/data=!4m7!3m6!1s0x13579290601b5197:0xbdf4803ac9cb58e6!8m2!3d40.5266328!4d22.2053835!16s%2Fg%2F11cfctpyz!19sChIJl1EbYJCSVxMR5ljLyTqA9L0?authuser=0&hl=en&rclk=1,2025-09-06T12:11:19.655070,Saturday: 9:30 am–4:30 pm; Sunday: 9:30 am–4:30 pm; Monday: 9:30 am–4:30 pm; Tuesday: 9:30 am–4:30 pm; Wednesday: 9:30 am–4:30 pm; Thursday: 9:30 am–4:30 pm; Friday: 9:30 am–4:30 pm,,,https://el-gr.facebook.com/kotopoulamelikioti/,,,,
Papagalos Ristorante Italiano,Εστιατόριο Παπαγάλος,Restaurant,4.4,570,"Leof. Anixeos 104, Veria 591 32, Greece",Veria,+30 2331 060506,,,40.522731,22.2073797,"[""https://el-gr.facebook.com/pages/category/Pizza-Place/Pappagallo-Ristorante-Veria-1182672421813495/""]","[""https://lh3.googleusercontent.com/gps-cs-s/AC9h4nrnuRwyQrU_DDVW6P2QYReTk-DrqGTmS277_DzXAdqIbLdOJmHeiHPmmPngMVR-a9rRS44Wph56M9OHtPpf40ZAeF-swPsgbDf65LCzz84K2rwqa1zK-PjRVOPvvO1BaUtpd50=w1200-h800"", ""https://lh3.googleusercontent.com/gps-cs-s/AC9h4nq8SF2DV8f-l_ra3B7ZHeF6FuzRTJWz69iHIr7qG3-w0N-Mjv_SBruNNvWC3sy5C6R2C9Ilp32PWdurc_ceKNTeOGANpCxMHX-nNQoMBcHAVEud9_Fe_jVufcF2IBUE3r5i-EJP=w1200-h800"", ""https://lh3.googleusercontent.com/gps-cs-s/AC9h4nqnQJIJZoDh9JoHxi50hMpmzQUpaAkcA8UzeTmlpf4aXITTz1uRiYAIzUfNme3CS7Gw2NQ3RnMMBIlwgkZmNMsB12uPgmfI6vxYY5jGlj155fab2iNZIU3W2Lc_hkCnapdw38tBZg=w1200-h800"", ""https://lh3.googleusercontent.com/gps-cs-s/AC9h4nrXe5ee7SkU36WYi3VmVC_ZQY1us4LC0YpnqQdkOoI5I94sqkxB-gEzsuC0gPlxNSsCm0f1QdkvGZuqXNRdZE2EsFJXhk2p-p3ULFeMYirR1oGqmBZ5Ej8UUyj1cIcUCAnPszs=w1200-h800"", ""https://lh3.googleusercontent.com/gps-cs-s/AC9h4nqLsfw4zgsMMjqMnbuEMvie35Remfvk4YWz_qW93ZbNcwqSwy4wy6hFnB-eHNGG33GMSvvBW5Jv0Sys9Rw8jAc-uIglkGA6hmsIMy3-71XDHWcQbZ0_pGbFiyLw4zjmlHKjPGkHQg=w1200-h800"", ""https://lh3.googleusercontent.com/gps-cs-s/AC9h4nqycH4P2g5HrtkhM8i7Ise2gFzW0XZOXEbDeQRYedT1IOQSov4ZX9DSIWhuejh4DVhZpcNQnJDYmlb7UFw0KYMw2kV5JA0RJp8Wxehst5J2DQC4VOQqczg_iKVmt9nF5g5-y2Cf=w1200-h800"", ""https://lh3.googleusercontent.com/a/ACg8ocLhQEpxwpNHXM9ZzXXIDixo97gxmj03DT8x6Vm5n6FlmQPwEA=w1200-h800"", ""https://lh3.googleusercontent.com/a-/ALV-UjVY2Iew9HTP4SfUkiZtNiGuTabDJ36FCN6qXHjttn9WuIAA5j0c=w1200-h800"", ""https://lh3.googleusercontent.com/a-/ALV-UjXdo730znAueezc4AocZHzFqzkRzarAth0unJvhKRVX6xa5Xm6V=w1200-h800"", ""https://lh3.googleusercontent.com/gps-cs-s/AC9h4nrg7C8cjTHecw84IUpM9RnOBWQSrUAxmBD6O7WW1F4sFTXrEDvVq3WLYJRdtJXhycvSTh11rbPtk50eKrqxrrZdNL0n7xIUwcbpmU-I4jUCY7lCELCtaXd1iW5n57waUWzB-kRj=w1200-h800""]",https://www.google.com/maps/place/Papagalos+Ristorante+Italiano/data=!4m7!3m6!1s0x1357929bcae438cd:0xe5cdd591567406cb!8m2!3d40.522731!4d22.2073797!16s%2Fg%2F11bzrp95yg!19sChIJzTjkypuSVxMRywZ0VpHVzeU?authuser=0&hl=en&rclk=1,2025-09-06T12:11:37.452059,Saturday: 12 pm–12 am; Sunday: 12 pm–12 am; Monday: 12 pm–12 am; Tuesday: 12 pm–12 am; Wednesday: 12 pm–12 am; Thursday: 12 pm–12 am; Friday: 12 pm–12 am,,,https://el-gr.facebook.com/pages/category/Pizza-Place/Pappagallo-Ristorante-Veria-1182672421813495/,,,,
I Strata,Add missing information,Gyro restaurant,4.5,65,"Mitropoleos 49, Veria 591 32, Greece",Veria,+30 2331 072720,,,40.522688,22.2037349,,"[""https://lh3.googleusercontent.com/gps-cs-s/AC9h4nq_1NSUZbC0ZxIy1ubHY71EWnmdldlreZZ0uLfUiIoWB4hocbxxUAYZCkVNMFkiaWQbPXwDqXVMz9dWYdnOrZem0Lg9zfwc9xHOAEc2G8gSvtt_GOxSnsS1fPrOsld8DbltN3P6=w1200-h800"", ""https://lh3.googleusercontent.com/gps-cs-s/AC9h4nqZsEV37QOCsXWzGL-VrMZV61HsDFPQvY7LDmvI_PsgUkPWeLF7t4k0tcHXFXlZdxNqgyQvU8K8j16PxN0ub2Jic63r5KM_5mxF7mdpi27PiSYmDcxZl-ypql-r6IJYOTpDW-hg=w1200-h800"", ""https://lh3.googleusercontent.com/gps-cs-s/AC9h4nqqPf8lL5vdZteq_vha0uu4rmDNkMkqm7_eaf-Q1v3xHisiwXxqyTrxhKPidoHpIf7KhuFHX66t9DAcW0ldNuY5y5NIz74XwNIbm_IBn0c4ajH7dJaKW2NNJb8hkSLSKbHzkWWX=w1200-h800"", ""https://lh3.googleusercontent.com/gps-cs-s/AC9h4nqr7YpQeMn_QSMDbW8dVXkh-AnjgdqeaXO-beY8u9AxwQRuFN8j5eIdqg2fKyAvASaTqWoJWfL8Iyzz2FzlWcJAi858siY3b0zX2joLj5ItEZ13GVXcO3bzeMJOP-IJN5DT1CgU=w1200-h800"", ""https://lh3.googleusercontent.com/a-/ALV-UjVSPqzdX7kVYhrIN23LpKtB_kfamIpm78X7D_-W5SU8_Or_PGIf=w1200-h800"", ""https://lh3.googleusercontent.com/a/ACg8ocJuhGDM_B78dPAICXPEvLUKmdzFM7Luyf-9QY4dntEU0ceUnA=w1200-h800"", ""https://lh3.googleusercontent.com/a/ACg8ocJVCJEu48sz4OFv8-VY3g2DAZVluNYi6x_0r0BYw-oWseopQw=w1200-h800"", ""https://lh3.googleusercontent.com/gps-cs-s/AC9h4nrDYI7TOY4a6IRMPxVW6_6tvZ7U7aXoZP_K-L_8t1RYGFqmpbwAcJKvqFKsRmzQOji6ELtYoOfgc2cbTQxCjLFBkr1kNIBc7rbhtwLkME8h37IVQVJGxeDd-4nqRTV0nrVLLJrQRQ=w1200-h800"", ""https://lh3.googleusercontent.com/gps-cs-s/AC9h4nq4fyO20yOz2PoY3lphAtRGf0cyGv3z3kIJMa5BEEvbM5wG468eo6U1F5heL_K-_vKh9Je-9Ugsn3Skm-ChO9zYqZ-w2EiDtSZV8g5HJ688B3suhR7VWC5AzJmZtDugVhFCwec=w1200-h800"", ""https://lh6.googleusercontent.com/proxy/z4vgtIW3X9ikx8OOvgI-oFxliaNz5XQrwmRDCqVAa4i7f0eEfD-JzSa66r2pBdlloTs4PdpGEyoHpd6v5r-C5XDjRAg3LO7b6TNibPF3wmOj9V3J8OfQTKjGrhCj58jGSRyU2izdf0wnnqzfzKGNGM1w1fDq5Q=w1200-h800""]",https://www.google.com/maps/place/%CE%97+%CE%A3%CF%84%CF%81%CE%AC%CF%84%CE%B1/data=!4m7!3m6!1s0x13579359e702eaed:0x2ae9f44758e8a7aa!8m2!3d40.522688!4d22.2037349!16s%2Fg%2F11rckq9y39!19sChIJ7eoC51mTVxMRqqfoWEf06So?authuser=0&hl=en&rclk=1,2025-09-06T12:11:54.872089,Saturday: 6 pm–12 am; Sunday: Closed; Monday: 6 pm–12 am; Tuesday: 6 pm–12 am; Wednesday: 6 pm–12 am; Thursday: 1 pm–12 am; Friday: 6 pm–12 am,,,,,,,
Giannis,Γιάννης / Јане,Fast food restaurant,4.7,564,"Mark. Mpotsari 27, Veria 591 32, Greece",Veria,+30 2331 025178,,,40.5177996,22.2022352,"[""https://m.facebook.com/giannis.grill/?device_id=""]","[""https://lh3.googleusercontent.com/p/AF1QipNRDazt45TAejRS7gWFgql6UXGTMPWJGbw_c-TQ=w1200-h800"", ""https://lh3.googleusercontent.com/p/AF1QipOBJ2Qk-dTMsBgmx_2ZbPD8AoQr0mY2iAtPT70J=w1200-h800"", ""https://lh3.googleusercontent.com/gps-cs-s/AC9h4npzac5HVu1SMpopjk6UEkPBGh9nAyASvKcFFJEgy4mTdAviAOr8eQpP5CLcR-h319Z_HcUqHQZosIkdn-q2ZOIR61iak-mR2s5vd__1KFqGQe1fIFeTrNBmFNkssPq27_u-UKuW=w1200-h800"", ""https://lh3.googleusercontent.com/gps-cs-s/AC9h4nrMBNrJQhto47fzRaS7nk7AEHaxMPIXOSZNIEaEKhW-ZDO08BoPD6D_WIiUAyU_zXoei4viU6j-iBRRVuU84iX9_KQe8T74u6xzGWaj0BJ9eCtpltJX4n184Cign2LGd4axRTP_=w1200-h800"", ""https://lh3.googleusercontent.com/gps-cs-s/AC9h4noczSNvPX59IZQP8fAIJXPO2E2bNXJLUUDB4laDsPkeqleWCcepapsqR_EVdOvHAGO5ypWsmLrQYMLMVAXAOTHR8DK3n_P3GNVwiJfyl4Mrh1yWFK_vfrRwdWQIyhCDNfiOelxZ1A=w1200-h800"", ""https://lh3.googleusercontent.com/gps-cs-s/AC9h4nrH-Vz0oundXs5WIkPq2aTxH_dNZziI7ImFpPIDZ142r4znjTyO8hJHca3qeVIJCJlU53Wqo70pvpCYzJasjwXlrqLSeKJDYfTnTV-zy5XRM0p7D6PUPLHTKZ77mhxCHuVUOErz9w=w1200-h800"", ""https://lh3.googleusercontent.com/gps-cs-s/AC9h4nrjA4jc89pS8F5CJyDQ_D-y5A63Q4BVhmMJEtWPk4TEZPz7fogcEhJZz0DFA3ucHFfftvMYv5EVc6bOuaLZUmoVshz3uBw6hlyZ6rGnXIjw5iHWX5B2xnR_ZS_Vywrb6lAJd4CYkA=w1200-h800"", ""https://lh3.googleusercontent.com/gps-cs-s/AC9h4no_yExH6fkK2t3bmpQ_uiZx48EUtEzafb6L9h7mWe0IxXmvzpKQvsENPiKJ4xUFgin29YewcS6ai5YqBdmrRSiYzYBvZBaAOAFvKwAr1KgdE7QVtryIG_W6yw0EGIMh7cOKNI9pIw=w1200-h800"", ""https://lh3.googleusercontent.com/p/AF1QipMdvGjZf5SZ3fmq3JrmUEtlplQud_cN5F1WpS6m=w1200-h800"", ""https://lh3.googleusercontent.com/a-/ALV-UjXNb5_LosnPL2U_fMZk4k_dHeqYdGUAePPFQMsG8Ns4rZBVIgJa=w1200-h800""]",https://www.google.com/maps/place/Giannis/data=!4m7!3m6!1s0x13579282b60f25b3:0xe01a451dcd717180!8m2!3d40.5177996!4d22.2022352!16s%2Fg%2F11g8w2c8fb!19sChIJsyUPtoKSVxMRgHFxzR1FGuA?authuser=0&hl=en&rclk=1,2025-09-06T12:12:14.225276,Saturday: 12 pm–12 am; Sunday: 12 pm–12 am; Monday: 12 pm–12 am; Tuesday: 12 pm–12 am; Wednesday: 12 pm–12 am; Thursday: 12 pm–12 am; Friday: 12 pm–12 am,,,https://m.facebook.com/giannis.grill/?device_id=,,,,
Trigono,Τρίγωνο,Dessert restaurant,4.5,780,"Stratoi 27, Veria 591 32, Greece",Veria,,,,40.5287467,22.20841,,"[""https://lh3.googleusercontent.com/p/AF1QipN4Kwths6_i4_4tLsaGrivYF493kSVmuWcpbM29=w1200-h800"", ""https://lh3.googleusercontent.com/gps-cs-s/AC9h4nqV5ZGdheRdPYKTsPDfjTjDXu29rFxxK9Y30-27skbsuGQk_I1hmp04anR759bbaFUcJfeVvoaHEoW-tBeDx8PhWgizpOk9qgCs0RGmzisGExe7SrWlrQbXSOX-DySbny6bSBhT=w1200-h800"", ""https://lh3.googleusercontent.com/gps-cs-s/AC9h4npKnxqG4SwW2ZxTVp4j5dDVa9PCXvgz8yEAvZ2cbOcE4CogUiaQQtBXMMMfn5kpXPuLupJ7zCJj2sni5J_occ3DHS3kbOl5EwDAUPrJcpHS8wNfQL-NW3I_JvaZDiyf10tylCAbeQ=w1200-h800"", ""https://lh3.googleusercontent.com/gps-cs-s/AC9h4noU_Wyex2MFFcSxqgpOmN3r8D4X1U8KFCM3L-Xu0NKDn82x_27TbrtmYJw2mIiZ89bfRhYBBahRh5tnc85vEj8urnzDqtXsp59P4bKG6jKkKMoRBVdPqEElPjMzgpGLyX9oNfBW0Q=w1200-h800"", ""https://lh3.googleusercontent.com/gps-cs-s/AC9h4nqjddS-YI2DPx1aFenYPT3QtA-UwTFCel6HS3PiIGhXqAR-TYMPoPBxxiSFMZEemG0k95S9X5eFXKuoSj6pr1Pzgnw2WiLzbUiQvd8TwfTNvlU3cSEyrUJIln0q3kqtAWBL6uffLj3hpis=w1200-h800"", ""https://lh3.googleusercontent.com/gps-cs-s/AC9h4nrdx_-4VEXYQOTX3OmacCoXAT_9KSan-vNkO5Q1K1rJghUOYzVEXDalyl6I5wXzbqs-ELnqgel575ig2hxphnsW0A4G5NY9Fv1uKrYlPUPS6vL5uO5B6DH2Tc29mDme6h7jV2a8eG2j_Hg=w1200-h800"", ""https://lh3.googleusercontent.com/gps-cs-s/AC9h4nqxvsKT5rg7rIsjnet69yowzJiWgTDsxZce7Vv43qhNM1Ak3MSsqErMnYfSlXSW9I7plm6XRRBWkMySQJylK5pziE0qumyOJ0fKd6HhaZ_2ek7SvtE8KvDysFC1SLCHr0_S1BYkWA=w1200-h800"", ""https://lh3.googleusercontent.com/p/AF1QipPBBrxh_ubOP62j5TjnzfltW6WxmxOEPww_xTYP=w1200-h800"", ""https://lh3.googleusercontent.com/gps-cs-s/AC9h4npgg8iPd6XOLCwC-iv6WyVhBhIbhKFTvaVtHdGOVAAVGHSK0eFW7vIHLokF6aDudcVnVRH_ECXo7nIpu70F1t9_yIAKvDSCMBsKI4l5b97PYZWA-ViiIKote08JcpITdbLK3nQ=w1200-h800"", ""https://lh3.googleusercontent.com/a-/ALV-UjUlfju9h9DNA840x89sIUunea5BMsmmuEGNEw2Vd9T3aL6Fo63MgA=w1200-h800""]",https://www.google.com/maps/place/Trigono/data=!4m7!3m6!1s0x135792914af14ec3:0x43fe63b0eb5108de!8m2!3d40.5287467!4d22.20841!16s%2Fg%2F11c76l_x7w!19sChIJw07xSpGSVxMR3ghR67Bj_kM?authuser=0&hl=en&rclk=1,2025-09-06T12:12:29.262178,Saturday: 6 am–11 pm; Sunday: 7 am–11 pm; Monday: 6 am–11 pm; Tuesday: 6 am–11 pm; Wednesday: 6 am–11 pm; Thursday: 6 am–11 pm; Friday: 6 am–11 pm,,,,,,,
Mr Chicken,Add missing information,Chicken restaurant,4.7,346,"Pierion 96, Veria 591 32, Greece",Veria,+30 2331 072444,,,40.5149062,22.2071431,,"[""https://lh3.googleusercontent.com/p/AF1QipP_Va86a-RV3_N_XYfGK3MxhAqd6-DQ-JC07MxH=w1200-h800"", ""https://lh3.googleusercontent.com/p/AF1QipNQe1O7rq0MC2aM9biY2npzAySwzYzm7RN_uh0O=w1200-h800"", ""https://lh3.googleusercontent.com/p/AF1QipMRfdWa9KiNC99LxqlYdkjTPS9gbvdnCEMvmshu=w1200-h800"", ""https://lh3.googleusercontent.com/p/AF1QipPkj01JtUs7fcmofeCPNL6-8-lI3HaoKxjInOxZ=w1200-h800"", ""https://lh3.googleusercontent.com/gps-cs-s/AC9h4np0FPWipetMZX9aNGhoLXVYEmOdpyN8pDsi6StLERr1KWShoj4Sqrw2Gf3nfTxhy_oFe4tL2UiR6rIMA7aTtMyK7vPnmEXCH1tgXWHXXCwJ9O8HyCrk2SnGCm1TKbvxaESAppc4d83GY2E=w1200-h800"", ""https://lh3.googleusercontent.com/gps-cs-s/AC9h4nrw1YYMWsMxkdbwrOD-zkIzE72-qzKG-pBGDYBXtGuGDkAMJRcnvkW5GjkNLA-bs1mlvHbIMyuiD8F7f2WmvprvlN037nPebjRdiYEpLG_pMEHxuwRqRJsfLXg9usdryUbaZtWipA=w1200-h800"", ""https://lh3.googleusercontent.com/p/AF1QipO7_DD0G2ifUGejCK4JXb7z1xkn8Jw8vEfW7GuF=w1200-h800"", ""https://lh3.googleusercontent.com/gps-cs-s/AC9h4noZN1jB35nWS1vIh0uzklgNQ4SgsdeAsN_u-U2bcKxlrdKKNcisIzAkUiNoz6VUIRcGnLyOlcbkXh0g8X0Vrap_38wzxatGw_EWthgB5wc-pDurOqyYJnZF_gWrRjaJ4IGxK2UZ0JXlJy9m=w1200-h800"", ""https://lh3.googleusercontent.com/p/AF1QipPQUT5vWPJP11I1F6lxZfj-xf96w41T2f7Nsu_t=w1200-h800"", ""https://lh3.googleusercontent.com/p/AF1QipOldEhbpXAMZLXj0mxxi0q7x6HdXHd4Cx4RMPCz=w1200-h800""]",https://www.google.com/maps/place/Mr+Chicken/data=!4m7!3m6!1s0x1357929d4d5ff79b:0x71c1ecef2559a94e!8m2!3d40.5149062!4d22.2071431!16s%2Fg%2F11d_850x_z!19sChIJm_dfTZ2SVxMRTqlZJe_swXE?authuser=0&hl=en&rclk=1,2025-09-06T12:12:45.530216,,,,,,,,
SALA | Estiatorio & Aithoysa Dexioseon,Updates from customers,Restaurant,4.2,117,"Leof. Anixeos 61, Veria 591 32, Greece",Veria,+30 2331 064000,elia-veria.gr,info@elia-veria.gr,40.5229943,22.2078159,,"[""https://lh3.googleusercontent.com/gps-cs-s/AC9h4nrjZTgSy86gEfjEAM3lfzYuTBCX6mJOC5Nke86oU16A1gvilTxZQiknyQYGF3u88hPvbxzHSp0cBSieoN4QLx6EqfGPy6LkZO3KARXhKPZdcZ33d-_oEDdk_C3ckgf5eL5ntTkD=w1200-h800"", ""https://lh3.googleusercontent.com/gps-cs-s/AC9h4npQMoPSnThDhwGbZgv3a9PIv_sA3SvW2MhJuk2haGg2kQzq6eWuuBLKIz7PP_sy80SCRtx9UbgwBCxxxRcefXVxMasl5AQheshuRJFu-ZM0_Nzj__tZXyBonLiaQ7Kq8gYL21U=w1200-h800"", ""https://lh3.googleusercontent.com/gps-cs-s/AC9h4nqZdGtPhu2Usq_1b6NVNc_MxlTe8Sr5Bq3jCNFpof0oZSRaoYmDUlKkZH5upc2g1uof8YT-_Qwqoommn1SgOyQOg2xrlcRRt4dlSO6Dh7pE2CDymqAXQwYGnChRoAQW544KS2RjVA=w1200-h800"", ""https://lh3.googleusercontent.com/gps-cs-s/AC9h4nqSCxiXjuGiQPuYCYl0LX8skzIIJRw_FV0R-wtUmUw-scpgtTMCsx12XPPAjJ_IJB2nL7olFCOJ4JtybnvrZ6zYb6N9byMoWiFtmfSQePJMgIXxEYzIf5pGgrZkVjJfi_tXlcNxmg=w1200-h800"", ""https://lh3.googleusercontent.com/gps-cs-s/AC9h4nresYbQ4AxtopyBxs64NsvUmqdI__oiGD0_GEpHoHx38qg-9_i6YftJWHQVAZRtRaEQp-987rwL65OYJPhS1G3y0rN5MoCWuIj6nxsDVJjw8OHBmEEHS6aRr6nfua6ZhRXs1Or13g=w1200-h800"", ""https://lh3.googleusercontent.com/gps-cs-s/AC9h4nrbpFaea4YUelKFd1QDwFdfkjaOT3e8IoJNEQP7xrMBgSomBlwGV-d-Wz30AK7K7pyALdX4MjGpzFuUimsFOpy2LIw8OHqrDryuXCT_vrKOdrFZ8VY2T3_fLlHYHO35ne6xhW58-g=w1200-h800"", ""https://lh3.googleusercontent.com/a-/ALV-UjUQj46dwnQDEB2acL-5kWATDeU3vIiKO4NR-1qgAcFAnczOsdkhCg=w1200-h800"", ""https://lh3.googleusercontent.com/a-/ALV-UjUk1qaCEwcqKTW41HHBSej2pdlP5I6xz1vySlbUg5V9uhpmApvY=w1200-h800"", ""https://lh3.googleusercontent.com/a/ACg8ocJyjXbzJvaB4rdfn04vcFHwRNnGP9hiSL4GbfT0Kw5B-NPQ_g=w1200-h800"", ""https://lh3.googleusercontent.com/gps-cs-s/AC9h4nr6o4Bfx9QkbSCDrbiZj2vXIyTJhE1SRhCoEGUFCF9F72Jg0Q5YHHUJa44BfTgylMqCh5lxKX28aD_Zc4E_ytMBX_DXUL171n_lF0IrRyE1rmAnK_JVe2AoI8Afsop2v3rsYZqTJQ=w1200-h800""]",https://www.google.com/maps/place/SALA+%7C+%CE%95%CF%83%CF%84%CE%B9%CE%B1%CF%84%CF%8C%CF%81%CE%B9%CE%BF+%26+%CE%91%CE%AF%CE%B8%CE%BF%CF%85%CF%83%CE%B1+%CE%94%CE%B5%CE%BE%CE%B9%CF%8E%CF%83%CE%B5%CF%89%CE%BD/data=!4m7!3m6!1s0x135793edf3eddffd:0xf36fb607d4053939!8m2!3d40.5229943!4d22.2078159!16s%2Fg%2F11h6s23xck!19sChIJ_d_t8-2TVxMROTkF1Ae2b_M?authuser=0&hl=en&rclk=1,2025-09-06T12:13:03.265848,Saturday: 9 am–3 am; Sunday: 9 am–3 am; Monday: 9 am–3 am; Tuesday: 9 am–3 am; Wednesday: 9 am–3 am; Thursday: 9 am–3 am; Friday: 9 am–3 am,,info@elia-veria.gr,,,,,
“ TO PsITOTEChNEIO”,Add missing information,Chophouse restaurant,4.5,41,"Pindou 1, Veria 591 32, Greece",Veria,+30 2331 062020,,,40.5268892,22.2038208,,"[""https://lh3.googleusercontent.com/p/AF1QipPnwhYd-OukPe71E_AczcyenHCJI-AMLDXO8vjG=w1200-h800"", ""https://lh3.googleusercontent.com/p/AF1QipNah7jNUtAlo5YWyb9iHxwNXTSJOom4nnv49XZG=w1200-h800"", ""https://lh3.googleusercontent.com/gps-cs-s/AC9h4npAOtJIsJjnu2PB2sCqVzbxWnllr9Mq8Xo1AYVXUyvgZYgxr10gOt3Nfg0VUvKTqlE7Dg8_Kvn9HM0wW00xQuUQpbRoVDdZ81CBYNSrPi2-uHp8A5U9fK6DMmjvSeRHIPSuWlnpcg=w1200-h800"", ""https://lh3.googleusercontent.com/gps-cs-s/AC9h4noAxFS68jsHHA2_xbqQHQPcmtF48l4RBF_kie2YyogchFM9lv5RITSjm1QxMow844aSJtRKCPJjJ7Q-wGu1ISuy_aSin9IHgYxnlUezZ_UMhjA1LdrITTyTItAdGvX5gIvppVG5=w1200-h800"", ""https://lh3.googleusercontent.com/p/AF1QipP5x5pcpuotIdm4LqDMcakUWuQoyUqF2sSgNX2f=w1200-h800"", ""https://lh3.googleusercontent.com/p/AF1QipPEWBN4r-ew5YvhXdYtW5rSocYzCbtDbOYnU7BM=w1200-h800"", ""https://lh3.googleusercontent.com/p/AF1QipObrA6l3h5CVlFOCGZQCiOjw-vj8izIOWqZjZEh=w1200-h800"", ""https://lh3.googleusercontent.com/p/AF1QipPz9DRgPXz85M8O7Q6vn8RcA0BZUO1ISkVUyI6X=w1200-h800"", ""https://lh3.googleusercontent.com/a-/ALV-UjW3xFV1lcIn4DafPdw2jFEZOfl-kM09SxohnGHRYFmjsEpPqCo=w1200-h800"", ""https://lh3.googleusercontent.com/a-/ALV-UjWCru2cCRhIeBKIq8ssjkqs3-045qojk0nyVnBQPr7jDLEwlkbV=w1200-h800""]",https://www.google.com/maps/place/%E2%80%9C+%CE%A4%CE%9F+%CE%A8%CE%97%CE%A4%CE%9F%CE%A4%CE%95%CE%A7%CE%9D%CE%95%CE%99%CE%9F%E2%80%9D/data=!4m7!3m6!1s0x13578d1ecd2ba917:0x8ac8b315801659c2!8m2!3d40.5268892!4d22.2038208!16s%2Fg%2F11rgc5y5y2!19sChIJF6krzR6NVxMRwlkWgBWzyIo?authuser=0&hl=en&rclk=1,2025-09-06T12:13:19.333299,Saturday: Closed; Sunday: 3–11:30 pm; Monday: 3–11:30 pm; Tuesday: 3–11:30 pm; Wednesday: 3–11:30 pm; Thursday: 3–11:30 pm; Friday: 3–11:30 pm,,,,,,,
three Steps,“Τρία Σκαλοπάτια” Μπουτζουρίδης βασιλης,Restaurant,4.4,124,"Mark. Mpotsari 56, Veria 591 32, Greece",Veria,+30 2331 024566,,,40.5146135,22.2037121,,"[""https://lh3.googleusercontent.com/gps-cs-s/AC9h4nr98W2r3uBbyCASP0xbQZve5MlhmuJbwHp7YBuj1JFm3SQNOyx0xRZhPFrxJ57DPWhJD6DyofNaN4NMfSDUcVvfFEq7LV251schaAVF5Ssn-byBpk9Xq9hs_k-_jra2VdVwl3wiiQ=w1200-h800"", ""https://lh3.googleusercontent.com/gps-cs-s/AC9h4nozbRDtHsMzzz0SQUcfqkIAP-V4ZhC3EhyJERw10NZHhQBpcTWi_CEdHOU23L74ax000IMCRZSXfYL3ESEgOgDrsj4IhLcIQG4WzZzS-hcCA7C4eJIpvYXy4LGMYbbyKvTXQ85-lA=w1200-h800"", ""https://lh3.googleusercontent.com/gps-cs-s/AC9h4noy1R4eCDZOJZZZ3ik_kWhLcj0a-2TSDc23ccWkH7A7kfO7DZJy1tsNrsR3N6Rux2SKJAFBzvmCfeIWAADpwukt67GtIelX-VpWd2iQLaWYLRpvUWOQVHBGqg_B_M_BWUaMY3he=w1200-h800"", ""https://lh3.googleusercontent.com/gps-cs-s/AC9h4noqcHysXL4cPcPOd3E9wrPaR__XTIWycgvi0ouQCGJ91FZ0MklWmXN9dtJ6d4hr2fGSIua3QWUvhZwYHLUasJxMjASguUOomrtJuusaYOEQsZP6lc6VhbQAY4W0X-VkYV5_zlj3jw=w1200-h800"", ""https://lh3.googleusercontent.com/gps-cs-s/AC9h4nqpz8j6yLGpw4BynnX_Rpmb3vljTViFxI-t8TbOLicTBnDIUuYvD5zyy2ChBo_DnVMr71DE9mAKLIFm46GopkOfl04O0zCWAV8QhybO3p6mySSLKcLIdZ56edzjQiAhpIaMy0ofew=w1200-h800"", ""https://lh3.googleusercontent.com/gps-cs-s/AC9h4noTrza3ZUaiKdFAjfml0EHE4GsBeFmPcymz0-Vg_rOQhPErNfU5cKY3lN_5zr3dtHXo88fh0tPVUx_y5UkU1hVPHTZzlbuiJz13S_GI-1-wOE_mx8dk5EnGuACCyQhFtJjxObAL=w1200-h800"", ""https://lh3.googleusercontent.com/a-/ALV-UjWGE8rtgDxxk9pLaZ7MMpCbyGpX9Ncd1rjA_cLbSokbO8V6B_bY=w1200-h800"", ""https://lh3.googleusercontent.com/a-/ALV-UjWxdunu9Kayl-vSvxcKew7JiYwCdDScU76DPRn_JiqTH9jed9c=w1200-h800"", ""https://lh3.googleusercontent.com/a-/ALV-UjV8Fb1_MmXBUYqpwZXQISfs74qFTdIOkRfzCf_UPXmg2h7mKhU=w1200-h800"", ""https://lh3.googleusercontent.com/p/AF1QipPy6jHCwZPPCHrsADXl7HRjh5VpZ5Z60rwPzp93=w1200-h800""]",https://www.google.com/maps/place/three+Steps/data=!4m7!3m6!1s0x13578d62c3722fd7:0xf335463654b6aacb!8m2!3d40.5146135!4d22.2037121!16s%2Fg%2F11d_9f_tnl!19sChIJ1y9yw2KNVxMRy6q2VDZGNfM?authuser=0&hl=en&rclk=1,2025-09-06T12:13:36.420073,,,,,,,,
“PsIPsIKAS” Psarotaverna,Add missing information,Seafood restaurant,4.6,229,"Pierion 182, Veria 591 32, Greece",Veria,+30 2331 020036,,,40.5108031,22.2146522,,"[""https://lh3.googleusercontent.com/p/AF1QipNSiGu_9hLCP8p-0tlYzmnway43UUqNZvBFDBeR=w1200-h800"", ""https://lh3.googleusercontent.com/gps-cs-s/AC9h4nr2ZiVAWTQlisjDr0CcqZPul4THDZ30usWEwRFMhmgvV6YivPSTm605M7OPEA_285BdNpN8ZY7DI7xrerAzoXFJrw_7ZkTuAowITmi-n10vPOY-XW1DyEETfRwCn0-M8wZIyAU=w1200-h800"", ""https://lh3.googleusercontent.com/gps-cs-s/AC9h4nqMbE2c-6Vnlv2NdNHcm1Sawo0ErGPlAX7vkE9-Tme66DY_-W1qHpRjJBjGrrsoq_CtRm4QZALWjj_6EiLMW87Ru0TbjZyBBGFOgPl7nqFNi_ZJJAf77DopSyXhFScSKQnRBiLS=w1200-h800"", ""https://lh3.googleusercontent.com/gps-cs-s/AC9h4noDdhQYvbgLx5rYRMBQnGMu6LTcxdlNvB056ljiiCFOQncAuZvN07hcLY2B4JtVayd373x8UuynpiNMp09vX-gbc8gAoW3gOC3EDsg2dgvqw9strqljd3NJ_tmBJfpR9Clk0vI=w1200-h800"", ""https://lh3.googleusercontent.com/gps-cs-s/AC9h4nq43ekHxNtFiTpXQ6_nWHACdmSYfB4Y7CgoHTBIYV1HX2QA6H-b5m0MxJg6SoqTnHB4_MbSity0jzAovhY9si_yIqsP7bP2xsyhfKwr0cKnZ-QlJa7v4IukC4NObjNFArZEdLGGmVySmSB-=w1200-h800"", ""https://lh3.googleusercontent.com/gps-cs-s/AC9h4noCumENjFRVgzOYH8RhZytnye2CRh_EKiKQfd0n1WynjcMHV2YBxlE-4HZepkgaSPM2HRWP2jnOF7-7Z8VaPsJF-KnuYDbGU90g1Atko2KHLEjt0WnCbY3Be8VIXxhp3yMFuKy5lA=w1200-h800"", ""https://lh3.googleusercontent.com/gps-cs-s/AC9h4nqlE8fmb9-nMkpB6Y0DR5F94j9IONwOgR_AWi2HoOM2699Eq3BzE_7P5miexgviqTKY1qCpa-NUSXvjfhpdJsO2DJhI32i1V3ZSdZxEKQm2eQGvEKszj5_OqxPZmrAnaKbgD7Vaww=w1200-h800"", ""https://lh3.googleusercontent.com/gps-cs-s/AC9h4nqrzPT7q7HRvttM7i57uAO38gUh06oKi8a7tHFDG7rBSV9gLK5HMUkiqt3vAk5tOUgOMdYx1sTBHwhFUMwCio5ptvG-RfaUyn0HH0Ct3Oi96_NLZXH3XU39b7EwlnRlBGE6D63q=w1200-h800"", ""https://lh3.googleusercontent.com/gps-cs-s/AC9h4nq41woQEcdT6Afh2SexMyf0l12bupBwZ-4itEOTglgvjqyaoQULrOvvITRag5u73UiMkTHzrwdzicHu_oGVcJfkr1Rd_1qyw2ZCiHopwwSf4iyEzRkdhQoNRrk9-7gHXHCs3eUs=w1200-h800"", ""https://lh3.googleusercontent.com/p/AF1QipNvD1RHt3uI-XlHFgmLs-DFwtGFW2h4e0ZVxHD5=w1200-h800""]",https://www.google.com/maps/place/%E2%80%9C%CE%A8%CE%99%CE%A8%CE%99%CE%9A%CE%91%CE%A3%E2%80%9D+%CE%A8%CE%B1%CF%81%CE%BF%CF%84%CE%B1%CE%B2%CE%AD%CF%81%CE%BD%CE%B1/data=!4m7!3m6!1s0x13578d0017ddcdef:0x571b1a4766d59351!8m2!3d40.5108031!4d22.2146522!16s%2Fg%2F11vt83n64g!19sChIJ783dFwCNVxMRUZPVZkcaG1c?authuser=0&hl=en&rclk=1,2025-09-06T12:13:53.073658,Saturday: 12–10 pm; Sunday: 12–10 pm; Monday: 12–10 pm; Tuesday: 12–10 pm; Wednesday: 12–10 pm; Thursday: 12–10 pm; Friday: 12–10 pm,,,,,,,
“813” VAΪNAS VAS. GEORGIOS- Deli 'n Street Food,Add missing information,Charcuterie,5.0,29,"Vikela 15, Veria 591 32, Greece",Veria,+30 2331 076433,,,40.5231193,22.2033479,,"[""https://lh3.googleusercontent.com/p/AF1QipOSo7abVDh8Ccez7W8suZVdY6dNTNT5IOQO4W5K=w1200-h800"", ""https://lh3.googleusercontent.com/gps-cs-s/AC9h4npTTKgza3cPCHwHmR0MsZERgD3lsNkR9NrtEU5-Y4-pJnSElpQH00Rlrqmue-sCXFgZsdfV3jqIkW9nMknLnsvddnyQmNH3Ji98bYwYnFridPXmFQzmtACNmfb9ZYOHD49-i_yV=w1200-h800"", ""https://lh3.googleusercontent.com/gps-cs-s/AC9h4nrD_hPmNXA_skNGGjXWCEixQfv0ekMo3QhAjrmy1JqNwvmDQQXD78Qeqs5LHwv1mmH5hEiPIVufwfy5lFSca_eCK17f7a1geNYlsK82GtesS4-S2HMyc52XWSFWxLkeSbpTWYW6=w1200-h800"", ""https://lh3.googleusercontent.com/p/AF1QipOqD5EonikaQfsAHsqjpkC1OKqNUI5za3nYefG4=w1200-h800"", ""https://lh3.googleusercontent.com/p/AF1QipN9jTlNEOrH180g212hvmN0n4dwEcJlor2phYGo=w1200-h800"", ""https://lh3.googleusercontent.com/p/AF1QipMxfj2dpWB-78eX8SmMU46qf1FNOlkoBPA789P7=w1200-h800"", ""https://lh3.googleusercontent.com/a-/ALV-UjUkR08fOrc8qquHm9WFQ_d70hSTj4pPrzrh_IIQFI7v4DL1XWmmeg=w1200-h800"", ""https://lh3.googleusercontent.com/a-/ALV-UjXsEG2gQ5uJcQxGRfpN3X4nVZgpGXpZuA0pL_dKaLEBCiMZQi8=w1200-h800"", ""https://lh3.googleusercontent.com/a/ACg8ocKfXWWivosogSHCATubr1QzX9aZejivtyD8K4osq6DO2a6Wfw=w1200-h800"", ""https://lh3.googleusercontent.com/gps-cs-s/AC9h4nrI573QQJwGtSXzgl4FJCY1Wnvt1MW4O84UodKLp8cB5f0n2rD0XK4483D78dPVJuJq4tR1e1Vo8a5yqVzW-szGf2DYFtNsOKb1UEDn3ZASoqNLsrDyq8kPH7LoHLAaoFDbumUI=w1200-h800""]",https://www.google.com/maps/place/%E2%80%9C813%E2%80%9D+%CE%92%CE%91%CE%AA%CE%9D%CE%91%CE%A3+%CE%92%CE%91%CE%A3.+%CE%93%CE%95%CE%A9%CE%A1%CE%93%CE%99%CE%9F%CE%A3-+Deli+%27n+Street+Food/data=!4m7!3m6!1s0x135793001be205bd:0x2d5c9620434a2836!8m2!3d40.5231193!4d22.2033479!16s%2Fg%2F11vrtsbj96!19sChIJvQXiGwCTVxMRNihKQyCWXC0?authuser=0&hl=en&rclk=1,2025-09-06T12:14:09.228126,,,,,,,,
Something else,Το Κάτι Άλλο,Restaurant,4.1,401,"Mitropoleos 25, Veria 591 32, Greece",Veria,+30 2331 020004,,,40.5214124,22.2020505,,"[""https://lh3.googleusercontent.com/gps-cs-s/AC9h4npMhJ58YPJI5wJxX56yrxGslEyn_pNqmDMLMd54ByNNG7QgbwIov7x0qQWBTwFXyv_3KQIN7qUcqLwjcUrLVnD0t7IBfGM-KT5Y9axAuuyxshQyZ85dP6cZW8lvqiujpAjr84I_=w1200-h800"", ""https://lh3.googleusercontent.com/gps-cs-s/AC9h4nrM4ekn2MttuPT9cOUKgcIymbcoCdTitG7WorrDHCihWZxFIlNbSQZfM0GiHqTZF048k5lo1UH4SWRRSlahNP6scAibsk3vL8XPgyEiDu_gp1MpwodaXQzw77l41mJgDNoY1f0M=w1200-h800"", ""https://lh3.googleusercontent.com/gps-cs-s/AC9h4nonqER8n9LRAoEphQRWGl0LAnwlomQfIMdxnEDehdpZZsKLsIm0A2Fhu_y5osSwHu0QPfl43syPkm1ZTJpXXIKA5Sj-aTw_AUmsCRpDxHdAxgdTGndT2v7s30CTmiUFtv6M1JfH=w1200-h800"", ""https://lh3.googleusercontent.com/gps-cs-s/AC9h4noVRe7o5InRQxTXwI7vu8B_qBNmHVlBJitFMbx1msm_pbV2dY7xF6Hnpx4oUtaSmZYekUekA8F2OTpTQZt1B7IyRRHuR7gm0qATRc4XgzuCAjOZwJXOqvzfB_DtAnA499J9UDzi=w1200-h800"", ""https://lh3.googleusercontent.com/p/AF1QipMK1elmCU6wMFSzGWbQh19RORMNAIurHBDMFc9T=w1200-h800"", ""https://lh3.googleusercontent.com/p/AF1QipMc1OOcTKvhjtJuTyLTWU_2pZ__JQK6pp2Z0srD=w1200-h800"", ""https://lh3.googleusercontent.com/p/AF1QipPNQqfDEC6BD6vsVRshS-ISs08DS04hLiiIWQgg=w1200-h800"", ""https://lh3.googleusercontent.com/a-/ALV-UjVEUfIR6OxJJlr8ywgq51o6svMj_EF8cEMUXZCU34bh2A_s5C-UFQ=w1200-h800"", ""https://lh3.googleusercontent.com/a/ACg8ocJyfE5BVxouJkE5GiLyaEF_jrf1KmUIuj9eWbPk32hSxHxD0w=w1200-h800"", ""https://lh3.googleusercontent.com/a-/ALV-UjXrBhgvBh-DnTNDiuroh7ZjGnzqmG3krSX4XVJM9BqMJUFeahjv=w1200-h800""]",https://www.google.com/maps/place/Something+else/data=!4m7!3m6!1s0x13579284aa71f7c7:0x52cfd41eb6868160!8m2!3d40.5214124!4d22.2020505!16s%2Fg%2F11dxbwlqm6!19sChIJx_dxqoSSVxMRYIGGth7Uz1I?authuser=0&hl=en&rclk=1,2025-09-06T12:14:23.597694,Saturday: 12 pm–12 am; Sunday: 12 pm–12 am; Monday: 12 pm–12 am; Tuesday: 12 pm–12 am; Wednesday: Closed; Thursday: 12–11:30 pm; Friday: 12 pm–12 am,,,,,,,
Bougatsa Coffee Basil,“Βασίλης” Μπουγάτσα Καφέ Κοκκινίδης Βούλγαρης Βασίλειος,Breakfast restaurant,4.9,26,"Malakousi 20, Veria 591 32, Greece",Veria,+30 2331 027618,,,40.5262447,22.2040622,,"[""https://lh3.googleusercontent.com/gps-cs-s/AC9h4no6pQCJYI9XySoyvQee6Gk9n24n5wsffo0MAfSugiRVemG5sf3vK6H-2g5euitm0Xo5pHxe0tKBpGiFAvAbPax7Ajj7PIFP7aLVEc4sem2WJEdSblIB4FPEvy-M9mjkOxdVYwwu5A=w1200-h800"", ""https://lh3.googleusercontent.com/gps-cs-s/AC9h4nrQVF4NpSwEMm8JYBYwuO4__7L2qXOcegVVaOqzKyDUL5bQLTbBgS24zrzuEbBM3Pa95Pqp35nPAp1o78ZSceKJ97GjixMaBJfCDe4qWZCsALJcxutAOO_Qd9c7tWSGQUKR-nDL=w1200-h800"", ""https://lh3.googleusercontent.com/gps-cs-s/AC9h4npLs2HxxhMUfAHD2u9CrEm1sKGGWXdCYHFY7f0hGvSb7RvutUl6LDJGSQbLJIYJots-J0RgA9CqNeZBW_Y5RPSTN7_xXku_Z1g3QFN8WPoQJjIl5kx38nM8fAw_V6TeptCJXRDxsQ=w1200-h800"", ""https://lh3.googleusercontent.com/gps-cs-s/AC9h4nq2-Zb62silMw2JaNanTpV83SBydEHss9NUczCjgAoSJ8H3zWbjlOdRqRvTeUrDzW3oroOcKeGnHF0rcChDY1M3VU6VfnjbxhM1Zn1axSNH7vB16JZ9kqGtW3b_ChwgQgP3yOur=w1200-h800"", ""https://lh3.googleusercontent.com/a/ACg8ocKRDu6wHqRxulgsTEmb9NPfHc0nrNuDfnpi_8J4XlM1S8SQuw=w1200-h800"", ""https://lh3.googleusercontent.com/a-/ALV-UjUgkGUdwx_mbL8tRrVLnXa5TuLxcpoCduOIT_j2H7Lne3kHNG5qNQ=w1200-h800"", ""https://lh3.googleusercontent.com/a/ACg8ocKZ2fk5-g8UMBB3gBCLzWE9x-aMdbqGnRdPS5gEMiBeNN366A=w1200-h800"", ""https://lh3.googleusercontent.com/gps-cs-s/AC9h4nrAkmALC6CFWbl9dtye6-KNh2gqmNggumje2dXWyuvVbJZNnU0OhXWVg8FlF-N5G5jr2FqZLKhUhSPhX2VeYTu4rAYGt7KnA2Q27s9fu8YMPCo8tTVHygvmsrWiiCVMCwIOlqefpg=w1200-h800"", ""https://lh3.googleusercontent.com/gps-cs-s/AC9h4nobS8b275d2qLco2dIGBwW0sEVMloQ4VjJ9uaIr6MMk_VdBMjt7rdqV1YVorxemwbX6KY7xsHyg7shGp0O1oKqR5RX4Ivpf8ThHXfCgvjkzujrAj7nU6r-BR449DxdjRU0IIYunTw=w1200-h800"", ""https://lh3.googleusercontent.com/gps-cs-s/AC9h4npPBj8eHLn2M4FmnelOK8phPRffBiuaFXZ6xMvyvsiEhMPhhNR7kRfio-9tQD1oywHOUeajIltRA7duvUeNGeupDj11ZDOl3o7oLVEuS8jodzaLFHiFIp8quYLZrG5F3TyzCa_M=w1200-h800""]",https://www.google.com/maps/place/Bougatsa+Coffee+Basil/data=!4m7!3m6!1s0x1357938cc19d33f7:0xff0cf1eef921bffc!8m2!3d40.5262447!4d22.2040622!16s%2Fg%2F11sx272359!19sChIJ9zOdwYyTVxMR_L8h-e7xDP8?authuser=0&hl=en&rclk=1,2025-09-06T12:14:36.270023,,,,,,,,
Filippeio Estiatorio,Popular times,Restaurant,4.7,331,"Thessalonikis 12, Veria 591 31, Greece",Veria,+30 2331 063326,,,40.531811,22.2037809,"[""https://www.facebook.com/%CE%A6%CE%B9%CE%BB%CE%AF%CF%80%CF%80%CE%B5%CE%B9%CE%BF-%CE%95%CF%83%CF%84%CE%B9%CE%B1%CF%84%CF%8C%CF%81%CE%B9%CE%BF-398843800131798/""]","[""https://lh3.googleusercontent.com/gps-cs-s/AC9h4nouT-fJZzqE8eCpDGppGFdso1dC1NmmrQwF3HKRpxuRfSOo6GNIBixQ4-VR64HPV4CZUbbDl5UURPxlhQRth8ie6INYQ6hSlx_-Sr5w2vGyS3lqzCdG20I8fav_G1IqWIG9_f5x=w1200-h800"", ""https://lh3.googleusercontent.com/gps-cs-s/AC9h4npXNOmO4WAyoYT_IgjGqo5EHXbqC_TkN1o3r4iygmqKYgJgKjOF9NwhiIDfjXpTlPibYpuTfLR44WDD60RLj2wEkNvoGd7aaYkU7_aNIp5ty1oy4ifl0O1XL37nLD5rDDXvjtfulw=w1200-h800"", ""https://lh3.googleusercontent.com/gps-cs-s/AC9h4npl_jh3MmjTc5U6DSWqfctQ0zPJreX3di_X4Fq9ckQm0o76nBX4kUOwhbqxEaFEwYzG3HFye7L7fmbwEP3QNcZaR0c1uAR5v37p23_ch6eJn5Cq2oZt1CrPz3nycKH2h-vgA0Al=w1200-h800"", ""https://lh3.googleusercontent.com/gps-cs-s/AC9h4noac8fQ5MkyFILAw2URAnO235uCU8YbJVRC3Z4hf0xqclfhauIFST0C7y9PiTpTB5OPB-0-o0yJ3boiBOZFBntsmp8D_EsDhy30ptD_gy38TG93okbXSfYmGaeLYTbOew19cxU3=w1200-h800"", ""https://lh3.googleusercontent.com/gps-cs-s/AC9h4npbuLWqpt9X-G6Mw7ZwIkF9iAIwnRQrCYx2P7mzvFCL5EMPLSfvmP86rA39_uRRJ4HKxQxvJtndhRML-jC07TIdjpZoRgUbRyH42NGUIFwcio5vvzUTDKMSWDG6tKY_BoL8Zxo=w1200-h800"", ""https://lh3.googleusercontent.com/gps-cs-s/AC9h4nqiP2wq3-psD_0gRfQPtjunFO2toAUu2woffb-eyOOr0-zBYHAmoFCYqlQZ2YP-JmIONeNK5xbo76MojlQzK7rEqwgFqW8JM2HwM3UO8BEXDIPda276-F8pLpeKBbacS0pLdw99cA=w1200-h800"", ""https://lh3.googleusercontent.com/a-/ALV-UjW0UQScUPYP-cWfeklY4Ffmhk8SBSnfVRtT1Y2_Lf73JxqSvTOC=w1200-h800"", ""https://lh3.googleusercontent.com/a-/ALV-UjVWwZGr0R_Dy0B_AIcxYdRau3EzkA-9Xrdeuaszb8WqMAzhG5l6=w1200-h800"", ""https://lh3.googleusercontent.com/a-/ALV-UjUg-QS5Wr1gFD0JQ5G4LFCgVsbpBzJIl0WFAx5JsxXU4TPLinxs=w1200-h800"", ""https://lh3.googleusercontent.com/gps-cs-s/AC9h4nrjpA0zgS_T2nYNzIuknr_FlJU04lUzqFxYDIsF8cSaLiXtRjkgCNVuC7o2whjq25WWRi5vrv8jYCMrkMb85gYOxYhmWxEM_X7-FEksxtSVay5VcmooJs3H8fKoMbiMjhGgXRzS=w1200-h800""]",https://www.google.com/maps/place/%CE%A6%CE%B9%CE%BB%CE%AF%CF%80%CF%80%CE%B5%CE%B9%CE%BF+%CE%95%CF%83%CF%84%CE%B9%CE%B1%CF%84%CF%8C%CF%81%CE%B9%CE%BF/data=!4m7!3m6!1s0x135793167589c1f7:0xb617da30f752dd9b!8m2!3d40.531811!4d22.2037809!16s%2Fg%2F11g4g2_y16!19sChIJ98GJdRaTVxMRm91S9zDaF7Y?authuser=0&hl=en&rclk=1,2025-09-06T12:15:11.739041,"Saturday: 12–7 am
12 pm–12 am; Sunday: 12–8 am
12 pm–12 am; Monday: 12–7 am
12 pm–12 am; Tuesday: 12–7 am
12 pm–12 am; Wednesday: 12–7 am
12 pm–12 am; Thursday: 12–7 am
12 pm–12 am; Friday: 12–7 am
12 pm–12 am",,,https://www.facebook.com/%CE%A6%CE%B9%CE%BB%CE%AF%CF%80%CF%80%CE%B5%CE%B9%CE%BF-%CE%95%CF%83%CF%84%CE%B9%CE%B1%CF%84%CF%8C%CF%81%CE%B9%CE%BF-398843800131798/,,,,
IAyliToyKosta,Η Αυλή Του Κώστα,Restaurant,4.9,69,"Sidirodromikos Stathmos Mesis, Mesi 591 32, Greece",Veria,+30 2331 041160,braniotis.gr,,40.5281093,22.26555,,"[""https://lh3.googleusercontent.com/p/AF1QipPpRfRnO42bikyLMBxGrrdmQoeD7dv-HMcNOBta=w1200-h800"", ""https://lh3.googleusercontent.com/p/AF1QipPZtUPTl2vyzMBhAbQO9H32RZUfq3p9apPRl491=w1200-h800"", ""https://lh3.googleusercontent.com/gps-cs-s/AC9h4nptZPGKRpbDF3Nm1p0U0it1OvWp8V8TT4UbWnR1PyNBnr-MqBc1AjJUKtipWvKr2D7xLWRrT8yZtdBZsxUOC4QeRjfaIHJGnYu7Z5CypH-AZUCLblXaPpNNRr37H7mFI4qEEb27=w1200-h800"", ""https://lh3.googleusercontent.com/gps-cs-s/AC9h4noV1M4ENZcj2z01HdoyxEZGQNaFOjuvpq9taT894lUDWwetWc6fZ9AGYs8tjAeBFIUfNkz8yglqcrKr2OPGUgKg2dF5_pBj8mhybRccG6-bm8MYnsmmSe3OcKH4VVrBVfk0TemX=w1200-h800"", ""https://lh3.googleusercontent.com/gps-cs-s/AC9h4nprPCQO62EL_eSBor3hIyihq9wq6wzRNHhUav8LfYFbQRzkVWqpMSCUbqww2xG1KZVqZb0K57aIZ4BgtQERy4ZqgGPOnlAe6G2n3VZsvXbY0kLjMKDXeEDw-Dik9q_Tu2y3wAz1hYokpqA9=w1200-h800"", ""https://lh3.googleusercontent.com/p/AF1QipOHn9KTO1z5WHeQze5uOskYHxWMwS2phBYqyScj=w1200-h800"", ""https://lh3.googleusercontent.com/p/AF1QipMK3kxtIXb_96pWNGoFUTmNIQexh2fu2xmpWNqj=w1200-h800"", ""https://lh3.googleusercontent.com/p/AF1QipN8Dcf1VIBxMxXFgTlNNcYh7fEIvUafWnjAPqRb=w1200-h800"", ""https://lh3.googleusercontent.com/p/AF1QipNBpnPqsn9hPbcMGMy6UuE53-AeEqPGD7RxLm08=w1200-h800"", ""https://lh3.googleusercontent.com/a-/ALV-UjWFt6BcNCBTEijtVEbuIlE9GanGdErVrZdClGtfgH9nABbqQzbp=w1200-h800""]",https://www.google.com/maps/place/%CE%97%CE%91%CF%85%CE%BB%CE%AE%CE%A4%CE%BF%CF%85%CE%9A%CF%8E%CF%83%CF%84%CE%B1/data=!4m7!3m6!1s0x1357edce7d073467:0xbf0bbc151edfcad2!8m2!3d40.5281093!4d22.26555!16s%2Fg%2F11kpn073fw!19sChIJZzQHfc7tVxMR0srfHhW8C78?authuser=0&hl=en&rclk=1,2025-09-06T12:15:26.357986,"Saturday: 9 am–3 pm
5–11:30 pm; Sunday: 9 am–11:30 pm; Monday: Closed; Tuesday: 9 am–3 pm
5–11:30 pm; Wednesday: 9 am–3 pm
5–11:30 pm; Thursday: 9 am–3 pm
5–11:30 pm; Friday: 9 am–3 pm
5–11:30 pm",,,,,,,
"Lozitsi Hotel, Catering",Lozitsi Ξενοδοχείο Βέροια,,4.6,559,"1.5 km. Veria-Seli, Veria 591 32, Greece",Veria,+30 2331 022327,lozitsi.gr,,40.4995236,22.1848377,,"[""https://lh3.googleusercontent.com/p/AF1QipMUFapk_PBG7OA-1970j8LFGfUYDYzWNXumtYpo=w1200-h800"", ""https://lh3.googleusercontent.com/p/AF1QipNE65KbXf4QxLTO0VisILcrLfDK30nH337TSMYF=w1200-h800"", ""https://lh3.googleusercontent.com/gps-cs-s/AC9h4npMmFraYw-hfwcYKwMVfncRpu0xbj8MJXGY_v0DaJslAqnWnLXUIXZ9WqJaS6x-euKrQzv6MvkqPUosmTWcFFdrFvlTcCc4kN8VCN6xPD9HtE9pdy9_VpmuTvMf49JhSt4Ni5II4w=w1200-h800"", ""https://lh3.googleusercontent.com/p/AF1QipOzLe5_L2ESHnSNnq8O-55B_WySsHJz0VKt0Qcd=w1200-h800"", ""https://lh3.googleusercontent.com/p/AF1QipN8DYDG0-tX5Jb_Rsyy7bDHsCwX3MnaPwnH3xDi=w1200-h800"", ""https://lh3.googleusercontent.com/gps-cs-s/AC9h4nqFADRgrzULaLvdCa-5wIwKBWSw-WsykUw14X4n3K7wJBxCy9vU1XdcLUk3cP5IEvJ88rAOwkeEY5vfwKqDuX7yST9oFP04Cfo6B8vbXaiIqlDzgojNZMxHdGfZQcKyjIKaEK16=w1200-h800"", ""https://lh3.googleusercontent.com/p/AF1QipOInOc3wyFGQAIIf5SJzf0ijO6x40VIo9RNbJhw=w1200-h800"", ""https://lh3.googleusercontent.com/p/AF1QipNSJffxEhuglaAybLvWfu9tg2zGxFVt8_uq6FOG=w1200-h800"", ""https://lh6.googleusercontent.com/proxy/d5lrFmNPb1xRRB1lGHT6hu3Eod4gw_yXIH-PX_GPUkO9ZWoRL2M4q-W7ft2BpK-Mf1EgB2vTJYBk71pKs4szBHkSgtmef2Mmu8qU9GrmRSbbZBFlsNaLLNoUNtZfVJcvUNNazBfvwrBruFgAgSPB4g-GfpoChQ=w1200-h800"", ""https://lh3.googleusercontent.com/p/AF1QipMzlDqH2WJjxJc4sIxSSbifg78AJ4KYS0p7aeiG=w1200-h800""]","https://www.google.com/maps/place/Lozitsi+Hotel,+Catering/data=!4m10!3m9!1s0x13578da231590c97:0x532bea0cbc0fac5b!5m2!4m1!1i2!8m2!3d40.4995236!4d22.1848377!16s%2Fg%2F113jjfy7q!19sChIJlwxZMaKNVxMRW6wPvAzqK1M?authuser=0&hl=en&rclk=1",2025-09-06T12:15:42.140306,,,,,,,,
Wonders cafe restaurant | Kafe - Poto - Fagito,Popular times,Coffee shop,4.7,84,"Antoniou Tsoupeli 8, Veria 591 32, Greece",Veria,+30 2331 068308,wonders-veria.gr,,40.5243593,22.2038888,,"[""https://lh3.googleusercontent.com/gps-proxy/ALd4DhFlq5NR0o11wIfCI9n5H4sEeAsO9xdJF-ncWejARnnd7VlZ0hslSz4TQZk9_iqSYPUm45e5Qebnv_OmnWnMFx2Inwi5eo-S54XVOS6Ibd8eVn9B8R76e_7rxNf6pWGv7k9uw_8a7nZrF1PzlI8H6udB8IP_li5MzAf9YqrtjuoLIDxKYHbEM8g=w1200-h800"", ""https://lh3.googleusercontent.com/p/AF1QipOfNnDTRi0UrvtJLnvC2vVLf1uDLIlttNjG1JNR=w1200-h800"", ""https://lh3.googleusercontent.com/gps-cs-s/AC9h4npqiZS3x37nmBWuhn4Twb1BXarAPn2x5Wk6mPxKIRL_uixEJA4TaNSiga6SaXHnV296WtYFRSjiytuoz6qKzfeoDCL6WVxxLpyh-rrACcFUIUVhnYRNn7kKH4scFp473VwaU9p5TmznDPE=w1200-h800"", ""https://lh3.googleusercontent.com/gps-cs-s/AC9h4nonrXG0rTWWIN-s8ap6IB6Qp-7Wehx8bN6PHfMHCnOkFWL2YXKjh7cP5FpFVu7fXARmgMnls2-WXvTT9eIqgRaJF1Q07tW6TnYf5djPpDdBQLMacmiGZRsDugxIW8LQKy56kMRNng=w1200-h800"", ""https://lh3.googleusercontent.com/gps-cs-s/AC9h4nooKTrmgYMXypDvtnZ-90ZGpXljkw1nj_OhyxzOxWoNK_6ogy_8iG6ZwNZv5WA7BXQxHhH5Y7f-ptQgh2KMCK2f8fhTPuohqcUl8ZJWMCrzYrUPVxc72q6HRExAnAmbp6hNlW-4=w1200-h800"", ""https://lh3.googleusercontent.com/p/AF1QipPuud3AlckN8ZuRIohrcldm2RZoZtVDV5SE7EvR=w1200-h800"", ""https://lh3.googleusercontent.com/a/ACg8ocISbkaP-3qjO8OyIxztMC36lATy-M--wBxDCz2N-Nr45JNdKIc=w1200-h800"", ""https://lh3.googleusercontent.com/a-/ALV-UjVXyIp60f95ftjc2nw_xIOLR-GgLUQMmE5X_0M9IrBgXFhtvSAE=w1200-h800"", ""https://lh3.googleusercontent.com/a-/ALV-UjWFy4o33boaxbXmjQONXCJPwZsXFFBMAvmHlAF3nkWx1ocvCdye=w1200-h800"", ""https://lh3.googleusercontent.com/gps-cs-s/AC9h4nohvYH1sN7rVYkfF1RtY-Hj0hYruyq4cIYVMEg5pWWmXA9gGwnZ3naZrr6d78rspaICsamS3WJoJEFRFwDoNhmcE3Lx_Ntnop0QMDXSgfhOYDYhuf6Uv-yU_qL15vv1cwyZi-Q=w1200-h800""]",https://www.google.com/maps/place/Wonders+cafe+restaurant+%7C+%CE%9A%CE%B1%CF%86%CE%AD+-+%CE%A0%CE%BF%CF%84%CF%8C+-+%CE%A6%CE%B1%CE%B3%CE%B7%CF%84%CF%8C/data=!4m7!3m6!1s0x135793fe2062dd6d:0x4bca29857149b459!8m2!3d40.5243593!4d22.2038888!16s%2Fg%2F11t6169_jc!19sChIJbd1iIP6TVxMRWbRJcYUpyks?authuser=0&hl=en&rclk=1,2025-09-06T12:16:00.071008,Saturday: 8:30 am–11:30 pm; Sunday: Closed; Monday: 8:30 am–11:30 pm; Tuesday: 8:30 am–11:30 pm; Wednesday: 8:30 am–11:30 pm; Thursday: 8:30 am–11:30 pm; Friday: 8:30 am–11:30 pm,,,,,,,
Mr Wurst,Updates from customers,Restaurant,4.4,289,"Kontogeorgaki 7, Paster 18, Veria 591 32, Greece",Veria,+30 2331 060406,,,40.5228661,22.2054878,"[""https://el-gr.facebook.com/mrwurst-123205051045811/""]","[""https://lh3.googleusercontent.com/gps-cs-s/AC9h4nrxYgh8m0IT2faa4POeXaBMDOhgeS0Z8iBa3UL85DeGkDeSIIhJia3TspDsBLS8ZdAoJKm_033-oROyqnR8CCsy9anjlniNWD8DjwJRH-aDvY1ltm86pthxnowsKR3i-bkpgHV2Eg=w1200-h800"", ""https://lh3.googleusercontent.com/gps-cs-s/AC9h4nrovXFkc860eDdTXyP9ZpJ7pJTjdAC6CaPX166wlQhJzcql61p7JrOEx_c7npTg4LQKprACAu5IzI6usBxIHLbjDL0lc2rw5WCKUZ1XHlpgnQFuovwbwbw65-RuHZg5j-vCMzf6=w1200-h800"", ""https://lh3.googleusercontent.com/gps-cs-s/AC9h4nqeLfFhN8HaKvHMl7YIJS8vVB9aLlbdwHm6AEHPizvwto6L49zT521-Qb_O9rVO58bEX5frtpzEXO0egxEnw4Hbj8svapSdWwki-ynJeqPwOMUcOTMKm4lHUZOcuqmZeg_Jj5qk=w1200-h800"", ""https://lh3.googleusercontent.com/gps-cs-s/AC9h4npjICBHl7ImxSHeEDrvq5g4FEcgJcdCaXT3afEZYjO2I5kkhaqT0Q336FthfQTsJZrDrvW1aUSLGlPG-Cqx8CGjadtoX5BXPhr4AaS9WgCA8vYDSdiaOBi4xvkwVF04Yk4gMt4a7Q=w1200-h800"", ""https://lh3.googleusercontent.com/gps-cs-s/AC9h4no6ma8CRzlRFWfj3rEq0p5Gna98C8s5DBIsgdqOhANzRINQNp7ECj5ZzmK3gd0PBjFE1CCfX49GmS8oTLVstGKLBrHKYOkBrBTNlZh-VC60URsHsjpd8Ziy-UlSyB0fNd0aHQ9AhlU2pPnk=w1200-h800"", ""https://lh3.googleusercontent.com/gps-cs-s/AC9h4npYEcuZy1pOq-wOOIF5tK4W84BcDfaFIpM5hfFZZP5-McGehMG3UfC2kE4RlRQX_OIyEXG-sFsYWFUN6ej5lmVnYoQ-rt4zHvPHUN8y9UTXeZroPqtY0nhmtGP2s05POYS4R8ceKQ=w1200-h800"", ""https://lh3.googleusercontent.com/a/ACg8ocLhQEpxwpNHXM9ZzXXIDixo97gxmj03DT8x6Vm5n6FlmQPwEA=w1200-h800"", ""https://lh3.googleusercontent.com/a/ACg8ocJzhOotL3OUJlESBRethV3NmjNWzQ-5p0Jf4ab0GuQm68hNBA=w1200-h800"", ""https://lh3.googleusercontent.com/a-/ALV-UjU1rPhpFSUFFebFowigNkcBYa5YLzhV6AwfRObGt6Ztn-TipQpv=w1200-h800"", ""https://lh3.googleusercontent.com/gps-cs-s/AC9h4nrUAp2tv7yn7y-W2xNQN0Rz81JlHXzPoXn-HlUdjPyqxyda9xxj9Q8W2gPRoU6m_YCmLCOBApsMG4Q7te9mmQRE0cjnBRhxRaoqO34T5LjhZ4piArTVrMwKOXoWcmojf6zk5PV-=w1200-h800""]",https://www.google.com/maps/place/Mr+Wurst/data=!4m7!3m6!1s0x1357929b075cb04d:0x3d02382845afa6ef!8m2!3d40.5228661!4d22.2054878!16s%2Fg%2F11g6xsx_64!19sChIJTbBcB5uSVxMR76avRSg4Aj0?authuser=0&hl=en&rclk=1,2025-09-06T12:16:14.900381,Saturday: 12 pm–2 am; Sunday: 12 pm–1 am; Monday: Closed; Tuesday: 12 pm–1 am; Wednesday: 12 pm–1 am; Thursday: 12 pm–1 am; Friday: 12 pm–1 am,,,https://el-gr.facebook.com/mrwurst-123205051045811/,,,,
Giannis,Γιάννης,Fast food restaurant,4.3,898,"El. Venizelou 2, Veria 591 32, Greece",Veria,+30 2331 025170,,,40.5240086,22.2050744,"[""https://m.facebook.com/giannis.grill/""]","[""https://lh3.googleusercontent.com/p/AF1QipMmPpcVJ7Oj2RAFQUZnQclZp-8KRx4m-6IowJ5F=w1200-h800"", ""https://lh3.googleusercontent.com/gps-cs-s/AC9h4nrIZoz4Grsa6DOU1Jj1ozBLToLPLPWadrWIPIRlTrscBlE5mNE2Inqd03Ym9AmKrtt7wmlIrNtqczwWc4NMkuwaOd-iABCHbyKT33o0luhkKW507Fk4IGfyFo8eNXNlQfSradFEPw=w1200-h800"", ""https://lh3.googleusercontent.com/gps-cs-s/AC9h4nrNNZI4UtTDCiHz2ceQDKoMgJqQ0K6JYIugwW7okKAL9UmVDvO8JDNuB_4HHBOJShIIMVR_WICTWBWZ3nXEDV5EXwlmBuDN2U4quYvXrfKhxDtOk5HAwbzwszDbhQdDNzrVf_zO=w1200-h800"", ""https://lh3.googleusercontent.com/gps-cs-s/AC9h4noSs-g9J4qws-i7JTuQvUSkCJX-RO0nSRLpyo-3dcD7Pkrg1hpL98HsbidovlOSZLGWqr3WX3JTSl6bCiTsJ_EkAO1ZsJmeZp4Zf3OsA-NRajgK3qLX7ZxhSIvanVHO2vSjfESt=w1200-h800"", ""https://lh3.googleusercontent.com/gps-cs-s/AC9h4npttG_cBNG8tdKB6le2MRcbRDV7J4gksfaQ-leGXp9TCKWeeD41rIoHOCXmT8yZ0-bJTjlYWJxZitcXlZNxBVy05VqIGSjqMNKwcrRjaj9P5yypgHZpMFSjGkFyX9UnLTcDPCzkJjqzQLiW=w1200-h800"", ""https://lh3.googleusercontent.com/p/AF1QipN8Pk-pOXLqL87YQ6-8VPIzXZXsUAe_rVw6fw-3=w1200-h800"", ""https://lh3.googleusercontent.com/gps-cs-s/AC9h4nrfRtGBvX-_24_K5nJD7XJCY1PWvUiAEWaCp36y7zD9R12P4HvBz4UAX2JtWLtuKrdl_gl2VyOIX9VkGcRR0yetR6czcOFupq9ovRgTRhAYmjxl_RAWmeKhpaxzm1UxQQ0qUS6Y=w1200-h800"", ""https://lh3.googleusercontent.com/gps-cs-s/AC9h4nr2Fl6F9lezGpvIvscX5jd4SUL6Jj8AqsT6Zn5Td37i9IdU7QWLXDea1w71g4Ktq-2pNYk34rJnP8wuRA5THGc0GQBuLsB9rsE1A7zZfGNLISAZjqa4r3sYGH_S6Jh27fyPYWnH2yOSxcc=w1200-h800"", ""https://lh3.googleusercontent.com/gps-cs-s/AC9h4nrPiGnLxDXpo5r5Uf7jEEk-YIbJluw8EZ1GZt6S7-m6izjGzC5M6PmBVIIKN71L1Wt0-eyoWlnVXF0tLtCj86L5dJowLUIgPc5xtVSs4phxS2JYnsyEoEjeIaXfi-Sq383HqHE1=w1200-h800"", ""https://lh3.googleusercontent.com/p/AF1QipM8tntNZB7k_mlDpY8njMXhe5VF8zmzDmhw_qZf=w1200-h800""]",https://www.google.com/maps/place/Giannis/data=!4m7!3m6!1s0x1357929af09ce40b:0x1261a456570b716f!8m2!3d40.5240086!4d22.2050744!16s%2Fg%2F11c327tswf!19sChIJC-Sc8JqSVxMRb3ELV1akYRI?authuser=0&hl=en&rclk=1,2025-09-06T12:16:29.472644,Saturday: 12:30 pm–1:30 am; Sunday: 12:30 pm–1:30 am; Monday: 12:30 pm–1:30 am; Tuesday: 12:30 pm–1:30 am; Wednesday: 12:30–1:30 pm; Thursday: 12:30 pm–1:30 am; Friday: 12:30 pm–1:30 am,,,https://m.facebook.com/giannis.grill/,,,,
i geysi tis Mamas,Add missing information,Restaurant,4.0,16,"Kentrikis 127, Veria 591 32, Greece",Veria,+30 2331 020007,,,40.5253174,22.2027309,,"[""https://lh3.googleusercontent.com/p/AF1QipPjYNEYm2PjvigM0MbZuBq405AojsyW6sf6XRxP=w1200-h800"", ""https://lh3.googleusercontent.com/p/AF1QipO2l3bEHBYF0Ne1buMDeP3aZ4CtO53Qp3mfMmKH=w1200-h800"", ""https://lh3.googleusercontent.com/p/AF1QipMXYVKkZa36vBD5VE3U8lBRiFj2z1n4NnhXKq_M=w1200-h800"", ""https://lh3.googleusercontent.com/p/AF1QipMqvmedXptVvqPOkYMJQfOcm4uQJPF-LuhMMLs3=w1200-h800"", ""https://lh3.googleusercontent.com/a/ACg8ocLLRzcNr16TUPW-sVgFGs2dm5bi8u9Yze5zn0tAeh7gxq-KDQ=w1200-h800"", ""https://lh3.googleusercontent.com/a/ACg8ocJHGxopnAiFYqddLTjLtuDFlBkiZruDeWD3yKryQk0hjN90ag=w1200-h800"", ""https://lh3.googleusercontent.com/a-/ALV-UjXqC-biaGfZAyVrj9A1ZoV7HhUZ0kAhLApS9p_VrLWBVhnHiEHZ=w1200-h800"", ""https://lh3.googleusercontent.com/gps-cs-s/AC9h4nrsIIdnUEpA_6YQ15y0R1X2fJTWD4KeYs5OSCPVv4DdbspWrA6unvBXDO6zFdwpJh_8aNCvD7OpTeqwLBy-wPYgQNmVz-I_tJvw2edbggf6LrWbMHbthCxEhwVzZxkIYZgxecBD=w1200-h800"", ""https://lh3.googleusercontent.com/p/AF1QipOFpfJPYdi9vTodDaXbjU7RA9bsPL8D3JhO_Fhv=w1200-h800"", ""https://lh3.googleusercontent.com/gps-cs-s/AC9h4nqXHG7jIRGVMjJKnaRjHm8R6-JhKFIh3dK8DwDKyoEIcDyVMdeD3b8LTexMKkzvz7PC0wloSPfVkds0051khs4s0V1gjQbdOE6FpZxFiGXu1oWhjLehvVaXC6s2nCTDYYWK1UiJ1Q=w1200-h800""]",https://www.google.com/maps/place/%CE%B7+%CE%B3%CE%B5%CF%8D%CF%83%CE%B7+%CF%84%CE%B7%CF%82+%CE%9C%CE%B1%CE%BC%CE%AC%CF%82/data=!4m7!3m6!1s0x13578deb7664f7a1:0x38e9bc6bda9b530b!8m2!3d40.5253174!4d22.2027309!16s%2Fg%2F11vq0zfn5h!19sChIJofdkduuNVxMRC1Ob2mu86Tg?authuser=0&hl=en&rclk=1,2025-09-06T12:16:46.135685,Saturday: 10:30 am–6 pm; Sunday: 10:30 am–6 pm; Monday: 10:30 am–6 pm; Tuesday: 10:30 am–6 pm; Wednesday: 10:30 am–6 pm; Thursday: 10:30 am–6 pm; Friday: 10:30 am–6 pm,,,,,,,
Menoy Estiatorio,Menu and highlights,Restaurant,4.6,68,"Plateia Raktivan 1, Veria 591 32, Greece",Veria,+30 2331 072788,delivery.gr,,40.5198253,22.200591,,"[""https://lh3.googleusercontent.com/gps-cs-s/AC9h4nrsIIdnUEpA_6YQ15y0R1X2fJTWD4KeYs5OSCPVv4DdbspWrA6unvBXDO6zFdwpJh_8aNCvD7OpTeqwLBy-wPYgQNmVz-I_tJvw2edbggf6LrWbMHbthCxEhwVzZxkIYZgxecBD=w1200-h800"", ""https://lh3.googleusercontent.com/gps-cs-s/AC9h4nobrEdBuuC11C6g9tyy-ppJIXy9hoyZQPAQ-1I56UEq9itwhxsH18m1_aaC3H7Y2kxbrq_lLntuAKmKkZggmVps667rcaEHLHXOi0yWCqGt7z1921NVdaDAKyyJp3AUzKpxNKtk=w1200-h800"", ""https://lh3.googleusercontent.com/gps-cs-s/AC9h4nrgxt8nNNHNTH90zULzL2nUNIsdxf8Ib_z-qP_pOgvmr-CKJnPM2HckBXcDAHnVQTiHC1P2P7jG1dQ2P8ud8emwj9XLitKLfK03CqMUNEY5z5PLMlaUzFnwueWxicbsumTiL-QsZA=w1200-h800"", ""https://lh3.googleusercontent.com/gps-cs-s/AC9h4nr-yB7ZArwifSNJHxwIT4YaBGb9j7HRD5JhAocdKYQjl1GkpEsKvPVinLPqbqYXNeFjnwUf16LMJ1s5CUFcg5YUIRIP3WTLexPeZPFK1LAqZqQ1WBBZ7il8jGH74g9r079V4Ns=w1200-h800"", ""https://lh3.googleusercontent.com/gps-cs-s/AC9h4nqb5nTX7tWl2Qm4QMLkucyaTQKJpES43VSaFEgpimfiTo8y150ozQR_X98QPFiKU34p17iAUKUII_3QEvGkHyFdLFKwdmPggp1W6iRNxLWCbWgUqWGlxyFw0KGNX-vuu4y9sf7V8yDAfI_I=w1200-h800"", ""https://lh3.googleusercontent.com/gps-cs-s/AC9h4npWSsXrYAse0EZ7aS3K0jiutzItOJCtbiW7xuZYh6cgHiZ0i34olgiwegqGiZygM1hZSCc6dWc3aBwYpxfskboFut_R4hv1EakTEqaPPqg9qCcL9znruXpg6SxJUYabWQDq2SwG=w1200-h800"", ""https://lh3.googleusercontent.com/gps-cs-s/AC9h4nolopCO7LWM3s5r6Xy2IKDSkNuhtBE9TrzOcpoiHe4SuUF6_nSOzQA60yyDCfjOcY8ZtkE1q6Tke4z2xslQy1ODWh2raeC7h3-6QYuyQflsI9U_7SIVKQgF6mhZ-it94h8UwJY=w1200-h800"", ""https://lh3.googleusercontent.com/a-/ALV-UjX3xBdFQXgXDfSrtEVQFVlM5FdP9BJPEn91FlMnJcGjvrKyt0MfOQ=w1200-h800"", ""https://lh3.googleusercontent.com/a/ACg8ocLzIkeRYNmOFMOTBuInCBThtnS81OgmaaZW6EM1F9FPGPRF3A=w1200-h800"", ""https://lh3.googleusercontent.com/a-/ALV-UjWR8fGjcgVcfD3o72P8h5BJHjWWcGoVCTpaqVhv7OykTkAJ6pKTCA=w1200-h800""]",https://www.google.com/maps/place/%CE%9C%CE%B5%CE%BD%CE%BF%CF%8D+%CE%95%CF%83%CF%84%CE%B9%CE%B1%CF%84%CF%8C%CF%81%CE%B9%CE%BF/data=!4m7!3m6!1s0x1357928304555555:0x470ea99c5d3194be!8m2!3d40.5198253!4d22.200591!16s%2Fg%2F11cl_hc8zw!19sChIJVVVVBIOSVxMRvpQxXZypDkc?authuser=0&hl=en&rclk=1,2025-09-06T12:17:22.840406,Saturday: 10 am–4 pm; Sunday: Closed; Monday: 10 am–6 pm; Tuesday: 10 am–6 pm; Wednesday: 10 am–6 pm; Thursday: 10 am–6 pm; Friday: 10 am–6 pm,,,,,,,
Dirty Frank,Add missing information,Hot dog restaurant,4.2,22,"Elias 4, Veria 591 00, Greece",Veria,+30 2331 021525,,,40.5235303,22.2055347,,"[""https://lh3.googleusercontent.com/p/AF1QipOylfHJm997pytrOfuOpScEP0cqo9OeJTSJQlhr=w1200-h800"", ""https://lh3.googleusercontent.com/gps-cs-s/AC9h4noQTc8HsAlvMKESYpn2_TOap0x96jGKQKzDg67yn-UulfJjdiqgGYPUWn0FBc0-tVrqkRTEPbXEG8sBXPjjnPj5q0OmRgaYtuDDLi4YSDnpa_SEQQ4D4hUwmaJzBIWD5hCWSget=w1200-h800"", ""https://lh3.googleusercontent.com/p/AF1QipNrINjvp_AzHh3-TZG5IIzmxSuLbcuyZgOcm5OW=w1200-h800"", ""https://lh3.googleusercontent.com/p/AF1QipN5YccrkTkS_9tp-seHNzEtMJWQtG62V-vrDZff=w1200-h800"", ""https://lh3.googleusercontent.com/a-/ALV-UjWnvjDQvJKJugq9V9XCtyYC5Z2S2OSp7EJnbsjWCehKBuny-PFZ=w1200-h800"", ""https://lh3.googleusercontent.com/a/ACg8ocK9ALsHW0L5i7b63lo64IxW4eZrfAcltXVui1UgAvy-6W9DNA=w1200-h800"", ""https://lh3.googleusercontent.com/a-/ALV-UjV4fUR1cuxk_vBrMJe2w_rzzqZBbdzrGRchaXlOgrsA_Fu2NlqR=w1200-h800"", ""https://lh3.googleusercontent.com/p/AF1QipOwtloe1nq12BrbJ6KwAbNj04xbokxRkGiV7Z-V=w1200-h800"", ""https://lh3.googleusercontent.com/gps-cs-s/AC9h4nogXf66qHKLr19M2k3o1pu6VXg3Rcq2jm9EnEJrnli60f7S-BWCm92W0QchDfw_HNUo2qPASO8F2jPTh_0zRnHXrY5OeaWnQ2IMbWeoqoIQjXkjWIv3cQ8ZzD0KSAgSQ8GReu4o=w1200-h800"", ""https://lh3.googleusercontent.com/gps-cs-s/AC9h4nrUAp2tv7yn7y-W2xNQN0Rz81JlHXzPoXn-HlUdjPyqxyda9xxj9Q8W2gPRoU6m_YCmLCOBApsMG4Q7te9mmQRE0cjnBRhxRaoqO34T5LjhZ4piArTVrMwKOXoWcmojf6zk5PV-=w1200-h800""]",https://www.google.com/maps/place/Dirty+Frank/data=!4m7!3m6!1s0x135793ecb7ff52b1:0x5b7ea700a341c1c!8m2!3d40.5235303!4d22.2055347!16s%2Fg%2F11vkn9ywng!19sChIJsVL_t-yTVxMRHBw0CnDqtwU?authuser=0&hl=en&rclk=1,2025-09-06T12:17:52.957905,Saturday: Open 24 hours; Sunday: 8 am–3 am; Monday: 8 am–2 am; Tuesday: 8 am–2 am; Wednesday: 8 am–2 am; Thursday: 8 am–2 am; Friday: 8 am–12 am,,,,,,,
TINAFTORE PIZZA Orfanidis Georgios,Add missing information,Pizza restaurant,4.8,121,"Meg. Alexandroy 2, Dimosthenous 30, Veria 591 32, Greece",Veria,+30 2331 304514,,,40.5248089,22.201395,,"[""https://lh3.googleusercontent.com/p/AF1QipNRPM4kAFcDChmw8wThgI4OIdiVfKaje66RiHHA=w1200-h800"", ""https://lh3.googleusercontent.com/p/AF1QipOHL6-b4jWe9lnbGWMvAbTV3Rm_kIzeZQYzci5A=w1200-h800"", ""https://lh3.googleusercontent.com/p/AF1QipPucXDNT4AH-gg6akA-lETvulBKFaE5iebhxMha=w1200-h800"", ""https://lh3.googleusercontent.com/p/AF1QipMdoxO27u-Y1MsEkUkyOQdr5txHlkP5Kyh3evdv=w1200-h800"", ""https://lh3.googleusercontent.com/p/AF1QipNFDENixCFwr-Yx2OonPfOWuCBGTQuTHqWFTsLX=w1200-h800"", ""https://lh3.googleusercontent.com/p/AF1QipPX4cKaAHzEycpaifAkuZGNXIsKEejXBPb5V9zi=w1200-h800"", ""https://lh3.googleusercontent.com/p/AF1QipPFu3trpzPrzYyjk9twvz_no-Nfg7Hamrr6c8NF=w1200-h800"", ""https://lh3.googleusercontent.com/proxy/vhU-syYudfh5lWEDfyxusiT-4NaJhLrgVNn1_LmieTjt5QFsaAAZN2u-Grm52lGOhpHAGfsuGPpKh6YNU4ASH8ly26WoHGjnaiT5X5n_0oR_oTmzJv3KMfHoim52Hm8yteCjQnB5WJE-7te-MkyP0tNTB8FjtwI=w1200-h800"", ""https://lh3.googleusercontent.com/a-/ALV-UjWI0Vte0lYYYNPByV3E3cMHp5OkEoGBLQlgOoIrkgSAHCLVVXrP=w1200-h800"", ""https://lh3.googleusercontent.com/a-/ALV-UjVXAB-WJAEcjeAvBTqV0mMxM5wk724LWh360-Qe12J0-mCAkh1S=w1200-h800""]",https://www.google.com/maps/place/TINAFTORE+PIZZA+%CE%9F%CF%81%CF%86%CE%B1%CE%BD%CE%AF%CE%B4%CE%B7%CF%82+%CE%93%CE%B5%CF%8E%CF%81%CE%B3%CE%B9%CE%BF%CF%82/data=!4m7!3m6!1s0x135793e02f5f0ebb:0x82115ad8253997f5!8m2!3d40.5248089!4d22.201395!16s%2Fg%2F11sgk2kvvr!19sChIJuw5fL-CTVxMR9Zc5JdhaEYI?authuser=0&hl=en&rclk=1,2025-09-06T12:18:07.796959,,,,,,,,
LA PRIMAVERA,Popular times,Italian restaurant,4.2,311,"Elias 1, Veria 591 32, Greece",Veria,+30 2331 021555,e-food.gr,,40.5237314,22.205357,,"[""https://lh3.googleusercontent.com/p/AF1QipNAIlN7L12a1HX-ozxgJa9TvrZC9Sh65niSbsiL=w1200-h800"", ""https://lh3.googleusercontent.com/gps-cs-s/AC9h4npmTC9rdNSQQVRtO9vvpSweQPppYy2w0Nm4VSeqLcVOQZkID158mJ0SBO8lD66ClpRlUtnrcIAaUA7jb7UT0-jdWCK0pYg758LALUxBdcOYCoYPBpr0zdahW-gBxkW6OTV0bpn9vw=w1200-h800"", ""https://lh3.googleusercontent.com/gps-cs-s/AC9h4nqgacjJoGKSVKJnmROgte1BfpP3i4bazCUB-2ZZhwlUGNdvCQUzGhIxqWbiKF0sVqIyj9j4NwJNhICeGJNNvUzVQO5UzlO0-dMjcq_01-Pc816KgTp_I2hCFdZFo1JgByceJWyg=w1200-h800"", ""https://lh3.googleusercontent.com/gps-cs-s/AC9h4noxbzANps9EKPs-eJpACshQgziv3pPAdioBmBvI1vszAchIYFLX3rsN-ExTPckL8DIXlDCc3lZaTCxpBQZ5T8cn53ovUOA7WFCcf5-wzQyWpG49UcfQ4GCXH2EaecgwmHqUQsPj=w1200-h800"", ""https://lh3.googleusercontent.com/p/AF1QipMYpEIBMMU6TT3oqm1pU5KQgneu3licRn_bnFwf=w1200-h800"", ""https://lh3.googleusercontent.com/gps-cs-s/AC9h4nqf0pvkUjbyYE7o0A46tg0RjCzk-PMUGv5HkRNKiTjGn9H7SMl5_f2hc2fvy3-kNyrK_MrE5llDoO_MIb7uc3jryseBHyBfNlcB9IR6jAbcXFDSCPLxtEkfYwiDY3K3ArAugOOz=w1200-h800"", ""https://lh3.googleusercontent.com/p/AF1QipOZSQePLrv_A6TL2GMjvjLBE8l2Ep_t_Bu8iATj=w1200-h800"", ""https://lh3.googleusercontent.com/p/AF1QipMr8tBwoAVK1DEbQGiEMUOg6JpXzAyDu5s3px-R=w1200-h800"", ""https://lh3.googleusercontent.com/a/ACg8ocID372TmlGGjI0r_XSeQQkzqSAnoQlgpvU9JN7QQM2R_mM5zg=w1200-h800"", ""https://lh3.googleusercontent.com/a-/ALV-UjUDWU6axZFMEm_GGWI3ZETb3z1QdIMaNFC0qBj8Nq0ObNpQJdN1=w1200-h800""]",https://www.google.com/maps/place/LA+PRIMAVERA/data=!4m7!3m6!1s0x135793898171c537:0xabc4bfef05ce4af5!8m2!3d40.5237314!4d22.205357!16s%2Fg%2F11fhr0n7pf!19sChIJN8VxgYmTVxMR9UrOBe-_xKs?authuser=0&hl=en&rclk=1,2025-09-06T12:18:22.349530,Saturday: 1 pm–1 am; Sunday: 1 pm–12 am; Monday: 1 pm–1 am; Tuesday: 1 pm–1 am; Wednesday: 1 pm–12 am; Thursday: 1 pm–1 am; Friday: 1 pm–1 am,,,,,,,
Bowling City Club,Popular times,Bowling Alley,4.4,66,"Bowling City Club, Veria 591 32, Greece",Veria,+30 2331 026999,bowlingcity.gr,,40.4977493,22.1724052,,"[""https://lh3.googleusercontent.com/p/AF1QipPm85oP_ldfitl3WGFDxga7Ym0MO058AaNkZDFH=w1200-h800"", ""https://lh3.googleusercontent.com/gps-cs-s/AC9h4npgVthj7QIwzbdg8AsIBBBNSVYi5iJe5cBWDwP5X7GBDAlheTJw0HuEfxciTaTrN57oJzTIOCkf8VvUAzlIGdB3DV-C9VGaISHAXJphIjmAP-fP83w8MNO79QXlC4LXzGqsIQu_W4tWqxFW=w1200-h800"", ""https://lh3.googleusercontent.com/gps-cs-s/AC9h4no5cpE3Ia4secDk-1YljOspb8xHA_ByAniHnGvTsziw6bBflgUCVNQtWqmuCgBWTtGvHbRWlqiwjB-pSLADk9OE9ggSPlde-EuDwp4WRX6ueQjWbU5WdnM3ed-bSg-JULd0loVEUOuqXbEB=w1200-h800"", ""https://lh3.googleusercontent.com/gps-cs-s/AC9h4nossvfTUGPfMgF8nAGvt2iy6Mu9094GZt2iZWTOobB9L2_58fJcv0eLFNHPI9rta50w05XEFkRIbfC8cXCvKV9yDowdtn-Rd5Arx4Sp5z5U0IHMvJGdELJLPXCKmqG75jUH4yyA=w1200-h800"", ""https://lh3.googleusercontent.com/p/AF1QipPI_A3r7Qq2vBKgMHgbXlcz_zvlrEjoXAXjiPaZ=w1200-h800"", ""https://lh3.googleusercontent.com/a-/ALV-UjX82Z4HVQ5uRWNhh1zfhCsfetQfXt0VYwhEsFUXk7SvoqvIym87=w1200-h800"", ""https://lh3.googleusercontent.com/a-/ALV-UjX5_rVhOoXn74HwDhTCqPy2bZ2Jd9JaQ904oaToKOLcrTe_Q5Wi=w1200-h800"", ""https://lh3.googleusercontent.com/a-/ALV-UjWu8oi7oILP3rDT2Th55HzI_3AnKW4W47_lIBijlIEvlv4h0Jbx=w1200-h800"", ""https://lh3.googleusercontent.com/gps-cs-s/AC9h4noLxzVe5Fkx3HttG0mPUZuxMj-IiGImjHi8wo3-UNGO0Cml-HiW-mjJUZMoMfhEgYg7nqbW984g5ulyiS-4nxtNDvPDWCvM2nDsbZVPXyJVDbv2yVTaul6whnpLhjsgzT_Wu3Y=w1200-h800"", ""https://lh3.googleusercontent.com/gps-cs-s/AC9h4np8CbxA51n1SRXjBIXuF_mrh3rL33PuUeUQKf_MBVatRJYn9pOfV75zVj2XU7uzegyrvuFinjF4fBZqm5SzhRYodDr4jTH7XvhiwhJHFYx7LJmvpiE0Q-H2Q4p4Ik7qEu6ONJ1t=w1200-h800""]",https://www.google.com/maps/place/Bowling+City+Club/data=!4m7!3m6!1s0x13578deb8e1c4ce7:0x8f83584997c4b6f!8m2!3d40.4977493!4d22.1724052!16s%2Fg%2F11gnq37nt_!19sChIJ50wcjuuNVxMRb0t8mYQ1-Ag?authuser=0&hl=en&rclk=1,2025-09-06T12:18:52.749535,,,,,,,,
“GEYSTIKON” Psitopoleio Lianos Zach. Georgios,Add missing information,Fast food restaurant,4.7,48,"Mitropoleos 3, Veria 591 32, Greece",Veria,+30 2331 181300,,,40.5204705,22.2007191,,"[""https://lh3.googleusercontent.com/gps-cs-s/AC9h4nqLHlJ-duvwGGaMrCLPkRoPsNyngo7YzOo-QVDIwtx08hsdvTgvg1oKrATcBJgV6VGqYnAS3yPaca7ShrXHT6mczGjSSLXnM_Afm_RLPBXAIgzLoIQcve1D4jopJB21e9Va4tzL=w1200-h800"", ""https://lh3.googleusercontent.com/gps-cs-s/AC9h4nqQjjZZBZeyakzV0N2KTUX5_dzMa36lHeAKX8MzxB_3DqzuI5coG1hrW2AD4dKYZJFVCg5V7U-LgxkNM85IlCDR_wdJksIB0ohwMFBgn5yoLTVj4pzgNibXHDcKnNGNCu9Qqzj6=w1200-h800"", ""https://lh3.googleusercontent.com/gps-cs-s/AC9h4nqcBdJfdbMUW3Ashnmg3xVehMTux22lH6_XSsPU6-U39Zv_obNaHrVSCK3_N1_Z8jR8xD8pFbc_5QDc3JEvOmM6LDpqufxv0oCk8w6aaiIX_U7to1RMOM8Ts8NRdZxj7x0kb0vQlg=w1200-h800"", ""https://lh3.googleusercontent.com/gps-cs-s/AC9h4npbRxcqRWzOlNV8sEObBdQFjvPrFJ6smw-T5d03Lka80dVFu_4iNkIn8oKlRJTanVVWLWb_NvZa1hRc35PQGoVL8rwotM-CDpMAQy280gW1dGvyV6yGrjOUawSaXJt6N-Djt9EytQ=w1200-h800"", ""https://lh3.googleusercontent.com/gps-cs-s/AC9h4np-6OZ_RXtImKedmInkFS4v-n5i3tGBgendqgaG3-J75fJ__aROD_fPaKhzwpvtJEjnhryrlVGQ_CjQ9eqEThtrn9Pj4wnrkojUYo1D7rCx3BGH2Immm_FdWoR9Mz4KqAYYLTHQ4Q=w1200-h800"", ""https://lh3.googleusercontent.com/gps-cs-s/AC9h4nrDGz_zTdZOdF-FlrxbqGdkKmBi44BRXuu4_Ce44bv4v2AG43rWLlRxUAC79UG0t4qa59DkN3Z1j_Opi5F5yfO2KiAEZfIP4gm-iDeh6rKA1_g44V1techMZw9tvqFcUqrWt6tO=w1200-h800"", ""https://lh3.googleusercontent.com/a-/ALV-UjUDWU6axZFMEm_GGWI3ZETb3z1QdIMaNFC0qBj8Nq0ObNpQJdN1=w1200-h800"", ""https://lh3.googleusercontent.com/a/ACg8ocIU7RyVemQqa6gxQ1QhDaxnaqXrGTiKj5HBTEb0E6dNjQ3aoA=w1200-h800"", ""https://lh3.googleusercontent.com/a-/ALV-UjVuPGmkdeviL0tiCa-v-v3ASVY70dvruXHpWpPgSBVsiaAsbxqe=w1200-h800"", ""https://lh3.googleusercontent.com/p/AF1QipMmPpcVJ7Oj2RAFQUZnQclZp-8KRx4m-6IowJ5F=w1200-h800""]",https://www.google.com/maps/place/%E2%80%9C%CE%93%CE%95%CE%A5%CE%A3%CE%A4%CE%99%CE%9A%CE%9F%CE%9D%E2%80%9D+%CE%A8%CE%B7%CF%84%CE%BF%CF%80%CF%89%CE%BB%CE%B5%CE%AF%CE%BF+%CE%9B%CE%B9%CE%B1%CE%BD%CF%8C%CF%82+%CE%96%CE%B1%CF%87.+%CE%93%CE%B5%CF%8E%CF%81%CE%B3%CE%B9%CE%BF%CF%82/data=!4m7!3m6!1s0x135793bb2ba46c03:0xb075a9d54a58333f!8m2!3d40.5204705!4d22.2007191!16s%2Fg%2F11fcqbff9m!19sChIJA2ykK7uTVxMRPzNYStWpdbA?authuser=0&hl=en&rclk=1,2025-09-06T12:19:11.827719,Saturday: 11 am–10 pm; Sunday: 11 am–10 pm; Monday: 11 am–10 pm; Tuesday: 11 am–10 pm; Wednesday: 11 am–10 pm; Thursday: 11 am–10 pm; Friday: 11 am–10 pm,,,,,,,
“Pantheon” Mayromichalis Georgios & Sia OE,Add missing information,Gyro restaurant,4.5,329,"Meg. Alexandrou 11, Veria 591 32, Greece",Veria,+30 2331 073707,,,40.5249078,22.2024491,,"[""https://lh3.googleusercontent.com/gps-cs-s/AC9h4nqKMD1BQhzBRYueGJNfAMSgE4wSURNecyI39VbNzUq6mgi52siuuWoq4FzQjQ80oiIDPkhf-kP_ll5d_EoD5lMRIbizcv7OUNDaVnYsG9dqV-97VsGm4d93MQ2-2Ya_RhPegUgF=w1200-h800"", ""https://lh3.googleusercontent.com/gps-cs-s/AC9h4nqsrBzN64IOYvRPC3FxfQT1Ji9wGuq5UxxvKleGLciQ3OXhd2ku7CLup7eMYCE9cGmBlqYRdaOWPbv0habfQjca1qD7yIAv3cVbNyxCV5B3P8AeO6dLcBkT2VPZb__TSSvCnd-Shw=w1200-h800"", ""https://lh3.googleusercontent.com/gps-cs-s/AC9h4nr4WdQObRmWnHoOUkLRQoCtJrlF9Wa7wgaQOC1P5743KQVK-KKMNHRDghdb8C69EKUejeLWw7XyYENelbVrbUrUnEfpMIjh_ROnFVds-RbaxqCWavBMUOj0yZJRPSvXEhsu2FlQEA=w1200-h800"", ""https://lh3.googleusercontent.com/gps-cs-s/AC9h4nrD4XA_A-jtCkrzgnFz-LnHUybopdpx8jRyUqfsO9y0LhAhgFxVzILmuqdC-46R2gcH7W-fxFR-dXMf3WUPcr94dpidBlGq5165euiHhbzbZ2pesTmd_8Q7-OihyQx689_pqnU=w1200-h800"", ""https://lh3.googleusercontent.com/gps-cs-s/AC9h4nqwTcJfKiGVjV-h_ADz9WyH_g7mAF-kjqOmgNRFRqJXTxC6G7BDj6E5Teldu_i3TJqh2soHreKMU45j016UKjKZ3wG9FGgHovIlSulLiC8D2WGIzQrJpcSvKkopfHpGuZvpDxtzxQ=w1200-h800"", ""https://lh3.googleusercontent.com/gps-cs-s/AC9h4noyZx_YwzACEj0ynVqBbDod7uvueobbFnZbD40Jgz96EymOPSv0OiYckDv1HMrResP-r2fw7XzHJdBUfJXxue8D7FAZdTvaE9S722AZZiB4mC9koV9G6jdkycmdyvDEzyubjOE=w1200-h800"", ""https://lh3.googleusercontent.com/a/ACg8ocJp_ed3izvCrWEfBeqIdvZz-c1EjFr1TRaRjbXJ4xnUkFDvtA=w1200-h800"", ""https://lh3.googleusercontent.com/a/ACg8ocIShK2hSK0MJ6UFgF4uskickjXYCeg7cKtfbaQaFhOfiAwRVg=w1200-h800"", ""https://lh3.googleusercontent.com/a-/ALV-UjVp7lVrDvTxGD5bheO3OWb_qxvd2IpH5dzDGgVWxnQ3nuDZJHra=w1200-h800"", ""https://lh3.googleusercontent.com/gps-cs-s/AC9h4nqLHlJ-duvwGGaMrCLPkRoPsNyngo7YzOo-QVDIwtx08hsdvTgvg1oKrATcBJgV6VGqYnAS3yPaca7ShrXHT6mczGjSSLXnM_Afm_RLPBXAIgzLoIQcve1D4jopJB21e9Va4tzL=w1200-h800""]",https://www.google.com/maps/place/%E2%80%9C%CE%A0%CE%AC%CE%BD%CE%B8%CE%B5%CE%BF%CE%BD%E2%80%9D+%CE%9C%CE%B1%CF%85%CF%81%CE%BF%CE%BC%CE%B9%CF%87%CE%AC%CE%BB%CE%B7%CF%82+%CE%93%CE%B5%CF%8E%CF%81%CE%B3%CE%B9%CE%BF%CF%82+%26+%CE%A3%CE%AF%CE%B1+%CE%9F%CE%95/data=!4m7!3m6!1s0x13579285352264fd:0x64bb49dce085b678!8m2!3d40.5249078!4d22.2024491!16s%2Fg%2F11dxhgfchz!19sChIJ_WQiNYWSVxMReLaF4NxJu2Q?authuser=0&hl=en&rclk=1,2025-09-06T12:19:29.104432,Saturday: 12 pm–12 am; Sunday: Closed; Monday: 12 pm–12 am; Tuesday: 12 pm–12 am; Wednesday: 12 pm–12 am; Thursday: 12 pm–12 am; Friday: 12 pm–12 am,,,,,,,
Streetnoodles,Add missing information,Chinese noodle restaurant,4.3,117,"Kentrikis 72, Veria 591 00, Greece",Veria,+30 2331 072232,,,40.5237107,22.2030828,,"[""https://lh3.googleusercontent.com/p/AF1QipPFLDLHtNfhRRqoVtahhoT2X93opbQX4c64wJV0=w1200-h800"", ""https://lh3.googleusercontent.com/p/AF1QipMfQXkpa_utewLbjrO5CdD5OwKS3jzl7p5raBqu=w1200-h800"", ""https://lh3.googleusercontent.com/p/AF1QipPyxSKkhnOx_zp-TBWnNOIZgv1HfLgbJqhoPE6c=w1200-h800"", ""https://lh3.googleusercontent.com/p/AF1QipNzX1SaG161zL8qcV4MGmDvUZIocE1hbi_MDJBG=w1200-h800"", ""https://lh3.googleusercontent.com/gps-cs-s/AC9h4nok4Au2vvuEO0E2Cu8aPfpHUIYOkv66wE72jp6QKPq57auW-AH7UNlLac8pQKxTC8PiZGhTI4xa4uLomjE-T0edFWs3pjWWqHRgDj4ah1_9WdyYq6QUw3bmw-2btevjVV_Rtv8G-g=w1200-h800"", ""https://lh3.googleusercontent.com/gps-cs-s/AC9h4npbHIqQynic-30-SHak2NjDgI72bvpSIH3z_b6xqoTFvnnQ-IheVPimlq-D2xJoAmuXmelN-MjCkmShhHNGq4FQRDfVBBOUm8nDnzIaL4EN44sbTMjE9T9_K2u2TmlsCENWi66FwQ=w1200-h800"", ""https://lh3.googleusercontent.com/gps-cs-s/AC9h4nqG0ru7vIpNn4UxoSlwjiSdaiOKImn6YVKB6U-1DlTELp-KgbAhtK92IKGzhpJZuEiaJwyikeVpPvq4Bk-Ba1B0bDbeuMhYZ9GPYmcIOnsBxvBSVLyJlDoTYDqOeXURhRwJACjO=w1200-h800"", ""https://lh3.googleusercontent.com/p/AF1QipOFoBtUCari870o_iwOStF28HDkffndZyzym0DF=w1200-h800"", ""https://lh3.googleusercontent.com/a/ACg8ocKPXZbW0JtztFigGH3w08UUuUWMPiYSMHo8OPVdTW2fcRWLTQ=w1200-h800"", ""https://lh3.googleusercontent.com/a/ACg8ocIAfe2Ykm8nk2s3bS4zyBV-hLZI6bnbfaEYsafxomLcZFSJ-Q=w1200-h800""]",https://www.google.com/maps/place/Streetnoodles/data=!4m7!3m6!1s0x1357935ba113635f:0xf662d58b007d6fe!8m2!3d40.5237107!4d22.2030828!16s%2Fg%2F11fj1qzx0v!19sChIJX2MToVuTVxMR_tYHsFgtZg8?authuser=0&hl=en&rclk=1,2025-09-06T12:19:45.822130,Saturday: 1 pm–12 am; Sunday: 1 pm–12 am; Monday: 1 pm–12 am; Tuesday: 1 pm–12 am; Wednesday: 1 pm–12 am; Thursday: 1 pm–12 am; Friday: 1 pm–12 am,,,,,,,
VEROIA restaurant,Add missing information,Bus ticket agency,4.2,6,"Pierion 155, Veria 591 32, Greece",Veria,,,,40.510305,22.2164952,,"[""https://lh3.googleusercontent.com/a-/ALV-UjXWsRkINo8dDUFvZM9bQ_uWifvIYWNiUNg2KInQJHwwZxS4hb5dLA=w1200-h800"", ""https://lh3.googleusercontent.com/a-/ALV-UjXAYDmSbt_RMbA1w87f-ReA8nSQvuwGkF-utqh8ChaV8-9mKu4=w1200-h800"", ""https://lh3.googleusercontent.com/a-/ALV-UjX4JmQiAgsL369nrhuIL8NV2zZDCueJQaojDP3Xqb9CoDgIbdsE=w1200-h800"", ""https://lh3.googleusercontent.com/gps-cs-s/AC9h4npYmE6lWAMumOL6jMBPOthYkyKwpp4YXNUH-o24KEdG1XOIen8IOOwPl1KYcTm9PryPIvMTxZhBPgmvJaR0L4Ynd3fqRJveg5KseGGbvvHS3Lvs251Upb9VAg2gc-Fen_lPrPSJ=w1200-h800"", ""https://lh3.googleusercontent.com/gps-cs-s/AC9h4nq6c34Q5FG2lkW7fnUlnmZdTBD0sw3lLKOrjpv6TadrUEOqzyp01qtLHbAoMkA_pGkbcbq8ATowmCiYsfc3U32dGXEsZAE5rsDl-bMy7-ndU_TblUsD5yG-XzFCNW7wA2uYIw8C=w1200-h800"", ""https://lh3.googleusercontent.com/gps-cs-s/AC9h4nrFc9a5A2mx72f_GeWKOWaiwE7fJ_uhuYHUcuQyqHVrgrXvNf23cDsXuq2pv6T9aSjBuET-GkrHwgYXRRwNbI5VvxSDCTjwIyBwPcGQN6iik3NEiYt0N-Ud8jc-tYU4SfgLS9ZfZg=w1200-h800""]",https://www.google.com/maps/place/%CE%92%CE%95%CE%A1%CE%9F%CE%99%CE%91+restaurant/data=!4m7!3m6!1s0x13578d26a28a6489:0xa629220db407f328!8m2!3d40.510305!4d22.2164952!16s%2Fg%2F11q4m2tmp3!19sChIJiWSKoiaNVxMRKPMHtA0iKaY?authuser=0&hl=en&rclk=1,2025-09-06T12:20:33.181279,,,,,,,,
Psitopoleio o Tasos,Add missing information,Chophouse restaurant,4.9,7,"Meg. Alexandrou 54, Veria 591 32, Greece",Veria,+30 2331 064664,,,40.5255398,22.2058696,,"[""https://lh3.googleusercontent.com/gps-cs-s/AC9h4noCgW01xozOgJ3Z8eYVFadRg0HwEXcD0aLhbYsKlTlc1W1fCshifBecoK3SiFU178hfcSjTQk2Xkecx4EFJMwUyAts8O8Tv_HrsyXjGoE90L3nr04yV3ivyrmywPHswO-SyPY9d=w1200-h800"", ""https://lh3.googleusercontent.com/a-/ALV-UjV2qBBnLVF4UjbgpBYpjf5ls_17cjdSQl1nbleLG1XTx0hq4Q5BGg=w1200-h800"", ""https://lh3.googleusercontent.com/a/ACg8ocK7uswsFKh0nijbtKN0WrncUBu7z5Dwd0JeNGVAWjzGjY5U4g=w1200-h800"", ""https://lh3.googleusercontent.com/a/ACg8ocJVSJ7og0PBTYrK_cd8_mUfpJfjLy0rGUG2_BHWgcZxTk8t6Q=w1200-h800"", ""https://lh3.googleusercontent.com/gps-cs-s/AC9h4nq4fyO20yOz2PoY3lphAtRGf0cyGv3z3kIJMa5BEEvbM5wG468eo6U1F5heL_K-_vKh9Je-9Ugsn3Skm-ChO9zYqZ-w2EiDtSZV8g5HJ688B3suhR7VWC5AzJmZtDugVhFCwec=w1200-h800"", ""https://lh3.googleusercontent.com/p/AF1QipNp9E-H2MRijcNvTUXHjhwQEgAwG6uqCm_frPeZ=w1200-h800"", ""https://lh3.googleusercontent.com/gps-cs-s/AC9h4nq_1NSUZbC0ZxIy1ubHY71EWnmdldlreZZ0uLfUiIoWB4hocbxxUAYZCkVNMFkiaWQbPXwDqXVMz9dWYdnOrZem0Lg9zfwc9xHOAEc2G8gSvtt_GOxSnsS1fPrOsld8DbltN3P6=w1200-h800"", ""https://lh3.googleusercontent.com/gps-cs-s/AC9h4nrDYI7TOY4a6IRMPxVW6_6tvZ7U7aXoZP_K-L_8t1RYGFqmpbwAcJKvqFKsRmzQOji6ELtYoOfgc2cbTQxCjLFBkr1kNIBc7rbhtwLkME8h37IVQVJGxeDd-4nqRTV0nrVLLJrQRQ=w1200-h800"", ""https://lh3.googleusercontent.com/p/AF1QipPnwhYd-OukPe71E_AczcyenHCJI-AMLDXO8vjG=w1200-h800""]",https://www.google.com/maps/place/%CE%A8%CE%B7%CF%84%CE%BF%CF%80%CF%89%CE%BB%CE%B5%CE%AF%CE%BF+%CE%BF+%CE%A4%CE%AC%CF%83%CE%BF%CF%82/data=!4m7!3m6!1s0x1357936ad7486d6f:0x332a611ea2dbfe78!8m2!3d40.5255398!4d22.2058696!16s%2Fg%2F11j00n97q2!19sChIJb21I12qTVxMReP7boh5hKjM?authuser=0&hl=en&rclk=1,2025-09-06T12:20:48.409012,,,,,,,,
Pizza Venezia,Add missing information,Pizza restaurant,4.9,36,"Sofokleous 9, Veria 591 32, Greece",Veria,+30 2331 060202,,,40.5273935,22.1967246,,"[""https://lh3.googleusercontent.com/gps-cs-s/AC9h4nqc0asxjk_x8inQ09PIF80VZukzxOtfaCO652s8XY6JBa3g1qfYC9pNbUY7DrnaGHFaFIPzjpe0WqTqL4nLZBNyLBD1wonKWJj-M_VYGGeWcmKuLzMGK87jGYIv86o41Qu35o-fAA=w1200-h800"", ""https://lh3.googleusercontent.com/gps-cs-s/AC9h4nqQ3j0j0pxyM72MJ5Quv4EV2Je3m7q9Ze7-E5GNJ2wvgycuykzy_8PlutgmttzV2bueTiaW0p_JHnswh9rO9B3V86kQBzBCkY5HD4Os6XuljPKjuSwWrhWTKnca1rGjhqHlUx-MePwQccJL=w1200-h800"", ""https://lh3.googleusercontent.com/gps-cs-s/AC9h4noqbWMy93YTr6l-bUNn2ekSndmD5yWcm8L_RcxTvp1NPIEh_YJAFQdvaTIkgKRaQiAEWW1yOsR4DxKw5M-9kETFk2gKfHKNFwwFzXZGPZPrhxuHTs-XeHBA4LXEhNvzwILe87qaXg=w1200-h800"", ""https://lh3.googleusercontent.com/gps-cs-s/AC9h4nq3yy4o7146-OIIu4-HEMEETMDSBysvv4pemFL2bPCitBYtWmsnNJ_mIkO1N2urjwdDUF2eHYM9yN54wJ_vE5WKKB7OO6wQOfoI4Knakr-ojo_-pbhaPTPnoupBJff5L1gK7CEq=w1200-h800"", ""https://lh3.googleusercontent.com/gps-cs-s/AC9h4noXhWRm-2lvUg5-bnU2fOl5KlO8wJmR9s-zZj6oy7LVMw1Q8fetIpGWJEMzZqaR7vHiz3Ua__ZwD-UdfRi7w4wZeSvwm1EN2kCQUckPdpC7WwMB_1-asRzroHbUA0hhLrrFdxfo=w1200-h800"", ""https://lh3.googleusercontent.com/gps-cs-s/AC9h4norm8IRgpu8nPzk7yp6zDpLBJS9Xy5OV01-5P0zxMrID-gQ7k9NBPSka2L6MigmU7FbV0wdjz4Q_FzJ_j_ClhRAettbBAcSI3H2i9Z7sNKdvroNTnhu6LkIrdMbCTUD2KxRlpi1NiufFSXj=w1200-h800"", ""https://lh3.googleusercontent.com/a-/ALV-UjUkR08fOrc8qquHm9WFQ_d70hSTj4pPrzrh_IIQFI7v4DL1XWmmeg=w1200-h800"", ""https://lh3.googleusercontent.com/a/ACg8ocIiNxkWbo2vHUhaNyxuENhiyz3mACCkjrAKAL19jZLqDJUh1w=w1200-h800"", ""https://lh3.googleusercontent.com/a/ACg8ocIozzyPC_Ywpz-LSqojAjBTSI1UBLRKdNa730txzE3THCCsog=w1200-h800"", ""https://lh3.googleusercontent.com/proxy/4rxyO2jidHm78uYKS47G4z2aCSovnN0-1AlMlc0v3LAU0zGSXMtTdWBcgcxQ8l2SZSY2aSV5Jae9ak11QRrzEwsdTZidp4buqWHku-NJgQ0iYeBYTz8lBuFQ6v2B08LX4_FTlwmKCK4Hk_BHxTy7iM_UqM2HRZA=w1200-h800""]",https://www.google.com/maps/place/Pizza+Venezia/data=!4m7!3m6!1s0x1357935571ff284d:0x53901f61fbec0c16!8m2!3d40.5273935!4d22.1967246!16s%2Fg%2F11smqskw_q!19sChIJTSj_cVWTVxMRFgzs-2EfkFM?authuser=0&hl=en&rclk=1,2025-09-06T12:21:04.167269,Saturday: 4–11 pm; Sunday: 4–11 pm; Monday: 4–11 pm; Tuesday: Closed; Wednesday: 4–11 pm; Thursday: 4–11 pm; Friday: 4–11 pm,,,,,,,
Ven54 Pizza,Add missing information,Pizza restaurant,4.3,241,"El. Venizelou 54, Veria 591 32, Greece",Veria,+30 2331 020054,,,40.5275587,22.203051,,"[""https://lh3.googleusercontent.com/gps-proxy/ALd4DhGrfPtl_hVB5sQ4v4YlE_S1CWXEKawoGcz80ChtIF0R5yPqXhcWOEtid7m9xdGLBEteSwZpJdZY8Fbt1a7QNHCddz3JYU871R9UbtkesoscWFI4cVDQ3svn61517YMNJkP07sLLYFdIOCIx6RTbxsTZDOFJwGRxjZumtnq0WxCIg2oKZrdWHht1uQ=w1200-h800"", ""https://lh3.googleusercontent.com/gps-cs-s/AC9h4nrNqbUlOLiy10k_YaN58oLzSIwdZjc8KGr9e7TVyfWwpp2im0T7S05fd9zzuAcyqEnNB6hENr7UEu8GdLARgOfmTc0uH3FU-4lnY0-dyHYojwSXhQpwzEwUd3r9mJ5pcVoLfrPdTw=w1200-h800"", ""https://lh3.googleusercontent.com/gps-cs-s/AC9h4noSLZSXzw9Fp5Lj4nSpP_z_d66i3C7sWWhwUw_ILxhGSxOjMt0_IzvP3CXkC7mauz43t66wljaoc1T5EJMzoNBJ7R4yUuWa-Tl5v4JbDHq_R18I4L1JyYIt1pcz5wig6I3CPF4M=w1200-h800"", ""https://lh3.googleusercontent.com/gps-cs-s/AC9h4npexIcAXoscpwdbXWXeZ93DNY9IlGxiRqQdeyGlqQWELmqIkWGhDNHoZF-FF1MWbEHVA6sW5nzrEG5XtG43HwRUprnSpnUGpHWpPeL8PPNwEnQuUgOgx_8KFP4aZCcVJGA6P-qf=w1200-h800"", ""https://lh3.googleusercontent.com/gps-cs-s/AC9h4npNfXjO-p9Dmcsp87jIXSkQXWrq7ila7KH0EzvD1ssCSlzXRA-henhjLdfupqchYnzvboiD0k3Kx1YP5o-PlLM4quhirHkdnyR_wBHPpyZdgXeHnlaDWvg4jHCdym6zrIx5Mx-tRw=w1200-h800"", ""https://lh3.googleusercontent.com/gps-cs-s/AC9h4npQ_q4C_fnLHYg0jWtrualOjF59cGXpLpHty9uR-SafVA4hYmaZljRrI6mIFfJD8VQoE__K41_xIZPULqNALnzU--Fww6IaG5-pVZQpjHm0iTHHfkxtyWmfNEjhwPrWITj6QqSM=w1200-h800"", ""https://lh3.googleusercontent.com/gps-cs-s/AC9h4npr3J9Zqyjw9bmLSiISKfBH_DHSyccoqiRccwBCDLBEoJVQ-s39q-EgDGgytYKvzqR9KQC5W5BB5B2C2tlukNvNtbK7eZE5mtyCmH_W9gSoXLXLbur7SxQrBm9V1VMMO_IlOFA=w1200-h800"", ""https://lh3.googleusercontent.com/gps-cs-s/AC9h4nqOBL6bfQ0JF7WtDdtsD-JUjwa48oEu_JDjrGp5JCpcsE7nEZkB6rQyiyF0HWe4J30N04lU8srgfaCCEXeWUTVBEwinNj8HtWs9vOWFIU-dAaXLB5Nwq73LTkd0Cj3aOv_abIZF=w1200-h800"", ""https://lh3.googleusercontent.com/a/ACg8ocIShK2hSK0MJ6UFgF4uskickjXYCeg7cKtfbaQaFhOfiAwRVg=w1200-h800"", ""https://lh3.googleusercontent.com/a/ACg8ocJi911v_prsbmicLXuJaSQT-HnMoIbxqaTFTkj1IrZ3JfIKTA=w1200-h800""]",https://www.google.com/maps/place/Ven54+Pizza/data=!4m7!3m6!1s0x135793811dcbf3cd:0xba99679febc4da0f!8m2!3d40.5275587!4d22.203051!16s%2Fg%2F11gm7d18d1!19sChIJzfPLHYGTVxMRD9rE659nmbo?authuser=0&hl=en&rclk=1,2025-09-06T12:21:23.340679,Saturday: 1 pm–12:30 am; Sunday: 1 pm–12:30 am; Monday: 1 pm–12:30 am; Tuesday: 1 pm–12:30 am; Wednesday: 1 pm–12:30 am; Thursday: 1 pm–12:30 am; Friday: 1 pm–12:30 am,,,,,,,
“Kapparis” Kafeneio,Add missing information,Small plates restaurant,4.3,41,"Merkouriou Karakosti 1, Veria 591 32, Greece",Veria,+30 2331 023160,,,40.5248718,22.2073338,,"[""https://lh3.googleusercontent.com/p/AF1QipMIhSi0BIfbkx24WiM22QW2Pu7udyymg9HpGVhN=w1200-h800"", ""https://lh3.googleusercontent.com/gps-cs-s/AC9h4nqgQ0Fh7sArsc3x3r01bSI9FPXj3KL4r93xMmD9PLc6FhR9hV_wrsLMDCSQDOtEdsmdc3-_-3YHEb0249Zm0W1aWLp8dCVDm2Wrj7FZy6qZkJ8srEw1PQsGi3JlU_JGvReI6y_p0w=w1200-h800"", ""https://lh3.googleusercontent.com/gps-cs-s/AC9h4nqTOKeZJgP0yv7cuFVPddvLHYRG2OqgIVDOixujJ8Dc6fAyFSUx7uoMuzzwPLDrVDM2AmqHf6FF95_3HpRhTpCkrwg81-LdJajQiumo06eiVilh13G4nzf1lHEWB1AiXB6J5StJ=w1200-h800"", ""https://lh3.googleusercontent.com/gps-cs-s/AC9h4nroQmQJSm0thn6dFjBJN6r3bqd-iywFTGBO380rz8H9WJ6SUbta2TnhbQ8Ok8LGObHak3cKN3zEmlwTRZa-_7wMub3D8oxHf_vVwbChq9nRBU2BOekUFeDnn5GKnS0Tp1IQ8oJOPlsLG5J-=w1200-h800"", ""https://lh3.googleusercontent.com/p/AF1QipMuIORAVbwtgzsSiWBjcZcO0pfplxPKg-50XNCY=w1200-h800"", ""https://lh3.googleusercontent.com/gps-cs-s/AC9h4nq8ikOKRaBWSpE0sLriWTV7VRzu54PMgw52cvuoQ2a1PFIAwf7lqRAILnzMGjonh9kDHMo4bhnp_qGdZGKIenHRbCK0Hchtjk7ItJRaEGKz22cFBYiNC89PvlK9fqZUBxShHUAoaA=w1200-h800"", ""https://lh3.googleusercontent.com/p/AF1QipOwaYW9vroWEpu_uVIfy98n8dGEwswL_RhZlYIw=w1200-h800"", ""https://lh3.googleusercontent.com/a-/ALV-UjVXyIp60f95ftjc2nw_xIOLR-GgLUQMmE5X_0M9IrBgXFhtvSAE=w1200-h800"", ""https://lh3.googleusercontent.com/a-/ALV-UjWcTbD6CNtDAI6UhkR6tZ512zciO2rd4jFk5lxrCefl_X-FGhJzNg=w1200-h800"", ""https://lh3.googleusercontent.com/a/ACg8ocIZ1bELKQTIhPdV-qW0VPxxd2TDBZt0R72ZxNE2XNHAyNVDaoc=w1200-h800""]",https://www.google.com/maps/place/%E2%80%9C%CE%9A%CE%AC%CF%80%CF%80%CE%B1%CF%81%CE%B9%CF%82%E2%80%9D+%CE%9A%CE%B1%CF%86%CE%B5%CE%BD%CE%B5%CE%AF%CE%BF/data=!4m7!3m6!1s0x1357937f269f5de1:0x3434d06a51add958!8m2!3d40.5248718!4d22.2073338!16s%2Fg%2F11kqsd9fjy!19sChIJ4V2fJn-TVxMRWNmtUWrQNDQ?authuser=0&hl=en&rclk=1,2025-09-06T12:21:42.953513,Saturday: 5 pm–1 am; Sunday: 1 pm–1 am; Monday: 5 pm–1 am; Tuesday: 5 pm–1 am; Wednesday: 5 pm–1 am; Thursday: 5 pm–1 am; Friday: 5 pm–1 am,,,,,,,
“O Tsolias” Papanastasioy Konstantinos,Add missing information,Gyro restaurant,4.0,285,"Kentrikis 125, Veria 591 32, Greece",Veria,+30 2331 074521,,,40.5252205,22.2028096,,"[""https://lh3.googleusercontent.com/p/AF1QipNp9E-H2MRijcNvTUXHjhwQEgAwG6uqCm_frPeZ=w1200-h800"", ""https://lh3.googleusercontent.com/gps-cs-s/AC9h4nqAVlOZiinZJVILKngdNrYpNdne4ftWK_jj0QX_i3ziyjrPTWHJwSFYaDQi0e7AEeThas-Kfpqo-cP7v9JePxEitWXc0iWTbiLkJNpk2Hv0O0pZZgL15hCK1T4K2APJf6sN9fj6=w1200-h800"", ""https://lh3.googleusercontent.com/gps-cs-s/AC9h4nrTmaA3rftxwOh6YXjA4aicY7XmA-CfZAvp-rU49C1Ymv7wKyOMkn3FUCM5SjI-v42Q0qzXEymyEfg-efLnXS3d64NmCGqr3KrtM40m38qwSfdczJqjp464ehL98Tq26b_-AWgQ=w1200-h800"", ""https://lh3.googleusercontent.com/gps-cs-s/AC9h4npJeUeuIpCqvBOeRKe38M8i8ytsPe7Mp2fWNvOy2rl1h3iavMVJEnswJoKTi4PPPln2dvXKxEeQSNb28wagCymbuMEWP6Efqweijpi1lKTmjQxazWs9oay98v-HwMhluCgl47T_=w1200-h800"", ""https://lh3.googleusercontent.com/p/AF1QipPcSbJYvaYQLTZD3sRXa7xhLJzaH2oi2nKWGpCv=w1200-h800"", ""https://lh3.googleusercontent.com/gps-cs-s/AC9h4nq6apRLUI4Lu1wgYqo8Jabvh-xC3OfFv5h8ksbmXQnzLuJxIYd4tHDP4mNqfbi5jWSjjd_JZov-l83C2XOhWOspv1xLwMtyeqmUPk5tVC0iLQjZwL-d1fRZrtP8pMCwj-IpBsSeL5Pt_Vo=w1200-h800"", ""https://lh3.googleusercontent.com/p/AF1QipOP56PufAeQUppML5qw_yD34XiwD17S5MNLzuBT=w1200-h800"", ""https://lh3.googleusercontent.com/p/AF1QipOo-zHELUe8tOhulWTC_3RGnGlzNttTfmhRk9h9=w1200-h800"", ""https://lh3.googleusercontent.com/a-/ALV-UjUOtVaFR4-dCQvtL5Z2gFop4C5oBzQfeW8cFikUyV-aw8kyxUz7=w1200-h800"", ""https://lh3.googleusercontent.com/a-/ALV-UjV89YfoHVa7AQ7R7s5V4MprzJeUgkeGP77hS9nn5ajsdN4cXlJrPQ=w1200-h800""]",https://www.google.com/maps/place/%E2%80%9C%CE%9F+%CE%A4%CF%83%CE%BF%CE%BB%CE%B9%CE%AC%CF%82%E2%80%9D+%CE%A0%CE%B1%CF%80%CE%B1%CE%BD%CE%B1%CF%83%CF%84%CE%B1%CF%83%CE%AF%CE%BF%CF%85+%CE%9A%CF%89%CE%BD%CF%83%CF%84%CE%B1%CE%BD%CF%84%CE%AF%CE%BD%CE%BF%CF%82/data=!4m7!3m6!1s0x1357929ab4593bf1:0x1c6c39b082e7dbb9!8m2!3d40.5252205!4d22.2028096!16s%2Fg%2F11dz2vv3y0!19sChIJ8TtZtJqSVxMRudvngrA5bBw?authuser=0&hl=en&rclk=1,2025-09-06T12:22:19.494153,Saturday: 12 pm–12 am; Sunday: 12 pm–12 am; Monday: 12 pm–12 am; Tuesday: 12 pm–12 am; Wednesday: 12 pm–12 am; Thursday: 12 pm–12 am; Friday: 12 pm–12 am,,,,,,,
Krepoúlēs,Κρεπούλης,Creperie,4.1,217,"Davaki 1, Veria 591 32, Greece",Veria,+30 2331 504753,,,40.5227874,22.2066981,,"[""https://lh3.googleusercontent.com/gps-cs-s/AC9h4nqJ4zPSDa8WRE1dTUDDflXU7fg6L4cVgOElFme4d5X4oDaBDH1Tz5GOvo_UPnUjH_Mo-LYLoPj51m0eFfXbrryDHVigSves4-d54GG0piVkJdvEeEcp1-TufvAetwiebr912OfX=w1200-h800"", ""https://lh3.googleusercontent.com/gps-cs-s/AC9h4np-wPoSrSgEZQ-RI9N-syiHmthXWjFqvv0PPNWVOhr2LMEK8jWZrPTzNhPdceeUpr8vS3Kxysiqf7eS06mUHNOXFODwufUw1l1EOi5SK6h-_OjgNybdFQXAAAL8UcjjVTZLm8ET=w1200-h800"", ""https://lh3.googleusercontent.com/p/AF1QipNxy-tlXRU7H7LDlZ3Bqjw-iWVRBEsomdHHX-S1=w1200-h800"", ""https://lh3.googleusercontent.com/gps-cs-s/AC9h4no7KmOyaUfsiDEYQLhvR0N6oRuzMbqiBcHFaEXiiTboAdE8a3u9rVDz9qIQq863nwpEkBU5k8ShtfwXUFCy1TE_kp_behqomkchPe4HIaS3QzlJbF71cOkdIUBbPg1s9Z0IOpHU=w1200-h800"", ""https://lh3.googleusercontent.com/gps-cs-s/AC9h4nppiyuQgj036pVUR32ikDgo4I0SOusz9XRZX14-GAq5cAD_kk9z7UgNBNZrw6PSAZDnrOi-BwC--wu-ur7t4a6WdSlcus49LL9yrzC7auhle8iWe8ZWzb9qLznmx2smBRTp26w=w1200-h800"", ""https://lh3.googleusercontent.com/p/AF1QipMDMUKX2w6p2GM61-Kjez1yPIZVjSn5WPb7NxwT=w1200-h800"", ""https://lh3.googleusercontent.com/a-/ALV-UjWTVgmSEXab5ejHBDbAHl4QHsyBZq6AXJEqskajeBTerQxx-1w6=w1200-h800"", ""https://lh3.googleusercontent.com/a/ACg8ocJIwRwr-nRdodtrF8A0dEniBNOKuHZl0HtZYqAuZWV_LVbCEQ=w1200-h800"", ""https://lh3.googleusercontent.com/a-/ALV-UjW15xMC8rofUZyeNP5sCEFAu9iw1sMZ1vVgNG8kvhNJIs1_uziA3A=w1200-h800"", ""https://lh3.googleusercontent.com/gps-cs-s/AC9h4npHNOtfBbHQJ-LbcBJVYT4jbK0b5BVrHqCd1PFZb_IKqNH8oqQmbCAutZqE-Dbumj9RKdr233QPUZGDajsMmbEP0GWOQREL7xmBYF0hvoOVB0pc2MclFpwEOvNmiu_ZAh1brYjKPA=w1200-h800""]",https://www.google.com/maps/place/Krepo%C3%BAl%C4%93s/data=!4m7!3m6!1s0x1357929bb466e4e7:0x43f227fdde987df9!8m2!3d40.5227874!4d22.2066981!16s%2Fg%2F11g7_hm9d4!19sChIJ5-RmtJuSVxMR-X2Y3v0n8kM?authuser=0&hl=en&rclk=1,2025-09-06T12:22:33.014577,Saturday: 5 pm–2 am; Sunday: 5:30 pm–2 am; Monday: 5 pm–2 am; Tuesday: 5 pm–2 am; Wednesday: 5 pm–2 am; Thursday: 5 pm–2 am; Friday: 5 pm–2 am,,,,,,,
SPECIAL CAFE Zagaris,"""Special Zagaris""",Pastry shop,4.5,476,"Sampsountos 1, Veria 591 32, Greece",Veria,+30 2331 025700,special.com.gr,,40.5101897,22.2161439,,"[""https://lh3.googleusercontent.com/p/AF1QipNGuVpxcd2kNifyiyJ_sJIclAJ6LIZV2BhIfE_X=w1200-h800"", ""https://lh3.googleusercontent.com/gps-cs-s/AC9h4npUxKlbHG-btbbpDVngMSiM9d6bhOnvwYLR-wLruaUwV5-zRiv3Q6sQBZ-YQB_X3M1E2HCAN3cmKc9J6DA0HcSXYR6-Ihj_hWjGLR35ExuO0P88DNrcETwtsi8yhkonyiGy6Wou=w1200-h800"", ""https://lh3.googleusercontent.com/gps-cs-s/AC9h4nrArwrGk-onBvM6J6upNoAV3v8w-8lQiTdGzG0RLXD0yIgKs5BflqA6xHfxawRidIff66X7rhSbUkBbUCE4P1F0TUvSsMfoptl1HKvoSk49Auzzqysnk0fxT6Kc488GhxGynpxB=w1200-h800"", ""https://lh3.googleusercontent.com/gps-cs-s/AC9h4nrUvrwXF4R5EK1Q-xL7yOw5d6hMW7VWCyhCOWcJyM0a3u4AnwYXCFsgTcueKOzbIXlIuqbLzVS4KsDO91eOSL23_aLmVDh0GAz7QN_6yOg5doJ2nv7A1wfA_nyiVWbN5HkgHsIS=w1200-h800"", ""https://lh3.googleusercontent.com/gps-cs-s/AC9h4noFJAPVKIxzn7-ni5WV82OuYQsnFCInhRtAYC11gMDylNu1D2pUwpMooka8cwgGv7moYNrhXwTfTVQqopJf2H0OteEwg3qljjnYRCegfXmda-_ysBNhJ4EzibQkBXsoHQEbJasmNh0n31w=w1200-h800"", ""https://lh3.googleusercontent.com/gps-cs-s/AC9h4npUK0d5reKljWi4S3CRzlfAEFqkq9Rxm1kR93W0YLcq5AQNXuweTus-PKemDslyUTJeYgjART5wyftww8O_RcjoB137-mlrvc49YXY5TiniYski1rYbHZ5a3XLMpyOy30ia42g=w1200-h800"", ""https://lh3.googleusercontent.com/p/AF1QipMExJ0BPRxoukhSblfkoa97nC_TGuheh4I8cgF1=w1200-h800"", ""https://lh3.googleusercontent.com/gps-cs-s/AC9h4nrIFtRVM6dC2zhutlMMy02z5DzsdcXoroCVEr48LHGeUgJAzqK7Sro-dibMc14aB1Lvezwu-m9kw5KQbD8pJ7CLvHfjyCQ4vNVBBcEsqqwJ6h7TgiCfowmgusxdwUFq7PDKfrHm=w1200-h800"", ""https://lh3.googleusercontent.com/p/AF1QipNU6w78biHj-mwVGWCXVsiR0-S3J3m98cQaI_dB=w1200-h800"", ""https://lh3.googleusercontent.com/gps-cs-s/AC9h4np_EXb4FuewwBpiyEzg2IMyi1rXRAFV1llQN9aOsgoKLnsQP2lWSgB-D3ODg54huYeMSObYXAsugALomJDrSb8-FTzA36a0FrDThKF-pZXt4QqZiMbRENj9AuJU7VBnuYP-8EnG=w1200-h800""]",https://www.google.com/maps/place/SPECIAL+CAFE+Zagaris/data=!4m7!3m6!1s0x13578d5e40252ad3:0x49573e285b02a879!8m2!3d40.5101897!4d22.2161439!16s%2Fg%2F11f3nkqrlj!19sChIJ0yolQF6NVxMReagCWyg-V0k?authuser=0&hl=en&rclk=1,2025-09-06T12:23:07.831909,Saturday: 5:30 am–10 pm; Sunday: 5:30 am–10 pm; Monday: 5:30 am–10 pm; Tuesday: 5:30 am–10 pm; Wednesday: 5:30 am–10 pm; Thursday: 5:30 am–10 pm; Friday: 5:30 am–10 pm,,,,,,,
“Pizza Italiano & Pasta” KARAGIOUVANNIS APOSTOLOS,Add missing information,Pizza restaurant,4.4,72,"Trempesínas 5, Veria 591 32, Greece",Veria,+30 2331 065188,,,40.5271317,22.2041685,,"[""https://lh3.googleusercontent.com/p/AF1QipNY8fyq5goO2LiiKm4rjaHlMc2dQVmXAMfhq5Xg=w1200-h800"", ""https://lh3.googleusercontent.com/gps-cs-s/AC9h4npc9ZMTKxG0Z6qDkdK8UT0GyA1ghSDGNFngEReL7Wf4KaypZjId5FHM67Arz5H1jQBH0DQJRMwDEviqCtKi8hEQjHddJJ3HLEIwEC4Boa-Dn7L5RKqhVCI_Fbqfv_h-uKTbTUs9kg=w1200-h800"", ""https://lh3.googleusercontent.com/gps-cs-s/AC9h4nr76vuxpOUs29ToXHc8fG7pQ3feFRdDYSKdJD_Z1fmsgZuoMLJf_vGcxR8n_TzpUVcH4w_RjTNcAJ_qwLId_VuXqc3l2Q8obwEzyD7yd5X-DKAo72usqNbkRj6VGDul9kRAEckJ6g=w1200-h800"", ""https://lh3.googleusercontent.com/gps-cs-s/AC9h4nq_6uq_83gCEOGKrq_FYdaiSgYcc8LCxcMyYuYAsHSuvlGLNliGKon9EWFygF06Oj1yvXdFFeJ8ZyZqYtj4mhG-cjZJNqF3CBs0TNlmIZ0PtKAlRYUUFoRDiDirZLnkUFBIP8PE-g=w1200-h800"", ""https://lh3.googleusercontent.com/gps-cs-s/AC9h4nqS2Z040yw0m-9qVyvT070azOsJY-smmcYZESX73JYZagqWYL2AVdVzoQd53OvtFIdTwgQZo0MhsDz9KOoY6evtSryr3N_t_PRh4QebuxnhGjAtln91xrOQery-qMaUPjzvI5N37A=w1200-h800"", ""https://lh3.googleusercontent.com/gps-cs-s/AC9h4nrTEMnRuasf1E5qgcR4mNnexCwCgRzb0uFaQ5RDjU2mGV4yLhm-k1vX78wa-T1M8kb8Q8TsbPU5ryteEsnJAqW-5spUxwvW9UmoAPRb7my0AWCg5Zd5kzQbIcMkjxIsSJHMliG5=w1200-h800"", ""https://lh3.googleusercontent.com/gps-cs-s/AC9h4noRt0SQt_wyEtLr3pO11rmY6-DPk6M_BPqCca0QDCPorNeJgtA-JHHPN1Ono8apj6aLMs-Zd-lvWzGYX8UkNe8x9xhNXRgu7nhaPjFd2KXrNm0J6aQTVsInOT0vmTnJ403w1HgB=w1200-h800"", ""https://lh3.googleusercontent.com/p/AF1QipPnpVVLt2K_JJ6Jtit6ZcIQKQhr1MoyJNK3ERDR=w1200-h800"", ""https://lh3.googleusercontent.com/a-/ALV-UjXwXT9RVm5lwvfRgc-HaHmf7FKKks5u4r4j6q4X61eStoe2gZ0_=w1200-h800"", ""https://lh3.googleusercontent.com/a-/ALV-UjVhFfW5p2j714PxQ1wvic9pnHsRZ-t3oNxhQiAZkG7JH6TR_e4j=w1200-h800""]",https://www.google.com/maps/place/%E2%80%9CPizza+Italiano+%26+Pasta%E2%80%9D+KARAGIOUVANNIS+APOSTOLOS/data=!4m7!3m6!1s0x1357935f7c6af085:0xf2f96b282ffdc9cd!8m2!3d40.5271317!4d22.2041685!16s%2Fg%2F11g21qxh5s!19sChIJhfBqfF-TVxMRzcn9Lyhr-fI?authuser=0&hl=en&rclk=1,2025-09-06T12:23:26.278958,Saturday: 12:30 pm–12:15 am; Sunday: 12:30 pm–12:15 am; Monday: 12:30 pm–12:30 am; Tuesday: 12:30 pm–12:15 am; Wednesday: 12:30 pm–12:15 am; Thursday: 12:30 pm–12:15 am; Friday: 12 pm–12:15 am,,,,,,,
Sto Steki,Add missing information,Small plates restaurant,4.9,103,"Tripotamos 591 32, Greece",Veria,+30 2331 076499,,,40.4931436,22.1794648,,"[""https://lh3.googleusercontent.com/p/AF1QipP_eUnE7INdowwihUuuems9JLmMA0nRK-fDR7MA=w1200-h800"", ""https://lh3.googleusercontent.com/p/AF1QipPm0wn9ZTYRaH9fVZhKiRadcy78xD3NYmCzI9rg=w1200-h800"", ""https://lh3.googleusercontent.com/gps-cs-s/AC9h4nq_zWitoSyFm8qi92D_s_daF739C0A1HgRPDFYm0Qo6eUsUGI6w5QxChM0jssx4bxpbC3QXh35TuLr_uw-OjMYPsXaKGCdHYpge0IQbuG4zJaq_RCT9_xSurYiPjfohkKIWcGyn=w1200-h800"", ""https://lh3.googleusercontent.com/gps-cs-s/AC9h4nrNIbWDGmyhxDZKk3JUzIHRqo7Y8BygmusWuyMFlAq8HW36p0L7TInj-7kcWGzDZyKW-vIBUQq2mVndm3Zj4L3diRxzOrsKF7UjfT5wBbCepR7i6oZXvGRtydJ4kcbHHK1qgrEX=w1200-h800"", ""https://lh3.googleusercontent.com/gps-cs-s/AC9h4noAl8jasigYSJJ8lQtY03w04DgB3AUVqUOlHoQTfdzQmGmNZPEZfaI6vxMMJNYkB0RYw42H-WhW6VJM0js2-2PFKSoLpIxf3lHCQvtFd9OJkzxZSQMgc7bMZktqRLrBVHynC9qXWOUivKM=w1200-h800"", ""https://lh3.googleusercontent.com/p/AF1QipNc_hHKXUcMXESuz71amjtFBd6lOiBj7ainltFW=w1200-h800"", ""https://lh3.googleusercontent.com/gps-cs-s/AC9h4npRW24UAK7jrOCjmPWlf8Ko-y7_3hj9QY_19AU0skmD1mCGFaa2F7mXgdsKAoZTECb6yVHCYawGWSmPyP2xFpY9AORYw0GLs3S7TuB9ZatjHCYTe4rdR1Cd4TGXRrnc7jPobn-ZtA=w1200-h800"", ""https://lh3.googleusercontent.com/p/AF1QipOdliPZNAMAyytFQHtbc28ZiWVBCxpUt5anK-Mh=w1200-h800"", ""https://lh3.googleusercontent.com/p/AF1QipML_1qRSPWzgnuGzl2xnfAh2LvFDJ7DoZErTG_a=w1200-h800"", ""https://lh3.googleusercontent.com/a/ACg8ocJbYAIzxIVAsZywYwcWuD7aQttOkQMKS3wdPXFpIw7iTUlaNg=w1200-h800""]",https://www.google.com/maps/place/%CE%A3%CF%84%CE%BF+%CE%A3%CF%84%CE%AD%CE%BA%CE%B9/data=!4m7!3m6!1s0x13578dff73430587:0xabe7aecee75928dc!8m2!3d40.4931436!4d22.1794648!16s%2Fg%2F11vwz53c_d!19sChIJhwVDc_-NVxMR3ChZ586u56s?authuser=0&hl=en&rclk=1,2025-09-06T12:23:43.949463,Saturday: 7 am–11:30 pm; Sunday: 7 am–11:30 pm; Monday: 7 am–11:30 pm; Tuesday: 7 am–11:30 pm; Wednesday: 7 am–11:30 pm; Thursday: 7 am–11:30 pm; Friday: 7 am–11:30 pm,,,,,,,
Goody's Burger House,Popular times,Fast food restaurant,4.4,990,"Mitropoleos 48, Veria 591 32, Greece",Veria,+30 2331 029583,goodys.com,,40.5231647,22.2046451,,"[""https://lh3.googleusercontent.com/gps-cs-s/AC9h4nrVQz8gJHBkBIsiAiyDdcz8igWpHInz_Y8AUZkD0eLd-QWX83bDn7avw7ivex3bW44jvVNWXKoMFHY4HrF4xi75_p7jg0HV6nAwj-QsV_pYioUdJJkpqnhAcySChuiP43RSq3BX=w1200-h800"", ""https://lh3.googleusercontent.com/gps-cs-s/AC9h4nr9EWy19pW27PamYaf_aUBHeNkGurlfgbVGIcBU8cfVMmZ21gedSeHh7P8zs2u22rAwNKjIkIzEFkSdsn57I1lxP8eBFomV48AUyApihvmISZDwOJW6ENYm5Fc2X8x1QM8qWDkfHA=w1200-h800"", ""https://lh3.googleusercontent.com/gps-cs-s/AC9h4np1fdYBLCbbtJUBg8k6plBdX0QhntBxc3F4XX5ZU1d4mVQ1cQb9tunkRTjtXa7MgVM6oJTFtY9gzYtuBgwgRLtK6ilbTtC8gWEXuV04v7KoTbtIxT-TG2fq9PDxVlL1PT6IRZyU=w1200-h800"", ""https://lh3.googleusercontent.com/gps-cs-s/AC9h4nr3F02VXb7oVy0cq396_1WGJ_iJtaRiiy_muYhu5B5uC34pk-QI0ffYNUFOUGIS35mEfCoMWqjAY65KVV_Ayq1NNF_gTwY2W0A05vXh9-nU6mYkI4djY9kqN3nFSNKSYkdr19LC_Q=w1200-h800"", ""https://lh3.googleusercontent.com/gps-cs-s/AC9h4noVjyUEWHgwLqrdDje8nEq1_WGvxv3HFsRfszfEMG-8L8EfQwQkmjWYpp56srAuRpSRw8XKc-Cq0CMjAOWrzFGAvIn5DxRdAYQPVevSFPPYYmorgW2AY-MT4XwzIY8o7no3zoI33Q=w1200-h800"", ""https://lh3.googleusercontent.com/gps-cs-s/AC9h4no3d9rzmsuZClRPKJGmfmolOLdHNykJV5UJ1pA3s74y21ZK8u__0aEpPhqYn0aU02O-M2oWWWbkXRSFYbPkeJyVKFuh1Vu91W90UAPVY4-xJWQ_ZdpSUdzzeFpjXcb1lWfW1c5K4A=w1200-h800"", ""https://lh3.googleusercontent.com/gps-cs-s/AC9h4npDDKNmwYJKuP2H6YBM10sYLPzuxWi2aISJCcq5Fa1vHwSUqqtGw8WzcNDnyh2emkAds0v1sytuT9HhaNohxwOqJj13lfLCSh9or2ci5j6yfl4YEzvx5kOhN7_AzX_T2UO66SbyhA=w1200-h800"", ""https://lh3.googleusercontent.com/gps-cs-s/AC9h4npPuWZsNtTMhzPEIp1jLLOXkKku_aNloQwy_nmxOi6HBKwKLJvDGVJph4vLom1MubGBRnVs0C7TDgUyF3OLCl5sHDZbI5kpn0-Ysk2NfSELzB32Lz7q4Mj6bhgOWtLPea7mYxzcng=w1200-h800"", ""https://lh3.googleusercontent.com/gps-cs-s/AC9h4nqPDIexkdRJvBcwdQwrc9KF1DIPig8yB4SiVJvsKmlJXSyKAkiRH0HHFu_ZkfMwt8rTn_RdVvRWzoInvj82yvKneRgDGEqh1OzoXOpRrFRZSTIzZJ0TdcI6tUwqwWh7H3MUUmcnHxd8lGcV=w1200-h800"", ""https://lh3.googleusercontent.com/p/AF1QipMBJZilREZMqM-RX4nDywwjDWs8UoLnlgxZQjWH=w1200-h800""]",https://www.google.com/maps/place/Goody%27s+Burger+House/data=!4m7!3m6!1s0x13579283046e9911:0x23d5d35e5483a7c!8m2!3d40.5231647!4d22.2046451!16s%2Fg%2F1262nfgs4!19sChIJEZluBIOSVxMRfDpI5TVdPQI?authuser=0&hl=en&rclk=1,2025-09-06T12:23:59.544856,Saturday: 12 pm–12 am; Sunday: 12 pm–12 am; Monday: 12 pm–12 am; Tuesday: 12 pm–12 am; Wednesday: 12 pm–12 am; Thursday: 12 pm–12 am; Friday: 12 pm–12 am,,,,,,,
MPOUKIA TO GO VERIA,Popular times,Takeaway,3.7,3,"Pierion 46, Veria 591 32, Greece",Veria,+30 693 225 4124,box.gr,,40.5174436,22.2060111,,"[""https://lh3.googleusercontent.com/gps-proxy/ALd4DhGQE9oF0iCnhqWeTZ5WfrFGv64Qx1sxHvzIO8ceo4Gzh6IxwhtF1MtCnhqTmFFk3S_pCAKEwQXWPcULYFOdQ88qwkS58zEcXx38i7MPNCezLIi_KAc3_eTrT_nJU3edJzp2HKRY-i3pTBREkkMMOl8DF0M-bhX3E8wdMSgSTCKuYXLADtePzZRN=w1200-h800"", ""https://lh3.googleusercontent.com/gps-cs-s/AC9h4noY-faVDiMoIxSxJXZQ4SozWxcB5Dw5bfWssSbiYL2oppE_ht3KxDjjvCJkDy_KGnCCCSQP2_4hmOfbJqNfDeGCt9gQFnAA2Dig0LDGpo1PXA_i9R7fPy4ejY-tHWTma2t_QBA=w1200-h800"", ""https://lh3.googleusercontent.com/gps-cs-s/AC9h4no9M1ywqb9pdzEwVBszSVQm2Krq7rjCKIwIB_LwzLUsx26T_2UXnEOwCVLnceCeoA3IXOlnVDPaptghiqcM_j9N7HFU2sRZBRm-cHVEsQa4zlJ0TWXOTZ8Jw2ZZ6IzNdo9QnJkz=w1200-h800"", ""https://lh3.googleusercontent.com/p/AF1QipM_dSC3LuTSXChADoKoh295aBH3aaJ-Lx4-QrBw=w1200-h800"", ""https://lh3.googleusercontent.com/a-/ALV-UjU8oairQf2uW7zLhEOF7EdDuIzLkIlNrDla3EmTH6PA_C5-XANk=w1200-h800"", ""https://lh3.googleusercontent.com/a/ACg8ocL1vUJdSTCL1kR1AuwbgqsAIwXRrWIEL-cXVM2jm_tnhLVZYg=w1200-h800"", ""https://lh3.googleusercontent.com/a-/ALV-UjUGhp8jVpFhozUjtf39rBBXmEuiIekemQ_OAIsxGZuFPZnuHKGJbQ=w1200-h800"", ""https://lh3.googleusercontent.com/gps-cs-s/AC9h4nq5VRMwL6l3-L_6DkP5WNf--qxaJ7tAKD6WNJaCtoplhEzJR1j2SJato4pbI7dzQ_-olUxMIhh0jnpsIi5lZ2VAZ0eJjEg9sMKIRUiz_rIQAm030M5w1dHxj3siHvCEkMJwKTb2=w1200-h800"", ""https://lh3.googleusercontent.com/p/AF1QipO99YdYDRvyiVSvq-Pn2soYF7FyYYayXYDxT6HX=w1200-h800"", ""https://lh3.googleusercontent.com/gps-cs-s/AC9h4nrcwKIwYg1HI81jTIy6qiz13_bgIBfSziX_U0rTuley4nyEhJ9QOgByhUXv0Jo3NniIEjyYj7H2xAqo855hI9Qewcdfc-jPZy3Uyj4gcA3ON1Dsxk9accon2x2Q7RgIZIzx8fBn3g=w1200-h800""]",https://www.google.com/maps/place/MPOUKIA+TO+GO+VERIA/data=!4m7!3m6!1s0x1357937aab015333:0x5fccd03a8a574dec!8m2!3d40.5174436!4d22.2060111!16s%2Fg%2F11lysptcrf!19sChIJM1MBq3qTVxMR7E1XijrQzF8?authuser=0&hl=en&rclk=1,2025-09-06T12:24:17.713408,Saturday: 10 am–11:15 pm; Sunday: 12 am–11:30 pm; Monday: 4–11:30 pm; Tuesday: 4–11:30 pm; Wednesday: 4–11:30 pm; Thursday: 4–11:30 pm; Friday: 12 am–11:30 pm,,,,,,,
THOMAS CATERING,Photos and videos,Event Planning Service,4.5,32,"Xenofontos 18, Veria 591 32, Greece",Veria,+30 2331 020038,thomascatering.gr,info@thomascatering.gr,40.532758,22.2033188,"[""https://www.facebook.com/thomascateringg""]","[""https://lh3.googleusercontent.com/p/AF1QipPkQYvTn2Bs0Ei9dmmo0DoZDQvaf4-lCmWcSBmH=w1200-h800"", ""https://lh3.googleusercontent.com/gps-cs-s/AC9h4nrJ_ZTHY656kGF6gt0zWh1iIqgq7AR5EllrjyyVBpWXjKzdKHsEYyjjtw5ELY9jgtQW7MJ4PQjMPUxoWoa9GSVKm5rkYv6yruzlkBJKihRyOE1kb6VrToe9k8xWhKX0D7bh0YjO=w1200-h800"", ""https://lh3.googleusercontent.com/a-/ALV-UjXLQU7ZtmytRL-vXM0LXqZaEMDDtrxqfdIFh9UqUTs71aOUbp5A=w1200-h800"", ""https://lh3.googleusercontent.com/a/ACg8ocJztlW_nLzviPeLK2NlvNInlGJ1sqmflpbKz4B6bCL9UQ4IqA=w1200-h800"", ""https://lh3.googleusercontent.com/a/ACg8ocKdJduqyeVFf75eLzNsRYhMmdVKVgeFFDklaBLJSEy-imTo2g=w1200-h800"", ""https://lh3.googleusercontent.com/p/AF1QipPiI6LiLGpgXHLO12ItZXQjJxnnpCfNBMIb6y-v=w1200-h800"", ""https://lh3.googleusercontent.com/p/AF1QipNz29lPOf51UL9Wpgmt3xqFwRw9ob3eepMK7vYB=w1200-h800"", ""https://lh3.googleusercontent.com/gps-cs-s/AC9h4npSVHx9u69yOzUJSKmiyQO-h3Z8g8vjaR_Sae-WBoDvymDng_tHcgL8mw89Wg-R7IRI9jG3e0lmlciMCTlWRrlsT3nztFoda2ndJsKDRjQd_3Tmdq6uY6JPP3iDlX7BSpT3h3N_iEXw0aU7=w1200-h800"", ""https://lh3.googleusercontent.com/gps-cs-s/AC9h4nrjZTgSy86gEfjEAM3lfzYuTBCX6mJOC5Nke86oU16A1gvilTxZQiknyQYGF3u88hPvbxzHSp0cBSieoN4QLx6EqfGPy6LkZO3KARXhKPZdcZ33d-_oEDdk_C3ckgf5eL5ntTkD=w1200-h800""]",https://www.google.com/maps/place/THOMAS+CATERING/data=!4m7!3m6!1s0x135793ba58fe2ab9:0xa5594cedcf425be4!8m2!3d40.532758!4d22.2033188!16s%2Fg%2F11p13xj5wf!19sChIJuSr-WLqTVxMR5FtCz-1MWaU?authuser=0&hl=en&rclk=1,2025-09-06T12:24:31.990791,"Saturday: 9 am–5 pm; Sunday: Closed; Monday: 9 am–2 pm
5–9 pm; Tuesday: 9 am–2 pm
5–9 pm; Wednesday: 9 am–2 pm
5–9 pm; Thursday: 9 am–2 pm
5–9 pm; Friday: 9 am–2 pm
5–9 pm",,info@thomascatering.gr,https://www.facebook.com/thomascateringg,https://instagram.com/thomas_catering_,,,
Ey zin,Add missing information,Small plates restaurant,4.0,0,"Karatasou 27, Veria 591 32, Greece",Veria,,,,40.5278336,22.2030948,,"[""https://lh3.googleusercontent.com/gps-cs-s/AC9h4nqmPUFJ3f883hw4tr-Z__HJFJcJ88MNJlnPJ78XD5eRgcS3RCoNSqNjV0sWJz_5O-c-yLUce0ZNEqmBk3t43N4BWVZW2yRZ4rFRMOXR37pFX7DBbMHCawmctvPGCO9fKK3DLPS4=w1200-h800"", ""https://lh3.googleusercontent.com/gps-cs-s/AC9h4nqxyknaZAfbZCu9pPRhgP_A36bJhArwkc7ymhjLzqM8CA0ZDqi0j5Kiw22wAfx1m9NldGJsSksvQStftiuLl-nEoE_3m6lgcb3vuGY001qH10PkQU8K0U3BBCgE_wonSRUfbno=w1200-h800"", ""https://lh3.googleusercontent.com/a-/ALV-UjWV6QVu4Jgua_adTLSaFsjn5uIpTpawUheSgQrAkvYseyMSUK0=w1200-h800"", ""https://lh3.googleusercontent.com/gps-cs-s/AC9h4npQlyorAO7msPZ64tw8sTTh2dVuzJ420ndXeaA2tQC-Y6_sghxPoJzCjVGjS6cjDoSp1dtKtfqjKm-FUxcUPa0nhx94cT4HucNzSgWinJ0uaMp45wQwhrgsU9b3W0-qasfKDQs=w1200-h800"", ""https://lh3.googleusercontent.com/gps-cs-s/AC9h4npnD4AOj-HljFAy4LoK6F9jwPgQ6PIDEPfp83QNbHWIIig70vIRxCdvXBH8YiQyIttjc9ukHBGdxIV-TbeedOxVw9EWP9enzHYPtyJlL4J-mOKdYM2q1bQxb_jGttkDe4ytHYI6FA=w1200-h800"", ""https://lh3.googleusercontent.com/p/AF1QipMF40HNlmstYi0oN4gDXsCuW1IFaolxuitbRJdM=w1200-h800""]",https://www.google.com/maps/place/%CE%95%CF%85+%CE%B6%CE%B7%CE%BD/data=!4m7!3m6!1s0x135793b9a4b2b6df:0x93b71e49a29329f!8m2!3d40.5278336!4d22.2030948!16s%2Fg%2F11pcsfl1ds!19sChIJ37aypLmTVxMRnzIpmuRxOwk?authuser=0&hl=en&rclk=1,2025-09-06T12:25:04.184521,,,,,,,,
Estiatorio Veroia,Add missing information,Restaurant,3.3,46,"Pierion 195, Veria 591 32, Greece",Veria,+30 2331 075170,,,40.5103083,22.2164955,,"[""https://lh3.googleusercontent.com/a-/ALV-UjU1rPhpFSUFFebFowigNkcBYa5YLzhV6AwfRObGt6Ztn-TipQpv=w1200-h800"", ""https://lh3.googleusercontent.com/a/ACg8ocKkVo5lcCC-0PbCmNbCJzJaYujtx1QJ9yshPt1C1fnQDnlojJ_Q=w1200-h800"", ""https://lh3.googleusercontent.com/a-/ALV-UjWlPrZuZdoLUjdRUU6IWZrQncK2e6NZ38I9GkMqEi2KHZdwZx6y=w1200-h800"", ""https://lh3.googleusercontent.com/gps-cs-s/AC9h4nqRF3-AbGtv_XT1MsEn-ihncO4f2wijE_IKRHjANon2aR1wnbCzgZqqowW1S3lz4p0IC3-IfNU1ZHAYAwHVpAz4iSmVPt0nDH61uXP1F-8mEjpYAO_2OyaIdQgCOPhCgADJ_Xlbqg=w1200-h800"", ""https://lh3.googleusercontent.com/p/AF1QipPy6jHCwZPPCHrsADXl7HRjh5VpZ5Z60rwPzp93=w1200-h800"", ""https://lh3.googleusercontent.com/gps-cs-s/AC9h4nq37LATroqVxH5WQ3LYXEB_fjqDlE7MJ7l6aWVYzD46zy7YhA3k99kO-QralgjccvtTlJ3EK-nFuADBq6P0aPyQoi8TXiC4WIBrBWG34YvJ7BiMl8zvwm_dWyHEsQv4didRv8q-Fg=w1200-h800""]",https://www.google.com/maps/place/%CE%95%CF%83%CF%84%CE%B9%CE%B1%CF%84%CF%8C%CF%81%CE%B9%CE%BF+%CE%92%CE%AD%CF%81%CE%BF%CE%B9%CE%B1/data=!4m7!3m6!1s0x13578d5e426998dd:0xad35dabddc840a6a!8m2!3d40.5103083!4d22.2164955!16s%2Fg%2F11b76tw2p3!19sChIJ3ZhpQl6NVxMRagqE3L3aNa0?authuser=0&hl=en&rclk=1,2025-09-06T12:25:18.713876,Saturday: 8:30 am–9:30 pm; Sunday: 8:30 am–9:30 pm; Monday: 6:30 am–10 pm; Tuesday: 6:30 am–10 pm; Wednesday: 6:30 am–10 pm; Thursday: 6:30 am–10 pm; Friday: 6:30 am–10 pm,,,,,,,
“Pizza Gigas Jordani” Iordanidis Panagiotis,Popular times,Pizza restaurant,4.0,166,"Karatasou 22, Veria 591 32, Greece",Veria,+30 2331 063002,,,40.5278979,22.2029222,"[""https://www.facebook.com/jordani.veria.1/""]","[""https://lh3.googleusercontent.com/p/AF1QipOG3pdgZyyQn8L4XPVuxjmxjbxDDejb-Oy8U-oW=w1200-h800"", ""https://lh3.googleusercontent.com/gps-cs-s/AC9h4nq9lw4ti7PvqG-srzrVY4yLexln4utx3o1vimu6ptBTM3BEz1G8HScrXj34_-cJI6kqezfgWWPOZKOf2TCJlyV8fYD1QV0eMIvzfrCGAxHjnYNUUQWa6JRo2SJz7AywNM2JPTRi=w1200-h800"", ""https://lh3.googleusercontent.com/gps-cs-s/AC9h4nodYH3Nxl78Gnz9UKRIR1ZB2Bznj-79vTOLcuhq94kZH9Vlkjx7mhBnW6ss9ZXDQvD7bQ0RlwGtZPoqjokN90fDB19DPR0bMkA6zbzJbMzCmCXHzgu3dZqI1fsMIyogrCqWLsTU=w1200-h800"", ""https://lh3.googleusercontent.com/gps-cs-s/AC9h4nqlSHW9IOuX883neddk-ezfuGtSFz9ALb0tY785Posi6jyODq4TA_Vtxn-LXtIDbJZ1vdf3jjDhh26rKVCIzJsYlY23dmswz8HNEi69dRRRB8eftLmjokwhZYpcH9MfAe3cakh2=w1200-h800"", ""https://lh3.googleusercontent.com/p/AF1QipNFHuzS2MFy3l2yjp0F4HoXO7vztdhnazTxi0J_=w1200-h800"", ""https://lh3.googleusercontent.com/p/AF1QipOoIF_TjraCeu_ViZiHd7QfyJ2Z0L7DteLFWNSM=w1200-h800"", ""https://lh3.googleusercontent.com/p/AF1QipNGUfwlcobdp-wYNFto02wYpJ7WWtjxPNZCJ0Zn=w1200-h800"", ""https://lh3.googleusercontent.com/a-/ALV-UjU2_n8Mp4S7eaDwxMr3UvOhp1YKDfgc9_L8bdRzRJlfqP5IiR1U=w1200-h800"", ""https://lh3.googleusercontent.com/a/ACg8ocJNYghNOZr40UE5MEJ_cAmrUFsUtGA0Q2XAck9SA92gzkLDBA=w1200-h800"", ""https://lh3.googleusercontent.com/a/ACg8ocKa5bBslBp0VtQSodoiFCKniBeq1GoNT4Knpy26zj1Mn4kBPQ=w1200-h800""]",https://www.google.com/maps/place/%E2%80%9CPizza+%CE%93%CE%AF%CE%B3%CE%B1%CF%82+Jordani%E2%80%9D+%CE%99%CE%BF%CF%81%CE%B4%CE%B1%CE%BD%CE%AF%CE%B4%CE%B7%CF%82+%CE%A0%CE%B1%CE%BD%CE%B1%CE%B3%CE%B9%CF%8E%CF%84%CE%B7%CF%82/data=!4m7!3m6!1s0x135792902fd68b9b:0xa66a91ebc8358f1c!8m2!3d40.5278979!4d22.2029222!16s%2Fg%2F11bzrvmc8s!19sChIJm4vWL5CSVxMRHI81yOuRaqY?authuser=0&hl=en&rclk=1,2025-09-06T12:25:36.214869,Saturday: 12 pm–12 am; Sunday: 12 pm–12 am; Monday: 12 pm–12 am; Tuesday: 12 pm–12 am; Wednesday: 12 pm–12 am; Thursday: 12 pm–12 am; Friday: 12 pm–12 am,,,https://www.facebook.com/jordani.veria.1/,,,,
Sta Kala Kathoymena Veroia,Add missing information,Restaurant,4.8,25,"Paradosiaki Synoikia Makariotissas, Kontogeorgaki 18, Veria 591 32, Greece",Veria,+30 698 604 6110,,,40.5226173,22.2055466,"[""https://www.facebook.com/stakala.kathoumena""]","[""https://lh3.googleusercontent.com/p/AF1QipPnkdbhLemzuP37L7shyF3c1l6fGIC2JdxWjzFa=w1200-h800"", ""https://lh3.googleusercontent.com/gps-cs-s/AC9h4nrXMFcB2EAjZrjL6JXsWAU6PxgKITCykZ15V0koC2I6AOLmCwL20MRtQAHAcepOpT7wFCvwK_vjyt4I0SkCp3JYYMD8bPMsJN73yAXSjNlBdCsmJND1isUEckEpDeRTQc3a7RI2Iw=w1200-h800"", ""https://lh3.googleusercontent.com/gps-cs-s/AC9h4nrjIXXQQHAL1lNwUC7hfLa8RyRnPmnzhDMNluTdlxg36vFzr-Q2nZ8VlrHEvkUxfqVD7hmov6pJz_36Lc_3oP56kwnkzM-ShvyMNMQ-X61cbIvxXmkKtp_vo65-baOx2Dv3fLRW0w=w1200-h800"", ""https://lh3.googleusercontent.com/gps-cs-s/AC9h4noc2-2YsL58M8CKqkqEaG43iCYfH0zICBrJSMx5Qp9VNsbny26JlYzrJhqYVxJ2JDO6vJBkcU9AfsaphY83EtECeicAnfReOaS3bKRxY-DHqdkrN5-G0S2TPX_pF6hSlrqm_oGA=w1200-h800"", ""https://lh3.googleusercontent.com/p/AF1QipMKkaSYbR5Dziy35J9TXNB4W9fN7HIGU1Fn1qMc=w1200-h800"", ""https://lh3.googleusercontent.com/p/AF1QipPOkPo4eMwb4fahYoWzW8qf9qUtFOaGOPF3bzbI=w1200-h800"", ""https://lh3.googleusercontent.com/p/AF1QipMJZUpa2otVyvP6bk-WT9k6G-BcxQV5HXnRQ7oV=w1200-h800"", ""https://lh3.googleusercontent.com/gps-cs-s/AC9h4nrgIVoI-4_YXJyXT1_RhMEbz7s0G21nSn-a29TuSNhEnWMX24YWlgI8ctNxbN7jskvXtlCQfWNIKGvsBbhWQBkWQfPxSvT53cw4clBPM3rQimcAk5hpHAZ5NpYeE9QFtyWAB6In=w1200-h800"", ""https://lh3.googleusercontent.com/gps-cs-s/AC9h4nr0UCI2NOAymqNV5YG4Q9pejI-mxSvI4MDGHdWjNXSJFk4_8tSprwOC4nSZkPklBKIFohysPQZc1_KMdeGju2yy6CMrObWCW-X-aDXDaQ5IfHh74xhf_vrcdvgXv79whfi6TicsIw=w1200-h800"", ""https://lh3.googleusercontent.com/p/AF1QipPZKbpHULG9GlktleDlQ_ZVwhLk-ouoEtsBPchz=w1200-h800""]",https://www.google.com/maps/place/%CE%A3%CF%84%CE%B1+%CE%9A%CE%B1%CE%BB%CE%AC+%CE%9A%CE%B1%CE%B8%CE%BF%CF%8D%CE%BC%CE%B5%CE%BD%CE%B1+%CE%92%CE%AD%CF%81%CE%BF%CE%B9%CE%B1/data=!4m7!3m6!1s0x1357929b07e16c99:0x92ac29a9e7152056!8m2!3d40.5226173!4d22.2055466!16s%2Fg%2F11ggl6psrm!19sChIJmWzhB5uSVxMRViAV56kprJI?authuser=0&hl=en&rclk=1,2025-09-06T12:26:05.654493,,,,https://www.facebook.com/stakala.kathoumena,,,,
Psitopoleio o Christos,Add missing information,Chophouse restaurant,4.9,59,"Emmanoyil Zachoy, Iras 11, Veria 591 32, Greece",Veria,+30 2331 025705,,,40.5267735,22.2055179,,"[""https://lh3.googleusercontent.com/gps-cs-s/AC9h4npfrEWIlIR8ya5ON8UPlbZNsMn5wNDmhIbF5LJm1giZjkcf5oNkZ2WYqTUg7N3Th4ppfnwTeRqJn7oc-P-FiewktDdHys5nfRlpC7GNzhMFJ3x-Y5PAOESYdq9Rd7fkJ8GreebR=w1200-h800"", ""https://lh3.googleusercontent.com/gps-cs-s/AC9h4nqZYZdJh-hqlI5GaqcRnJhDGRuUTl-meSnhql2UdeqidUPXgaKBVC4sVTewgERyE5B8mt1d_MSV0zC9khIqWWo4buzfPbm1J8fudkPw-Mu6LWM2ydvj19MgsOGu1YPyvkxwluYQ=w1200-h800"", ""https://lh3.googleusercontent.com/gps-cs-s/AC9h4nqBCnklaSZmzysC0CofpDIgAH7rWFCYcOGoUt9w8a2bN5lFbJq_Np87_zXpOG-6ppKUshqsndeBljfCnZ34HZFWbyT7vjp-QHokyXrbd9YYvSLLfjAWx26DP2TSzejQM0GSgV7g=w1200-h800"", ""https://lh3.googleusercontent.com/a-/ALV-UjXoJrXtefAdr0OW5T-eMOLrTKq_RKN7zn1dvLqnMID3_HQSSuI=w1200-h800"", ""https://lh3.googleusercontent.com/a/ACg8ocJBPERcCTo0MS2KXzQNL2p2LvAkdYuEAi6Xva1aDem3TKaTfQ=w1200-h800"", ""https://lh3.googleusercontent.com/a/ACg8ocI0wxl-5JEvV90yQnTh59k-IIKZ7v-1V2tZMg8SWrYvkc7SlQ=w1200-h800"", ""https://lh3.googleusercontent.com/gps-cs-s/AC9h4noIcdGgidH9XcjYZrTAmqXwG0aDBabOu8M5ZL2h0W4ut-a27sEKptGUDemc7YOYPdK3bj85KU7SjvAZ7OZ1TF9Z6nbWLokZcccHkoEW6-jetXUtaLgi3U8AFvay2w0gQ7BfnWyR9A=w1200-h800"", ""https://lh3.googleusercontent.com/p/AF1QipOWeaOKyY41otEqvMhi1aZmevdWGZN4iL7S_nn_=w1200-h800"", ""https://lh3.googleusercontent.com/p/AF1QipP_Va86a-RV3_N_XYfGK3MxhAqd6-DQ-JC07MxH=w1200-h800"", ""https://lh6.googleusercontent.com/proxy/z4vgtIW3X9ikx8OOvgI-oFxliaNz5XQrwmRDCqVAa4i7f0eEfD-JzSa66r2pBdlloTs4PdpGEyoHpd6v5r-C5XDjRAg3LO7b6TNibPF3wmOj9V3J8OfQTKjGrhCj58jGSRyU2izdf0wnnqzfzKGNGM1w1fDq5Q=w1200-h800""]",https://www.google.com/maps/place/%CE%A8%CE%B7%CF%84%CE%BF%CF%80%CF%89%CE%BB%CE%B5%CE%AF%CE%BF+%CE%BF+%CE%A7%CF%81%CE%AE%CF%83%CF%84%CE%BF%CF%82/data=!4m7!3m6!1s0x135792906023b46b:0x73f3feb31280fcce!8m2!3d40.5267735!4d22.2055179!16s%2Fg%2F11dz3tfy3v!19sChIJa7QjYJCSVxMRzvyAErP-83M?authuser=0&hl=en&rclk=1,2025-09-06T12:26:21.082035,,,,,,,,
Akropoli - Restaurant & Music Hall,Add missing information,Restaurant,4.5,353,"Terpsichoris 30, Veria 591 32, Greece",Veria,+30 2331 071590,,,40.5092894,22.2061466,"[""https://m.facebook.com/akropoliveria""]","[""https://lh3.googleusercontent.com/gps-cs-s/AC9h4nrR-61iyuEpyq5u_5VDbaFuB4-oZENJy79cmHuWpYeem6Vd4Tjfp_9Y_Whpffw9eEalr7xqg9zeJqQlZn7Wxx2uS2PkCPbyiD3VmvfQ3oOIjiQGXj4eIk0yTnVLBRuZc5bQfwCTwA=w1200-h800"", ""https://lh3.googleusercontent.com/gps-cs-s/AC9h4np7M4QygJZlmRopTXdqp58xOZVxU8Bvhbg3MD8Gmy_8L2V3maei64fnMcFWGcJg505SQSuUx9o4WQmlBj3ZfHUwd_x8iTqSCoqOfLAmHslx7L8CHh-WooiPq7F-dK0D5oKQmqXTmA=w1200-h800"", ""https://lh3.googleusercontent.com/gps-cs-s/AC9h4nqXFKPo4wtXL6g4IBq8Xx6T2MKU30N_wFyow1Z7_MGHhlDzwA6PIwaaMXfE00zQ2PCaPQP3YmBfARb8L3AWwXUEoe_bM8KYT57zwy2Y9kCLvgTuOscjOxEWFmJn4O1Wx5keQ6FK=w1200-h800"", ""https://lh3.googleusercontent.com/gps-cs-s/AC9h4nqUCI2H0SvLLfcemu9VYph-AbbZ_5tBfLdEDV2oKSuCpOe61dbsqQJwRwf1_AkBBucAXl_fHnMOf8YatYvZYgDVRFn6KBJgc6cZjLMOSTAQ2yDOz_r5OGbtKU9QSAINphwNsYo=w1200-h800"", ""https://lh3.googleusercontent.com/gps-cs-s/AC9h4npDU4THwGKhqSaYJ4Olch-6U0hoxn4SzuRCdbakPIk2zgl1TLZUpG25OBO0L7MiRbzBSveEv4DAdcpvulAs-BR0svJhBm0uYYgQDJtayq0sDMc6k7etcHWSr1HIp8pot-l8G_bq=w1200-h800"", ""https://lh3.googleusercontent.com/gps-cs-s/AC9h4nqccwUiNisWKgUQ3hJOWPPEHLfygrQfCFMT-Pyss1JpD8KQDQEjFDJCdeU7-sM6dyjoxlS6nUNa-kQ_urn8yj-g0jzcDHwO1LCId682f-_xeq-hn7kGadBnNbq3piACQa5SgrGW=w1200-h800"", ""https://lh3.googleusercontent.com/gps-cs-s/AC9h4nokwNlLhMA0vs8HVeGaoGhhffCjjRFJj_jKCnt4gQUqhH1z_G6r0u4CxmB8fLdbfI-Bdm4rm8LMO0WoTkAytM6RdhEuYGiiY8cfDEpRHDGdk4oxpnqCJ2MhSIUC-e4iTtaKnrUCpg=w1200-h800"", ""https://lh3.googleusercontent.com/a/ACg8ocJbYAIzxIVAsZywYwcWuD7aQttOkQMKS3wdPXFpIw7iTUlaNg=w1200-h800"", ""https://lh3.googleusercontent.com/a-/ALV-UjXm7oJcjx7ExjQ-JujHcJjhS2ZtNqnZDRzuZ5RSgbcHscMrs7x-=w1200-h800"", ""https://lh3.googleusercontent.com/a/ACg8ocJxAsiycO6HPsUlqfmi7HYtaFUCNXFLGRyb_WUyQJe9ZwxhUA=w1200-h800""]",https://www.google.com/maps/place/%CE%91%CE%BA%CF%81%CF%8C%CF%80%CE%BF%CE%BB%CE%B7+-+Restaurant+%26+Music+Hall/data=!4m7!3m6!1s0x13578d90e215a1b5:0x875f79e523930e55!8m2!3d40.5092894!4d22.2061466!16s%2Fg%2F11gmdzvj4_!19sChIJtaEV4pCNVxMRVQ6TI-V5X4c?authuser=0&hl=en&rclk=1,2025-09-06T12:26:37.692802,,,,https://m.facebook.com/akropoliveria,,,,
“I Psaropoyla” Tertivanidis,,Restaurant,4.7,860,,Veria,+302331060199.0,,,40.5280914,22.2059917,,,,,,,,https://facebook.com/%ce%a8%ce%b1%cf%81%ce%bf%cf%84%ce%b1%ce%b2%ce%ad%cf%81%ce%bd%ce%b1-%ce%9f%cf%85%ce%b6%ce%b5%cf%81%ce%af-%ce%97-%ce%a8%ce%b1%cf%81%ce%bf%cf%80%ce%bf%cf%8d%ce%bb%ce%b1-1679363615623490,,,,
Bistrot 49,,Restaurant,4.5,593,"Kentrikis 111, Veria 591 32, Greece",Veria,+302331066665.0,,,40.5247788,22.200282,,,,,,,,https://facebook.com/pages/category/restaurant/bistro-49-%ce%92%ce%ad%cf%81%ce%bf%ce%b9%ce%b1-900266943476095,,,,
“VEZYRIS” Nikolaidis P. Grigorios,,Chophouse restaurant,4.9,55,"Thermopilwn 18, Veria 591 32, Greece",Veria,+302331308510.0,,,40.5250319,22.1953567,,,,,,,,,,,,
Lukumi,,Chophouse restaurant,5.0,18,"Mitropoleos 29, Veria 591 32, Greece",Veria,,,,40.521691,22.1997878,,,,,,,,,,,,
Giannis Center,,Fast food,4.3,898,,Veria,+302331025170.0,https://m.facebook.com/giannis.grill,,40.5216905,"22.192063,",,,,,,,,https://facebook.com/giannis.grill,,,,
Roma Pizza,,Pizza,4.6,331,"Mitropoleos 15, Veria 591 32, Greece",Veria,,,,40.5209487,22.1965084,,,,,,,,,,,,
TO KAFE TIS KLEOPATRAS,,Small Plates,3.7,3,"Dimosthenous 28, Veria 591 32, Greece",Veria,+302331061433.0,,,40.5245782,22.1988432,,,,,,,,,,,,
"Tavern ""Babis""",,Restaurant,4.6,"1,134",,Veria,+302331043998.0,,,40.521388,22.0841566,,,,,,,,https://facebook.com/tavernakafempampis,,,,
Pizza Giant Stavros,,Pizza,4.2,69,,Veria,,,,40.5282492,22.1981112,,,,,,,,,,,,
Stou Charatsi,,Greek,4.7,554,,Veria,,,,40.4860444,22.3151379,,,,,,,,,,,,
«To Gefyraki» Kafe - Tsipoyro - Mezes,,Small Plates,,,"Dionisíou Solomoú 1, Veria 591 32, Greece",Veria,,,,40.5211896,22.1989889,,,,,,,,,,,,
Kantina Panagiotis,,Fast food,,,"Stratoi, Veria 591 32, Greece",Veria,,,,40.5290668,22.2061224,,,,,,,,,,,,
